leverage,initial_balance,pos_id,entry_time,entry_price,stop_dist,equity_at_entry,intended_risk_usd,intended_vol,actual_vol,min_lot_loss_usd,actual_risk_usd,actual_risk_pct,risk_distortion,req_margin,is_margin_pass,is_risk_compliant,is_executed_strict_ea
500,500,1,2025-10-01 17:00:00,3871.021,12.46100000000024,500.0,2.5,0.0,0.01,12.46100000000024,12.46100000000024,2.492200000000048,4.984400000000096,7.742042000000001,True,False,False
500,500,2,2025-10-01 17:05:00,3871.078,12.072000000000116,500.0,2.5,0.0,0.01,12.072000000000116,12.072000000000116,2.414400000000023,4.828800000000046,7.742156,True,False,False
500,500,3,2025-10-01 17:10:00,3869.5,10.494000000000142,500.0,2.5,0.0,0.01,10.494000000000142,10.494000000000142,2.098800000000028,4.197600000000056,7.739,True,False,False
500,500,4,2025-10-01 17:15:00,3870.055,11.048999999999978,500.0,2.5,0.0,0.01,11.048999999999978,11.048999999999978,2.209799999999996,4.419599999999991,7.7401100000000005,True,False,False
500,500,5,2025-10-01 17:20:00,3870.367,11.361000000000333,500.0,2.5,0.0,0.01,11.361000000000333,11.361000000000333,2.2722000000000664,4.544400000000133,7.740734000000001,True,False,False
500,500,6,2025-10-01 16:50:00,3870.692,12.132000000000062,500.0,2.5,0.0,0.01,12.132000000000062,12.132000000000062,2.426400000000012,4.852800000000025,7.741384,True,False,False
500,500,7,2025-10-01 16:55:00,3870.031,11.471000000000004,500.0,2.5,0.0,0.01,11.471000000000004,11.471000000000004,2.294200000000001,4.588400000000002,7.740062,True,False,False
500,500,8,2025-10-01 17:25:00,3871.554,12.54800000000023,500.0,2.5,0.0,0.01,12.54800000000023,12.54800000000023,2.509600000000046,5.019200000000092,7.743108,True,False,False
500,500,9,2025-10-02 07:55:00,3866.973,11.833000000000084,500.0,2.5,0.0,0.01,11.833000000000084,11.833000000000084,2.3666000000000165,4.733200000000034,7.7339459999999995,True,False,False
500,500,10,2025-10-02 19:10:00,3856.465,13.01299999999992,500.0,2.5,0.0,0.01,13.01299999999992,13.01299999999992,2.6025999999999843,5.205199999999968,7.71293,True,False,False
500,500,11,2025-10-07 07:30:00,3951.5,11.264000000000124,500.0,2.5,0.0,0.01,11.264000000000124,11.264000000000124,2.2528000000000246,4.505600000000049,7.903,True,False,False
500,500,12,2025-10-07 08:05:00,3944.284,7.747000000000298,500.0,2.5,0.0,0.01,7.747000000000298,7.747000000000298,1.5494000000000596,3.0988000000001192,7.888568,True,False,False
500,500,13,2025-10-07 08:25:00,3953.477,5.572999999999865,500.0,2.5,0.0,0.01,5.572999999999865,5.572999999999865,1.1145999999999732,2.2291999999999463,7.906954000000001,True,False,False
500,500,14,2025-10-07 08:10:00,3945.334,7.644999999999982,500.0,2.5,0.0,0.01,7.644999999999982,7.644999999999982,1.5289999999999964,3.0579999999999927,7.890668,True,False,False
500,500,15,2025-10-07 08:30:00,3950.837,5.780999999999949,500.0,2.5,0.0,0.01,5.780999999999949,5.780999999999949,1.15619999999999,2.31239999999998,7.901674,True,False,False
500,500,16,2025-10-07 08:15:00,3946.581,7.923000000000229,500.0,2.5,0.0,0.01,7.923000000000229,7.923000000000229,1.5846000000000457,3.1692000000000915,7.893162000000001,True,False,False
500,500,17,2025-10-07 08:35:00,3952.128,5.653000000000247,500.0,2.5,0.0,0.01,5.653000000000247,5.653000000000247,1.1306000000000493,2.261200000000099,7.904256,True,False,False
500,500,18,2025-10-07 09:10:00,3954.878,9.125,500.0,2.5,0.0,0.01,9.125,9.125,1.825,3.65,7.909756000000001,True,False,False
500,500,19,2025-10-07 09:15:00,3958.911,13.157999999999902,500.0,2.5,0.0,0.01,13.157999999999902,13.157999999999902,2.6315999999999806,5.26319999999996,7.917822,True,False,False
500,500,20,2025-10-07 09:20:00,3960.314,14.560999999999694,500.0,2.5,0.0,0.01,14.560999999999694,14.560999999999694,2.9121999999999386,5.824399999999878,7.920628,True,False,False
500,500,21,2025-10-07 09:30:00,3958.457,12.703999999999724,500.0,2.5,0.0,0.01,12.703999999999724,12.703999999999724,2.540799999999945,5.08159999999989,7.916914,True,False,False
500,500,22,2025-10-07 12:20:00,3971.234,10.440000000000056,500.0,2.5,0.0,0.01,10.440000000000056,10.440000000000056,2.088000000000011,4.176000000000022,7.942468,True,False,False
500,500,23,2025-10-09 11:30:00,4035.988,13.995000000000346,500.0,2.5,0.0,0.01,13.995000000000346,13.995000000000346,2.799000000000069,5.598000000000138,8.071976,True,False,False
500,500,24,2025-10-10 16:05:00,3996.314,11.875999999999747,500.0,2.5,0.0,0.01,11.875999999999747,11.875999999999747,2.37519999999995,4.750399999999899,7.992628,True,False,False
500,500,25,2025-10-10 16:10:00,3990.343,12.11999999999989,500.0,2.5,0.0,0.01,12.11999999999989,12.11999999999989,2.423999999999978,4.847999999999956,7.9806859999999995,True,False,False
500,500,26,2025-10-10 16:15:00,3990.178,12.350999999999658,500.0,2.5,0.0,0.01,12.350999999999658,12.350999999999658,2.4701999999999313,4.940399999999864,7.980356,True,False,False
500,500,27,2025-10-10 16:30:00,3987.958,11.99499999999989,500.0,2.5,0.0,0.01,11.99499999999989,11.99499999999989,2.3989999999999783,4.7979999999999565,7.975916,True,False,False
500,500,28,2025-10-10 17:05:00,3980.637,9.989000000000033,500.0,2.5,0.0,0.01,9.989000000000033,9.989000000000033,1.9978000000000065,3.995600000000013,7.961274,True,False,False
500,500,29,2025-10-10 17:10:00,3976.393,9.927000000000136,500.0,2.5,0.0,0.01,9.927000000000136,9.927000000000136,1.9854000000000274,3.9708000000000547,7.952786,True,False,False
500,500,30,2025-10-10 17:15:00,3982.356,9.873000000000047,500.0,2.5,0.0,0.01,9.873000000000047,9.873000000000047,1.9746000000000092,3.949200000000019,7.9647120000000005,True,False,False
500,500,31,2025-10-10 17:20:00,3984.195,9.908000000000357,500.0,2.5,0.0,0.01,9.908000000000357,9.908000000000357,1.981600000000071,3.9632000000001426,7.96839,True,False,False
500,500,32,2025-10-10 17:25:00,3986.433,11.083000000000084,500.0,2.5,0.0,0.01,11.083000000000084,11.083000000000084,2.216600000000017,4.433200000000033,7.972866,True,False,False
500,500,33,2025-10-14 12:40:00,4110.78,8.557999999999993,500.0,2.5,0.0,0.01,8.557999999999993,8.557999999999993,1.7115999999999985,3.423199999999997,8.22156,True,False,False
500,500,34,2025-10-14 12:45:00,4109.749,7.527000000000044,500.0,2.5,0.0,0.01,7.527000000000044,7.527000000000044,1.5054000000000087,3.0108000000000175,8.219498,True,False,False
500,500,35,2025-10-14 12:50:00,4109.098,6.876000000000204,500.0,2.5,0.0,0.01,6.876000000000204,6.876000000000204,1.3752000000000408,2.7504000000000817,8.218196,True,False,False
500,500,36,2025-10-14 12:55:00,4107.193,6.79700000000048,500.0,2.5,0.0,0.01,6.79700000000048,6.79700000000048,1.359400000000096,2.718800000000192,8.214386000000001,True,False,False
500,500,37,2025-10-14 18:45:00,4148.603,10.42200000000048,500.0,2.5,0.0,0.01,10.42200000000048,10.42200000000048,2.084400000000096,4.168800000000192,8.297206000000001,True,False,False
500,500,38,2025-10-14 18:50:00,4150.12,7.498999999999796,500.0,2.5,0.0,0.01,7.498999999999796,7.498999999999796,1.4997999999999594,2.9995999999999183,8.30024,True,False,False
500,500,39,2025-10-14 19:00:00,4148.414,5.792999999999665,500.0,2.5,0.0,0.01,5.792999999999665,5.792999999999665,1.158599999999933,2.317199999999866,8.296828,True,False,False
500,500,40,2025-10-14 18:20:00,4144.702,12.57300000000032,500.0,2.5,0.0,0.01,12.57300000000032,12.57300000000032,2.514600000000064,5.029200000000128,8.289404000000001,True,False,False
500,500,41,2025-10-14 18:25:00,4145.715,7.53400000000056,500.0,2.5,0.0,0.01,7.53400000000056,7.53400000000056,1.506800000000112,3.013600000000224,8.29143,True,False,False
500,500,42,2025-10-14 18:30:00,4145.994,7.813000000000102,500.0,2.5,0.0,0.01,7.813000000000102,7.813000000000102,1.5626000000000202,3.125200000000041,8.291988,True,False,False
500,500,43,2025-10-14 18:35:00,4146.169,7.988000000000284,500.0,2.5,0.0,0.01,7.988000000000284,7.988000000000284,1.5976000000000565,3.1952000000001135,8.292337999999999,True,False,False
500,500,44,2025-10-14 18:40:00,4147.361,9.180000000000293,500.0,2.5,0.0,0.01,9.180000000000293,9.180000000000293,1.8360000000000585,3.672000000000117,8.294722,True,False,False
500,500,45,2025-10-14 17:50:00,4145.409,13.279999999999744,500.0,2.5,0.0,0.01,13.279999999999744,13.279999999999744,2.6559999999999486,5.311999999999897,8.290818,True,False,False
500,500,46,2025-10-14 18:10:00,4147.776,15.646999999999936,500.0,2.5,0.0,0.01,15.646999999999936,15.646999999999936,3.129399999999987,6.258799999999974,8.295551999999999,True,False,False
500,500,47,2025-10-14 17:55:00,4146.44,14.310999999999694,500.0,2.5,0.0,0.01,14.310999999999694,14.310999999999694,2.862199999999939,5.724399999999878,8.292879999999998,True,False,False
500,500,48,2025-10-14 19:05:00,4150.698,8.077000000000226,500.0,2.5,0.0,0.01,8.077000000000226,8.077000000000226,1.6154000000000452,3.23080000000009,8.301396,True,False,False
500,500,49,2025-10-24 18:40:00,4110.857,7.041000000000167,500.0,2.5,0.0,0.01,7.041000000000167,7.041000000000167,1.4082000000000334,2.816400000000067,8.221714,True,False,False
500,500,50,2025-10-24 19:15:00,4114.599,6.157999999999447,500.0,2.5,0.0,0.01,6.157999999999447,6.157999999999447,1.2315999999998894,2.463199999999779,8.229198,True,False,False
500,500,51,2025-10-24 19:20:00,4114.238,6.0479999999997744,500.0,2.5,0.0,0.01,6.0479999999997744,6.0479999999997744,1.2095999999999547,2.41919999999991,8.228476,True,False,False
500,500,52,2025-10-27 07:00:00,4078.447,6.885000000000218,500.0,2.5,0.0,0.01,6.885000000000218,6.885000000000218,1.3770000000000437,2.7540000000000875,8.156894,True,False,False
500,500,53,2025-10-27 07:15:00,4071.8,7.097999999999956,500.0,2.5,0.0,0.01,7.097999999999956,7.097999999999956,1.4195999999999913,2.8391999999999826,8.143600000000001,True,False,False
500,500,54,2025-10-27 07:20:00,4073.243,6.853999999999815,500.0,2.5,0.0,0.01,6.853999999999815,6.853999999999815,1.370799999999963,2.7415999999999263,8.146486,True,False,False
500,500,55,2025-10-27 07:25:00,4069.302,6.634000000000015,500.0,2.5,0.0,0.01,6.634000000000015,6.634000000000015,1.326800000000003,2.653600000000006,8.138604,True,False,False
500,500,56,2025-10-27 07:30:00,4068.55,6.945000000000164,500.0,2.5,0.0,0.01,6.945000000000164,6.945000000000164,1.3890000000000327,2.7780000000000653,8.1371,True,False,False
500,500,57,2025-10-27 07:35:00,4070.341,6.971000000000004,500.0,2.5,0.0,0.01,6.971000000000004,6.971000000000004,1.3942000000000005,2.7884000000000015,8.140682,True,False,False
500,500,58,2025-10-27 07:40:00,4068.885,6.786000000000058,500.0,2.5,0.0,0.01,6.786000000000058,6.786000000000058,1.3572000000000117,2.7144000000000235,8.13777,True,False,False
500,500,59,2025-10-31 08:55:00,4007.92,13.197999999999864,500.0,2.5,0.0,0.01,13.197999999999864,13.197999999999864,2.639599999999973,5.279199999999945,8.01584,True,False,False
500,500,60,2025-10-31 12:35:00,4017.99,7.929999999999836,500.0,2.5,0.0,0.01,7.929999999999836,7.929999999999836,1.5859999999999672,3.1719999999999344,8.03598,True,False,False
500,500,61,2025-10-31 12:40:00,4026.362,7.559999999999945,500.0,2.5,0.0,0.01,7.559999999999945,7.559999999999945,1.5119999999999891,3.0239999999999783,8.052724,True,False,False
500,500,62,2025-10-31 13:10:00,4029.406,9.179999999999836,500.0,2.5,0.0,0.01,9.179999999999836,9.179999999999836,1.8359999999999672,3.6719999999999344,8.058812,True,False,False
500,500,63,2025-10-31 13:15:00,4031.385,11.159000000000106,500.0,2.5,0.0,0.01,11.159000000000106,11.159000000000106,2.231800000000021,4.463600000000042,8.06277,True,False,False
500,500,64,2025-10-31 13:20:00,4029.293,9.067000000000007,500.0,2.5,0.0,0.01,9.067000000000007,9.067000000000007,1.8134000000000015,3.626800000000003,8.058586,True,False,False
500,500,65,2025-10-31 13:30:00,4026.923,10.543999999999867,500.0,2.5,0.0,0.01,10.543999999999867,10.543999999999867,2.1087999999999734,4.217599999999947,8.053846,True,False,False
500,500,66,2025-11-03 08:40:00,4014.604,11.189000000000306,500.0,2.5,0.0,0.01,11.189000000000306,11.189000000000306,2.2378000000000613,4.475600000000123,8.029207999999999,True,False,False
500,500,67,2025-11-03 11:35:00,4003.882,6.206000000000131,500.0,2.5,0.0,0.01,6.206000000000131,6.206000000000131,1.241200000000026,2.4824000000000526,8.007764,True,False,False
500,500,68,2025-11-03 11:40:00,4005.091,6.285000000000309,500.0,2.5,0.0,0.01,6.285000000000309,6.285000000000309,1.2570000000000618,2.5140000000001237,8.010182,True,False,False
500,500,69,2025-11-03 11:50:00,4006.819,6.173000000000229,500.0,2.5,0.0,0.01,6.173000000000229,6.173000000000229,1.2346000000000459,2.4692000000000918,8.013638,True,False,False
500,500,70,2025-11-03 14:25:00,4016.449,6.739999999999782,500.0,2.5,0.0,0.01,6.739999999999782,6.739999999999782,1.3479999999999563,2.6959999999999127,8.032898000000001,True,False,False
500,500,71,2025-11-06 14:25:00,3995.276,13.692000000000007,500.0,2.5,0.0,0.01,13.692000000000007,13.692000000000007,2.7384000000000017,5.4768000000000026,7.990552,True,False,False
500,500,72,2025-11-06 14:30:00,3992.018,10.434000000000196,500.0,2.5,0.0,0.01,10.434000000000196,10.434000000000196,2.0868000000000393,4.173600000000079,7.984036,True,False,False
500,500,73,2025-11-06 14:55:00,3996.254,14.69399999999996,500.0,2.5,0.0,0.01,14.69399999999996,14.69399999999996,2.938799999999992,5.877599999999984,7.992508,True,False,False
500,500,74,2025-11-06 17:10:00,3983.703,14.210999999999784,500.0,2.5,0.0,0.01,14.210999999999784,14.210999999999784,2.8421999999999565,5.684399999999913,7.9674059999999995,True,False,False
500,500,75,2025-11-06 17:15:00,3978.925,14.382000000000062,500.0,2.5,0.0,0.01,14.382000000000062,14.382000000000062,2.8764000000000123,5.752800000000025,7.9578500000000005,True,False,False
500,500,76,2025-11-06 17:20:00,3977.917,13.373999999999796,500.0,2.5,0.0,0.01,13.373999999999796,13.373999999999796,2.674799999999959,5.349599999999919,7.955834000000001,True,False,False
500,500,77,2025-11-12 14:20:00,4133.018,5.867000000000189,500.0,2.5,0.0,0.01,5.867000000000189,5.867000000000189,1.1734000000000377,2.3468000000000755,8.266036,True,False,False
500,500,78,2025-11-12 14:25:00,4132.771,5.759999999999309,500.0,2.5,0.0,0.01,5.759999999999309,5.759999999999309,1.1519999999998618,2.3039999999997236,8.265542,True,False,False
500,500,79,2025-11-12 14:35:00,4127.609,8.520000000000437,500.0,2.5,0.0,0.01,8.520000000000437,8.520000000000437,1.7040000000000874,3.4080000000001744,8.255218000000001,True,False,False
500,500,80,2025-11-12 14:40:00,4135.777,10.07300000000032,500.0,2.5,0.0,0.01,10.07300000000032,10.07300000000032,2.014600000000064,4.029200000000128,8.271554,True,False,False
500,500,81,2025-11-12 14:45:00,4136.396,10.692000000000007,500.0,2.5,0.0,0.01,10.692000000000007,10.692000000000007,2.1384000000000016,4.276800000000003,8.272791999999999,True,False,False
500,500,82,2025-11-12 15:00:00,4136.807,11.103000000000064,500.0,2.5,0.0,0.01,11.103000000000064,11.103000000000064,2.220600000000013,4.441200000000025,8.273614,True,False,False
500,500,83,2025-11-13 16:45:00,4197.788,11.214999999999236,500.0,2.5,0.0,0.01,11.214999999999236,11.214999999999236,2.242999999999847,4.485999999999694,8.395575999999998,True,False,False
500,500,84,2025-11-13 18:25:00,4198.695,15.1899999999996,500.0,2.5,0.0,0.01,15.1899999999996,15.1899999999996,3.03799999999992,6.07599999999984,8.39739,True,False,False
500,500,85,2025-11-17 12:50:00,4080.316,8.628999999999905,500.0,2.5,0.0,0.01,8.628999999999905,8.628999999999905,1.7257999999999811,3.4515999999999623,8.160632,True,False,False
500,500,86,2025-11-17 13:05:00,4087.477,5.614000000000033,500.0,2.5,0.0,0.01,5.614000000000033,5.614000000000033,1.1228000000000067,2.245600000000013,8.174954000000001,True,False,False
500,500,87,2025-11-18 13:55:00,4068.976,13.411000000000058,500.0,2.5,0.0,0.01,13.411000000000058,13.411000000000058,2.6822000000000115,5.364400000000023,8.137952,True,False,False
500,500,88,2025-11-18 14:40:00,4077.634,13.222999999999956,500.0,2.5,0.0,0.01,13.222999999999956,13.222999999999956,2.6445999999999916,5.289199999999982,8.155268000000001,True,False,False
500,500,89,2026-07-20 10:30:00,4022.052,14.509000000000016,500.0,2.5,0.0,0.01,14.509000000000016,14.509000000000016,2.9018000000000033,5.8036000000000065,8.044104,True,False,False
500,500,90,2025-11-18 14:45:00,4073.305,13.01700000000028,500.0,2.5,0.0,0.01,13.01700000000028,13.01700000000028,2.603400000000056,5.206800000000112,8.14661,True,False,False
500,500,91,2025-11-18 14:50:00,4074.894,12.121000000000096,500.0,2.5,0.0,0.01,12.121000000000096,12.121000000000096,2.4242000000000195,4.848400000000039,8.149788,True,False,False
500,500,92,2025-11-18 14:55:00,4061.53,12.310999999999694,500.0,2.5,0.0,0.01,12.310999999999694,12.310999999999694,2.462199999999939,4.924399999999878,8.12306,True,False,False
500,500,93,2025-11-18 17:35:00,4066.154,8.965999999999894,500.0,2.5,0.0,0.01,8.965999999999894,8.965999999999894,1.7931999999999788,3.5863999999999576,8.132308,True,False,False
500,500,94,2025-11-18 17:40:00,4070.54,8.93100000000004,500.0,2.5,0.0,0.01,8.93100000000004,8.93100000000004,1.786200000000008,3.572400000000016,8.14108,True,False,False
500,500,95,2025-11-18 18:00:00,4071.481,8.56399999999985,500.0,2.5,0.0,0.01,8.56399999999985,8.56399999999985,1.7127999999999703,3.4255999999999402,8.142962,True,False,False
500,500,96,2025-11-18 17:50:00,4072.742,8.826000000000022,500.0,2.5,0.0,0.01,8.826000000000022,8.826000000000022,1.7652000000000043,3.5304000000000086,8.145484,True,False,False
500,500,97,2025-11-18 17:45:00,4073.099,8.980000000000018,500.0,2.5,0.0,0.01,8.980000000000018,8.980000000000018,1.7960000000000036,3.592000000000007,8.146198,True,False,False
500,500,98,2025-11-18 18:05:00,4069.435,8.501000000000204,500.0,2.5,0.0,0.01,8.501000000000204,8.501000000000204,1.700200000000041,3.4004000000000816,8.13887,True,False,False
500,500,99,2025-11-25 18:55:00,4139.605,5.436999999999898,500.0,2.5,0.0,0.01,5.436999999999898,5.436999999999898,1.0873999999999797,2.1747999999999594,8.279209999999999,True,False,False
500,500,100,2025-11-26 18:35:00,4159.899,4.787000000000262,500.0,2.5,0.0,0.01,4.787000000000262,4.787000000000262,0.9574000000000523,1.9148000000001049,8.319798,True,False,False
500,500,101,2025-11-26 18:50:00,4160.764,4.041000000000167,500.0,2.5,0.0,0.01,4.041000000000167,4.041000000000167,0.8082000000000336,1.616400000000067,8.321528,True,False,False
500,500,102,2025-11-26 18:40:00,4162.122,3.694000000000415,500.0,2.5,0.0,0.01,3.694000000000415,3.694000000000415,0.7388000000000831,1.4776000000001661,8.324244,True,False,False
500,500,103,2025-11-26 18:55:00,4163.341,4.17200000000048,500.0,2.5,0.0,0.01,4.17200000000048,4.17200000000048,0.834400000000096,1.6688000000001921,8.326682,True,False,False
500,500,104,2025-11-26 19:00:00,4164.816,4.46599999999944,500.0,2.5,0.0,0.01,4.46599999999944,4.46599999999944,0.893199999999888,1.786399999999776,8.329632,True,False,False
500,500,105,2025-11-26 19:15:00,4166.931,6.5809999999992215,500.0,2.5,0.0,0.01,6.5809999999992215,6.5809999999992215,1.3161999999998442,2.6323999999996888,8.333862,True,False,False
500,500,106,2025-11-26 18:45:00,4159.542,5.807999999999993,500.0,2.5,0.0,0.01,5.807999999999993,5.807999999999993,1.1615999999999986,2.3231999999999973,8.319084,True,False,False
500,500,107,2025-11-26 19:20:00,4167.565,7.214999999999236,500.0,2.5,0.0,0.01,7.214999999999236,7.214999999999236,1.4429999999998473,2.8859999999996946,8.33513,True,False,False
500,500,108,2025-11-28 09:15:00,4162.27,8.807000000000698,500.0,2.5,0.0,0.01,8.807000000000698,8.807000000000698,1.7614000000001395,3.5228000000002795,8.32454,True,False,False
500,500,109,2025-11-28 09:20:00,4166.222,11.429000000000087,500.0,2.5,0.0,0.01,11.429000000000087,11.429000000000087,2.2858000000000174,4.571600000000035,8.332443999999999,True,False,False
500,500,110,2025-11-28 10:50:00,4165.54,12.807999999999993,500.0,2.5,0.0,0.01,12.807999999999993,12.807999999999993,2.5615999999999985,5.123199999999997,8.33108,True,False,False
500,500,111,2025-11-28 10:55:00,4163.865,11.13299999999981,500.0,2.5,0.0,0.01,11.13299999999981,11.13299999999981,2.226599999999962,4.453199999999924,8.327729999999999,True,False,False
500,500,112,2025-11-28 09:25:00,4161.768,12.61700000000019,500.0,2.5,0.0,0.01,12.61700000000019,12.61700000000019,2.523400000000038,5.046800000000076,8.323536,True,False,False
500,500,113,2025-11-28 11:00:00,4163.966,11.234000000000378,500.0,2.5,0.0,0.01,11.234000000000378,11.234000000000378,2.246800000000076,4.493600000000152,8.327932,True,False,False
500,500,114,2025-11-28 12:05:00,4171.987,13.636999999999716,500.0,2.5,0.0,0.01,13.636999999999716,13.636999999999716,2.7273999999999434,5.454799999999887,8.343974,True,False,False
500,500,115,2025-11-28 12:00:00,4172.14,13.789999999999964,500.0,2.5,0.0,0.01,13.789999999999964,13.789999999999964,2.757999999999993,5.515999999999986,8.344280000000001,True,False,False
500,500,116,2025-11-28 11:50:00,4173.398,15.047999999999774,500.0,2.5,0.0,0.01,15.047999999999774,15.047999999999774,3.009599999999955,6.01919999999991,8.346796,True,False,False
500,500,117,2025-11-28 12:10:00,4171.509,13.15899999999965,500.0,2.5,0.0,0.01,13.15899999999965,13.15899999999965,2.63179999999993,5.26359999999986,8.343018,True,False,False
500,500,118,2025-11-28 13:25:00,4169.675,15.019000000000233,500.0,2.5,0.0,0.01,15.019000000000233,15.019000000000233,3.0038000000000467,6.007600000000093,8.33935,True,False,False
500,500,119,2025-11-28 16:15:00,4199.709,16.61999999999989,500.0,2.5,0.0,0.01,16.61999999999989,16.61999999999989,3.3239999999999785,6.647999999999956,8.399417999999999,True,False,False
500,500,120,2025-12-01 18:55:00,4238.913,4.88799999999992,500.0,2.5,0.0,0.01,4.88799999999992,4.88799999999992,0.977599999999984,1.955199999999968,8.477825999999999,True,False,False
500,500,121,2025-12-01 19:00:00,4240.419,6.136999999999716,500.0,2.5,0.0,0.01,6.136999999999716,6.136999999999716,1.2273999999999432,2.4547999999998864,8.480838,True,False,False
500,500,122,2025-12-01 19:15:00,4237.853,5.302999999999884,500.0,2.5,0.0,0.01,5.302999999999884,5.302999999999884,1.0605999999999767,2.1211999999999533,8.475706,True,False,False
500,500,123,2025-12-01 19:20:00,4237.873,5.322999999999411,500.0,2.5,0.0,0.01,5.322999999999411,5.322999999999411,1.064599999999882,2.129199999999764,8.475746,True,False,False
500,500,124,2025-12-01 19:25:00,4238.802,6.251999999999498,500.0,2.5,0.0,0.01,6.251999999999498,6.251999999999498,1.2503999999998996,2.500799999999799,8.477604,True,False,False
500,500,125,2025-12-01 19:30:00,4241.759,9.208999999999833,500.0,2.5,0.0,0.01,9.208999999999833,9.208999999999833,1.8417999999999664,3.683599999999933,8.483518,True,False,False
500,500,126,2025-12-01 19:35:00,4239.865,7.3149999999996,500.0,2.5,0.0,0.01,7.3149999999996,7.3149999999996,1.46299999999992,2.92599999999984,8.47973,True,False,False
500,500,127,2025-12-01 19:40:00,4241.765,9.215000000000146,500.0,2.5,0.0,0.01,9.215000000000146,9.215000000000146,1.843000000000029,3.686000000000058,8.48353,True,False,False
500,500,128,2025-12-05 09:50:00,4223.536,16.10400000000027,500.0,2.5,0.0,0.01,16.10400000000027,16.10400000000027,3.2208000000000543,6.441600000000108,8.447072,True,False,False
500,500,129,2025-12-05 17:40:00,4210.895,16.071000000000822,500.0,2.5,0.0,0.01,16.071000000000822,16.071000000000822,3.2142000000001643,6.4284000000003285,8.421790000000001,True,False,False
500,500,130,2025-12-05 18:25:00,4212.607,15.846999999999753,500.0,2.5,0.0,0.01,15.846999999999753,15.846999999999753,3.1693999999999507,6.338799999999901,8.425214,True,False,False
500,500,131,2025-12-05 18:30:00,4212.766,16.005999999999403,500.0,2.5,0.0,0.01,16.005999999999403,16.005999999999403,3.2011999999998806,6.402399999999761,8.425531999999999,True,False,False
500,500,132,2025-12-05 18:45:00,4212.071,15.310999999999694,500.0,2.5,0.0,0.01,15.310999999999694,15.310999999999694,3.062199999999939,6.124399999999878,8.424142,True,False,False
500,500,133,2025-12-05 18:55:00,4210.676,13.963000000000648,500.0,2.5,0.0,0.01,13.963000000000648,13.963000000000648,2.7926000000001294,5.585200000000259,8.421352,True,False,False
500,500,134,2025-12-05 19:00:00,4209.029,12.316000000000711,500.0,2.5,0.0,0.01,12.316000000000711,12.316000000000711,2.463200000000142,4.926400000000284,8.418058,True,False,False
500,500,135,2025-12-05 19:05:00,4209.381,12.668000000000577,500.0,2.5,0.0,0.01,12.668000000000577,12.668000000000577,2.5336000000001153,5.067200000000231,8.418762000000001,True,False,False
500,500,136,2025-12-09 09:40:00,4203.659,8.102000000000771,500.0,2.5,0.0,0.01,8.102000000000771,8.102000000000771,1.6204000000001544,3.2408000000003083,8.407318,True,False,False
500,500,137,2025-12-09 12:35:00,4202.567,4.591999999999644,500.0,2.5,0.0,0.01,4.591999999999644,4.591999999999644,0.9183999999999288,1.8367999999998577,8.405134,True,False,False
500,500,138,2025-12-09 13:45:00,4200.705,10.019000000000233,500.0,2.5,0.0,0.01,10.019000000000233,10.019000000000233,2.0038000000000467,4.007600000000093,8.40141,True,False,False
500,500,139,2025-12-09 13:50:00,4200.272,9.58600000000024,500.0,2.5,0.0,0.01,9.58600000000024,9.58600000000024,1.917200000000048,3.834400000000096,8.400544,True,False,False
500,500,140,2025-12-09 13:30:00,4201.948,5.902000000000044,500.0,2.5,0.0,0.01,5.902000000000044,5.902000000000044,1.1804000000000088,2.3608000000000176,8.403896000000001,True,False,False
500,500,141,2025-12-09 14:35:00,4200.875,11.090000000000146,500.0,2.5,0.0,0.01,11.090000000000146,11.090000000000146,2.218000000000029,4.436000000000059,8.40175,True,False,False
500,500,142,2025-12-09 17:35:00,4204.926,11.21100000000024,500.0,2.5,0.0,0.01,11.21100000000024,11.21100000000024,2.242200000000048,4.484400000000096,8.409852,True,False,False
500,500,143,2025-12-09 17:50:00,4206.837,13.122000000000298,500.0,2.5,0.0,0.01,13.122000000000298,13.122000000000298,2.6244000000000596,5.248800000000119,8.413674,True,False,False
500,500,144,2025-12-09 17:55:00,4205.85,12.004000000000817,500.0,2.5,0.0,0.01,12.004000000000817,12.004000000000817,2.4008000000001632,4.8016000000003265,8.411700000000002,True,False,False
500,500,145,2025-12-09 18:00:00,4203.136,9.290000000000871,500.0,2.5,0.0,0.01,9.290000000000871,9.290000000000871,1.8580000000001742,3.7160000000003484,8.406272000000001,True,False,False
500,500,146,2025-12-09 18:05:00,4202.878,9.032000000000153,500.0,2.5,0.0,0.01,9.032000000000153,9.032000000000153,1.8064000000000306,3.6128000000000613,8.405756,True,False,False
500,500,147,2025-12-09 18:10:00,4203.421,9.575000000000728,500.0,2.5,0.0,0.01,9.575000000000728,9.575000000000728,1.9150000000001455,3.830000000000291,8.406842000000001,True,False,False
500,500,148,2025-12-09 17:40:00,4206.474,12.759000000000016,500.0,2.5,0.0,0.01,12.759000000000016,12.759000000000016,2.551800000000003,5.103600000000006,8.412948,True,False,False
500,500,149,2025-12-09 17:45:00,4207.36,13.644999999999529,500.0,2.5,0.0,0.01,13.644999999999529,13.644999999999529,2.728999999999906,5.457999999999812,8.414719999999999,True,False,False
500,500,150,2025-12-09 18:15:00,4206.489,12.643000000000027,500.0,2.5,0.0,0.01,12.643000000000027,12.643000000000027,2.5286000000000053,5.057200000000011,8.412977999999999,True,False,False
500,500,151,2025-12-09 19:30:00,4208.552,14.914999999999964,500.0,2.5,0.0,0.01,14.914999999999964,14.914999999999964,2.9829999999999925,5.965999999999985,8.417104,True,False,False
500,500,152,2025-12-09 19:40:00,4209.152,15.515000000000327,500.0,2.5,0.0,0.01,15.515000000000327,15.515000000000327,3.1030000000000655,6.206000000000131,8.418304000000001,True,False,False
500,500,153,2025-12-09 19:45:00,4209.46,15.82300000000032,500.0,2.5,0.0,0.01,15.82300000000032,15.82300000000032,3.164600000000064,6.329200000000128,8.41892,True,False,False
500,500,154,2025-12-09 19:50:00,4208.293,14.655999999999947,500.0,2.5,0.0,0.01,14.655999999999947,14.655999999999947,2.9311999999999894,5.862399999999979,8.416585999999999,True,False,False
500,500,155,2025-12-15 07:35:00,4341.457,10.775000000000546,500.0,2.5,0.0,0.01,10.775000000000546,10.775000000000546,2.155000000000109,4.310000000000218,8.682914,True,False,False
500,500,156,2025-12-15 07:20:00,4343.463,11.264000000000124,500.0,2.5,0.0,0.01,11.264000000000124,11.264000000000124,2.2528000000000246,4.505600000000049,8.686926,True,False,False
500,500,157,2025-12-15 08:05:00,4340.979,10.29700000000048,500.0,2.5,0.0,0.01,10.29700000000048,10.29700000000048,2.059400000000096,4.118800000000192,8.681958,True,False,False
500,500,158,2025-12-15 08:15:00,4343.038,3.7859999999991487,500.0,2.5,0.0,0.01,3.7859999999991487,3.7859999999991487,0.7571999999998297,1.5143999999996596,8.686076,True,False,False
500,500,159,2025-12-15 08:20:00,4342.212,3.761000000000422,500.0,2.5,0.0,0.01,3.761000000000422,3.761000000000422,0.7522000000000844,1.5044000000001687,8.684424000000002,True,False,False
500,500,160,2025-12-15 08:25:00,4342.842,3.70299999999952,500.0,2.5,0.0,0.01,3.70299999999952,3.70299999999952,0.7405999999999039,1.481199999999808,8.685683999999998,True,False,False
500,500,161,2025-12-15 08:10:00,4341.922,3.722999999999956,500.0,2.5,0.0,0.01,3.722999999999956,3.722999999999956,0.7445999999999912,1.4891999999999823,8.683843999999999,True,False,False
500,500,162,2025-12-15 11:55:00,4342.712,4.002999999999702,500.0,2.5,0.0,0.01,4.002999999999702,4.002999999999702,0.8005999999999405,1.6011999999998807,8.685424000000001,True,False,False
500,500,163,2025-12-15 12:10:00,4343.487,3.921000000000277,500.0,2.5,0.0,0.01,3.921000000000277,3.921000000000277,0.7842000000000553,1.5684000000001108,8.686974,True,False,False
500,500,164,2025-12-15 12:20:00,4344.633,3.694000000000415,500.0,2.5,0.0,0.01,3.694000000000415,3.694000000000415,0.7388000000000831,1.4776000000001661,8.689266,True,False,False
500,500,165,2025-12-15 07:25:00,4343.45,12.768000000000027,500.0,2.5,0.0,0.01,12.768000000000027,12.768000000000027,2.5536000000000056,5.107200000000011,8.6869,True,False,False
500,500,166,2025-12-15 12:35:00,4347.661,3.532000000000153,500.0,2.5,0.0,0.01,3.532000000000153,3.532000000000153,0.7064000000000306,1.4128000000000611,8.695322,True,False,False
500,500,167,2025-12-15 12:50:00,4344.653,3.677999999999884,500.0,2.5,0.0,0.01,3.677999999999884,3.677999999999884,0.7355999999999768,1.4711999999999537,8.689306,True,False,False
500,500,168,2025-12-15 12:45:00,4345.525,3.664999999999964,500.0,2.5,0.0,0.01,3.664999999999964,3.664999999999964,0.7329999999999928,1.4659999999999855,8.691049999999999,True,False,False
500,500,169,2025-12-15 12:55:00,4346.176,3.748999999999796,500.0,2.5,0.0,0.01,3.748999999999796,3.748999999999796,0.7497999999999592,1.4995999999999183,8.692352000000001,True,False,False
500,500,170,2025-12-15 07:30:00,4344.198,13.516000000000531,500.0,2.5,0.0,0.01,13.516000000000531,13.516000000000531,2.7032000000001064,5.406400000000213,8.688396000000001,True,False,False
500,500,171,2025-12-15 13:15:00,4335.908,5.298999999999978,500.0,2.5,0.0,0.01,5.298999999999978,5.298999999999978,1.0597999999999956,2.1195999999999913,8.671816000000002,True,False,False
500,500,172,2025-12-15 07:40:00,4336.326,5.644000000000233,500.0,2.5,0.0,0.01,5.644000000000233,5.644000000000233,1.1288000000000467,2.2576000000000933,8.672652,True,False,False
500,500,173,2025-12-15 13:25:00,4337.831,5.905999999999949,500.0,2.5,0.0,0.01,5.905999999999949,5.905999999999949,1.1811999999999898,2.3623999999999796,8.675662,True,False,False
500,500,174,2025-12-15 13:05:00,4340.489,4.203000000000429,500.0,2.5,0.0,0.01,4.203000000000429,4.203000000000429,0.840600000000086,1.6812000000001717,8.680978,True,False,False
500,500,175,2025-12-15 07:45:00,4339.94,9.25799999999981,500.0,2.5,0.0,0.01,9.25799999999981,9.25799999999981,1.8515999999999624,3.7031999999999243,8.679879999999999,True,False,False
500,500,176,2025-12-15 07:50:00,4340.955,10.273000000000138,500.0,2.5,0.0,0.01,10.273000000000138,10.273000000000138,2.0546000000000277,4.1092000000000555,8.68191,True,False,False
500,500,177,2025-12-15 07:55:00,4340.599,9.917000000000373,500.0,2.5,0.0,0.01,9.917000000000373,9.917000000000373,1.9834000000000747,3.9668000000001493,8.681198,True,False,False
500,500,178,2025-12-15 08:00:00,4339.481,8.798999999999978,500.0,2.5,0.0,0.01,8.798999999999978,8.798999999999978,1.7597999999999958,3.519599999999991,8.678962,True,False,False
500,500,179,2025-12-15 08:30:00,4346.091,5.074000000000524,500.0,2.5,0.0,0.01,5.074000000000524,5.074000000000524,1.014800000000105,2.0296000000002095,8.692182,True,False,False
500,500,180,2025-12-15 13:00:00,4345.644,3.841999999999644,500.0,2.5,0.0,0.01,3.841999999999644,3.841999999999644,0.7683999999999288,1.5367999999998576,8.691288,True,False,False
500,500,181,2025-12-17 12:10:00,4316.066,12.135000000000218,500.0,2.5,0.0,0.01,12.135000000000218,12.135000000000218,2.4270000000000436,4.854000000000087,8.632132,True,False,False
500,500,182,2025-12-17 12:15:00,4316.784,12.853000000000064,500.0,2.5,0.0,0.01,12.853000000000064,12.853000000000064,2.5706000000000127,5.141200000000025,8.633567999999999,True,False,False
500,500,183,2025-12-17 12:35:00,4319.382,15.451000000000022,500.0,2.5,0.0,0.01,15.451000000000022,15.451000000000022,3.0902000000000043,6.1804000000000086,8.638763999999998,True,False,False
500,500,184,2025-12-17 12:40:00,4317.587,13.65600000000086,500.0,2.5,0.0,0.01,13.65600000000086,13.65600000000086,2.731200000000172,5.462400000000344,8.635174000000001,True,False,False
500,500,185,2025-12-19 11:50:00,4328.746,3.806999999999789,500.0,2.5,0.0,0.01,3.806999999999789,3.806999999999789,0.7613999999999578,1.5227999999999156,8.657492,True,False,False
500,500,186,2025-12-19 13:25:00,4330.855,8.126999999999498,500.0,2.5,0.0,0.01,8.126999999999498,8.126999999999498,1.6253999999998996,3.250799999999799,8.66171,True,False,False
500,500,187,2025-12-23 16:20:00,4460.961,7.641999999999825,500.0,2.5,0.0,0.01,7.641999999999825,7.641999999999825,1.5283999999999651,3.0567999999999302,8.921922,True,False,False
500,500,188,2025-12-23 15:20:00,4448.65,12.661999999999352,500.0,2.5,0.0,0.01,12.661999999999352,12.661999999999352,2.5323999999998703,5.064799999999741,8.8973,True,False,False
500,500,189,2025-12-23 15:15:00,4448.571,12.73700000000008,500.0,2.5,0.0,0.01,12.73700000000008,12.73700000000008,2.547400000000016,5.094800000000032,8.897142,True,False,False
500,500,190,2025-12-23 15:25:00,4447.59,11.789999999999964,500.0,2.5,0.0,0.01,11.789999999999964,11.789999999999964,2.3579999999999925,4.715999999999985,8.89518,True,False,False
500,500,191,2025-12-23 16:25:00,4463.049,6.716000000000349,500.0,2.5,0.0,0.01,6.716000000000349,6.716000000000349,1.34320000000007,2.68640000000014,8.926098,True,False,False
500,500,192,2025-12-23 16:15:00,4460.824,8.680999999999585,500.0,2.5,0.0,0.01,8.680999999999585,8.680999999999585,1.736199999999917,3.4723999999998343,8.921648,True,False,False
500,500,193,2025-12-23 15:50:00,4456.941,11.673999999999978,500.0,2.5,0.0,0.01,11.673999999999978,11.673999999999978,2.3347999999999955,4.669599999999991,8.913882,True,False,False
500,500,194,2025-12-23 16:40:00,4462.268,9.260000000000218,500.0,2.5,0.0,0.01,9.260000000000218,9.260000000000218,1.8520000000000436,3.7040000000000872,8.924536,True,False,False
500,500,195,2025-12-23 15:40:00,4454.407,12.61700000000019,500.0,2.5,0.0,0.01,12.61700000000019,12.61700000000019,2.523400000000038,5.046800000000076,8.908814,True,False,False
500,500,196,2025-12-23 16:10:00,4458.609,9.949000000000524,500.0,2.5,0.0,0.01,9.949000000000524,9.949000000000524,1.9898000000001046,3.9796000000002096,8.917218,True,False,False
500,500,197,2025-12-23 16:05:00,4457.59,10.596000000000458,500.0,2.5,0.0,0.01,10.596000000000458,10.596000000000458,2.1192000000000917,4.238400000000183,8.91518,True,False,False
500,500,198,2025-12-23 16:00:00,4458.631,10.704999999999927,500.0,2.5,0.0,0.01,10.704999999999927,10.704999999999927,2.1409999999999854,4.281999999999971,8.917262000000001,True,False,False
500,500,199,2025-12-23 16:35:00,4460.745,9.30999999999949,500.0,2.5,0.0,0.01,9.30999999999949,9.30999999999949,1.8619999999998982,3.7239999999997964,8.92149,True,False,False
500,500,200,2025-12-23 15:45:00,4453.261,12.347000000000662,500.0,2.5,0.0,0.01,12.347000000000662,12.347000000000662,2.469400000000132,4.938800000000265,8.906522,True,False,False
500,500,201,2025-12-23 17:20:00,4474.425,7.101999999999862,500.0,2.5,0.0,0.01,7.101999999999862,7.101999999999862,1.4203999999999724,2.8407999999999447,8.94885,True,False,False
500,500,202,2025-12-23 17:30:00,4477.98,8.247999999999593,500.0,2.5,0.0,0.01,8.247999999999593,8.247999999999593,1.6495999999999185,3.299199999999837,8.95596,True,False,False
500,500,203,2025-12-23 17:35:00,4475.692,5.960000000000036,500.0,2.5,0.0,0.01,5.960000000000036,5.960000000000036,1.1920000000000073,2.3840000000000146,8.951384000000001,True,False,False
500,500,204,2025-12-23 17:40:00,4478.186,8.453999999999724,500.0,2.5,0.0,0.01,8.453999999999724,8.453999999999724,1.6907999999999448,3.3815999999998896,8.956372,True,False,False
500,500,205,2025-12-23 15:55:00,4454.279,11.278000000000247,500.0,2.5,0.0,0.01,11.278000000000247,11.278000000000247,2.2556000000000496,4.511200000000099,8.908558000000001,True,False,False
500,500,206,2025-12-23 16:30:00,4461.715,6.279999999999745,500.0,2.5,0.0,0.01,6.279999999999745,6.279999999999745,1.255999999999949,2.5119999999998983,8.92343,True,False,False
500,500,207,2025-12-23 16:45:00,4466.244,5.829999999999927,500.0,2.5,0.0,0.01,5.829999999999927,5.829999999999927,1.1659999999999855,2.331999999999971,8.932488,True,False,False
500,500,208,2025-12-23 16:50:00,4470.113,6.269000000000233,500.0,2.5,0.0,0.01,6.269000000000233,6.269000000000233,1.2538000000000467,2.5076000000000933,8.940226000000001,True,False,False
500,500,209,2025-12-23 17:00:00,4474.389,7.065999999999804,500.0,2.5,0.0,0.01,7.065999999999804,7.065999999999804,1.413199999999961,2.826399999999922,8.948778,True,False,False
500,500,210,2025-12-23 17:15:00,4475.635,8.311999999999898,500.0,2.5,0.0,0.01,8.311999999999898,8.311999999999898,1.6623999999999794,3.3247999999999593,8.951270000000001,True,False,False
500,500,211,2025-12-23 18:30:00,4478.132,7.428999999999178,500.0,2.5,0.0,0.01,7.428999999999178,7.428999999999178,1.4857999999998355,2.971599999999671,8.956264,True,False,False
500,500,212,2025-12-23 18:00:00,4472.866,8.376000000000204,500.0,2.5,0.0,0.01,8.376000000000204,8.376000000000204,1.6752000000000409,3.3504000000000813,8.945732,True,False,False
500,500,213,2025-12-23 18:35:00,4474.284,7.479999999999563,500.0,2.5,0.0,0.01,7.479999999999563,7.479999999999563,1.4959999999999127,2.9919999999998255,8.948568,True,False,False
500,500,214,2025-12-23 18:05:00,4475.032,7.905999999999949,500.0,2.5,0.0,0.01,7.905999999999949,7.905999999999949,1.58119999999999,3.1623999999999794,8.950064000000001,True,False,False
500,500,215,2025-12-23 18:40:00,4475.236,7.493999999999687,500.0,2.5,0.0,0.01,7.493999999999687,7.493999999999687,1.4987999999999375,2.997599999999875,8.950472,True,False,False
500,500,216,2025-12-23 18:15:00,4477.779,7.707000000000335,500.0,2.5,0.0,0.01,7.707000000000335,7.707000000000335,1.541400000000067,3.082800000000134,8.955558000000002,True,False,False
500,500,217,2025-12-23 17:10:00,4475.74,8.416999999999462,500.0,2.5,0.0,0.01,8.416999999999462,8.416999999999462,1.6833999999998923,3.3667999999997846,8.95148,True,False,False
500,500,218,2025-12-23 18:50:00,4478.449,7.2979999999997744,500.0,2.5,0.0,0.01,7.2979999999997744,7.2979999999997744,1.459599999999955,2.91919999999991,8.956897999999999,True,False,False
500,500,219,2025-12-23 17:05:00,4478.855,11.531999999999243,500.0,2.5,0.0,0.01,11.531999999999243,11.531999999999243,2.3063999999998486,4.612799999999697,8.957709999999999,True,False,False
500,500,220,2025-12-23 18:20:00,4476.772,7.572000000000116,500.0,2.5,0.0,0.01,7.572000000000116,7.572000000000116,1.5144000000000233,3.0288000000000466,8.953543999999999,True,False,False
500,500,221,2025-12-23 18:25:00,4477.758,7.536000000000058,500.0,2.5,0.0,0.01,7.536000000000058,7.536000000000058,1.5072000000000116,3.0144000000000233,8.955516,True,False,False
500,500,222,2025-12-23 18:45:00,4476.662,7.331000000000131,500.0,2.5,0.0,0.01,7.331000000000131,7.331000000000131,1.4662000000000261,2.9324000000000523,8.953324,True,False,False
500,500,223,2025-12-23 16:55:00,4475.366,11.521999999999936,500.0,2.5,0.0,0.01,11.521999999999936,11.521999999999936,2.3043999999999873,4.608799999999975,8.950732,True,False,False
500,500,224,2025-12-23 18:10:00,4477.671,7.791000000000167,500.0,2.5,0.0,0.01,7.791000000000167,7.791000000000167,1.5582000000000336,3.116400000000067,8.955342,True,False,False
500,500,225,2025-12-23 19:00:00,4484.603,4.904000000000451,500.0,2.5,0.0,0.01,4.904000000000451,4.904000000000451,0.9808000000000903,1.9616000000001805,8.969206,True,False,False
500,500,226,2025-12-23 17:45:00,4478.627,8.895000000000437,500.0,2.5,0.0,0.01,8.895000000000437,8.895000000000437,1.7790000000000874,3.558000000000175,8.957254,True,False,False
500,500,227,2025-12-23 19:25:00,4488.878,5.80199999999968,500.0,2.5,0.0,0.01,5.80199999999968,5.80199999999968,1.160399999999936,2.320799999999872,8.977756,True,False,False
500,500,228,2025-12-23 18:55:00,4478.5,7.006999999999607,500.0,2.5,0.0,0.01,7.006999999999607,7.006999999999607,1.4013999999999214,2.8027999999998428,8.957,True,False,False
500,500,229,2025-12-23 19:30:00,4490.157,6.996000000000095,500.0,2.5,0.0,0.01,6.996000000000095,6.996000000000095,1.3992000000000189,2.7984000000000377,8.980314,True,False,False
500,500,230,2025-12-23 19:15:00,4493.901,10.739999999999782,500.0,2.5,0.0,0.01,10.739999999999782,10.739999999999782,2.147999999999956,4.295999999999912,8.987802,True,False,False
500,500,231,2025-12-23 19:05:00,4493.795,10.634000000000016,500.0,2.5,0.0,0.01,10.634000000000016,10.634000000000016,2.1268000000000034,4.253600000000007,8.98759,True,False,False
500,500,232,2025-12-23 19:45:00,4493.203,10.042000000000373,500.0,2.5,0.0,0.01,10.042000000000373,10.042000000000373,2.0084000000000746,4.016800000000149,8.986406,True,False,False
500,500,233,2025-12-23 19:50:00,4490.91,7.748999999999796,500.0,2.5,0.0,0.01,7.748999999999796,7.748999999999796,1.5497999999999592,3.0995999999999184,8.981819999999999,True,False,False
500,500,234,2025-12-23 19:35:00,4489.676,6.515000000000327,500.0,2.5,0.0,0.01,6.515000000000327,6.515000000000327,1.3030000000000657,2.606000000000131,8.979352,True,False,False
500,500,235,2025-12-23 19:10:00,4492.133,8.971999999999753,500.0,2.5,0.0,0.01,8.971999999999753,8.971999999999753,1.7943999999999505,3.588799999999901,8.984266,True,False,False
500,500,236,2025-12-23 19:40:00,4491.98,8.818999999999505,500.0,2.5,0.0,0.01,8.818999999999505,8.818999999999505,1.7637999999999012,3.527599999999802,8.98396,True,False,False
500,500,237,2025-12-23 19:20:00,4489.994,6.832999999999629,500.0,2.5,0.0,0.01,6.832999999999629,6.832999999999629,1.3665999999999259,2.7331999999998517,8.979987999999999,True,False,False
500,500,238,2025-12-23 19:55:00,4491.102,7.9409999999998035,500.0,2.5,0.0,0.01,7.9409999999998035,7.9409999999998035,1.5881999999999608,3.1763999999999215,8.982204,True,False,False
500,500,239,2025-12-24 07:05:00,4493.286,8.792999999999665,500.0,2.5,0.0,0.01,8.792999999999665,8.792999999999665,1.758599999999933,3.517199999999866,8.986572,True,False,False
500,500,240,2025-12-30 18:15:00,4371.269,19.50500000000011,500.0,2.5,0.0,0.01,19.50500000000011,19.50500000000011,3.901000000000022,7.802000000000044,8.742538,True,False,False
500,500,241,2025-12-30 18:25:00,4370.945,19.180999999999585,500.0,2.5,0.0,0.01,19.180999999999585,19.180999999999585,3.836199999999917,7.6723999999998345,8.74189,True,False,False
500,500,242,2025-12-30 18:30:00,4371.056,19.29199999999946,500.0,2.5,0.0,0.01,19.29199999999946,19.29199999999946,3.8583999999998926,7.716799999999784,8.742111999999999,True,False,False
500,500,243,2025-12-30 18:55:00,4364.679,15.792000000000373,500.0,2.5,0.0,0.01,15.792000000000373,15.792000000000373,3.1584000000000745,6.316800000000149,8.729358,True,False,False
500,500,244,2025-12-30 19:00:00,4365.03,16.14300000000003,500.0,2.5,0.0,0.01,16.14300000000003,16.14300000000003,3.228600000000006,6.457200000000012,8.73006,True,False,False
500,500,245,2025-12-30 19:05:00,4367.69,18.802999999999884,500.0,2.5,0.0,0.01,18.802999999999884,18.802999999999884,3.7605999999999766,7.521199999999953,8.73538,True,False,False
500,500,246,2026-01-02 19:30:00,4318.822,7.756000000000313,500.0,2.5,0.0,0.01,7.756000000000313,7.756000000000313,1.5512000000000625,3.102400000000125,8.637644,True,False,False
500,500,247,2026-01-02 19:35:00,4320.742,7.269000000000233,500.0,2.5,0.0,0.01,7.269000000000233,7.269000000000233,1.4538000000000466,2.907600000000093,8.641484,True,False,False
500,500,248,2026-01-02 19:40:00,4323.877,7.420000000000073,500.0,2.5,0.0,0.01,7.420000000000073,7.420000000000073,1.4840000000000144,2.9680000000000293,8.647754,True,False,False
500,500,249,2026-01-02 19:45:00,4322.881,7.463000000000648,500.0,2.5,0.0,0.01,7.463000000000648,7.463000000000648,1.4926000000001296,2.985200000000259,8.645762000000001,True,False,False
500,500,250,2026-01-02 19:50:00,4321.283,7.517000000000735,500.0,2.5,0.0,0.01,7.517000000000735,7.517000000000735,1.503400000000147,3.006800000000294,8.642566,True,False,False
500,500,251,2026-01-02 19:55:00,4320.062,7.1729999999997744,500.0,2.5,0.0,0.01,7.1729999999997744,7.1729999999997744,1.4345999999999548,2.8691999999999096,8.640124,True,False,False
500,500,252,2026-01-06 09:15:00,4458.077,19.601000000000568,500.0,2.5,0.0,0.01,19.601000000000568,19.601000000000568,3.920200000000113,7.840400000000227,8.916154,True,False,False
500,500,253,2026-01-06 09:45:00,4456.019,15.893000000000027,500.0,2.5,0.0,0.01,15.893000000000027,15.893000000000027,3.1786000000000056,6.357200000000011,8.912038,True,False,False
500,500,254,2026-01-06 09:20:00,4454.521,16.045000000000073,500.0,2.5,0.0,0.01,16.045000000000073,16.045000000000073,3.2090000000000147,6.4180000000000295,8.909042,True,False,False
500,500,255,2026-01-06 09:40:00,4456.349,16.222999999999956,500.0,2.5,0.0,0.01,16.222999999999956,16.222999999999956,3.2445999999999913,6.4891999999999825,8.912698,True,False,False
500,500,256,2026-01-06 09:35:00,4457.095,18.6190000000006,500.0,2.5,0.0,0.01,18.6190000000006,18.6190000000006,3.72380000000012,7.44760000000024,8.914190000000001,True,False,False
500,500,257,2026-01-06 09:25:00,4457.355,18.878999999999905,500.0,2.5,0.0,0.01,18.878999999999905,18.878999999999905,3.775799999999981,7.551599999999962,8.91471,True,False,False
500,500,258,2026-01-06 09:30:00,4456.799,18.32300000000032,500.0,2.5,0.0,0.01,18.32300000000032,18.32300000000032,3.6646000000000645,7.329200000000128,8.913598,True,False,False
500,500,259,2026-01-06 09:50:00,4447.901,7.774999999999636,500.0,2.5,0.0,0.01,7.774999999999636,7.774999999999636,1.5549999999999273,3.1099999999998547,8.895802,True,False,False
500,500,260,2026-01-07 08:05:00,4463.678,4.746000000000095,500.0,2.5,0.0,0.01,4.746000000000095,4.746000000000095,0.9492000000000189,1.8984000000000378,8.927356,True,False,False
500,500,261,2026-01-07 08:15:00,4465.932,4.731999999999971,500.0,2.5,0.0,0.01,4.731999999999971,4.731999999999971,0.9463999999999941,1.8927999999999883,8.931864,True,False,False
500,500,262,2026-01-07 08:10:00,4465.861,4.634000000000015,500.0,2.5,0.0,0.01,4.634000000000015,4.634000000000015,0.9268000000000032,1.8536000000000061,8.931722,True,False,False
500,500,263,2026-01-07 08:20:00,4466.344,4.466999999999644,500.0,2.5,0.0,0.01,4.466999999999644,4.466999999999644,0.8933999999999288,1.7867999999998578,8.932688,True,False,False
500,500,264,2026-01-14 18:35:00,4630.006,15.637000000000626,500.0,2.5,0.0,0.01,15.637000000000626,15.637000000000626,3.1274000000001254,6.25480000000025,9.260012000000001,True,False,False
500,500,265,2026-01-27 11:25:00,5085.919,5.418999999999869,500.0,2.5,0.0,0.01,5.418999999999869,5.418999999999869,1.083799999999974,2.167599999999948,10.171838,True,False,False
500,500,266,2026-02-02 19:50:00,4705.865,23.628999999999905,500.0,2.5,0.0,0.01,23.628999999999905,23.628999999999905,4.725799999999982,9.451599999999962,9.41173,True,False,False
500,500,267,2026-02-02 19:55:00,4690.984,23.088999999999945,500.0,2.5,0.0,0.01,23.088999999999945,23.088999999999945,4.617799999999989,9.235599999999978,9.381968,True,False,False
500,500,268,2026-02-04 19:55:00,4937.444,23.951000000000025,500.0,2.5,0.0,0.01,23.951000000000025,23.951000000000025,4.790200000000005,9.58040000000001,9.874888,True,False,False
500,500,269,2026-02-06 10:50:00,4869.853,15.036000000000058,500.0,2.5,0.0,0.01,15.036000000000058,15.036000000000058,3.0072000000000116,6.014400000000023,9.739706,True,False,False
500,500,270,2026-02-06 11:00:00,4878.364,12.094000000000053,500.0,2.5,0.0,0.01,12.094000000000053,12.094000000000053,2.4188000000000107,4.837600000000021,9.756727999999999,True,False,False
500,500,271,2026-02-06 11:50:00,4884.586,17.08599999999933,500.0,2.5,0.0,0.01,17.08599999999933,17.08599999999933,3.417199999999866,6.834399999999732,9.769172000000001,True,False,False
500,500,272,2026-02-06 11:55:00,4889.802,16.765000000000327,500.0,2.5,0.0,0.01,16.765000000000327,16.765000000000327,3.3530000000000655,6.706000000000131,9.779603999999999,True,False,False
500,500,273,2026-02-06 12:25:00,4878.991,17.865999999999985,500.0,2.5,0.0,0.01,17.865999999999985,17.865999999999985,3.5731999999999973,7.1463999999999945,9.757982,True,False,False
500,500,274,2026-02-06 12:15:00,4895.638,18.19300000000021,500.0,2.5,0.0,0.01,18.19300000000021,18.19300000000021,3.6386000000000425,7.277200000000084,9.791276,True,False,False
500,500,275,2026-02-06 12:30:00,4877.645,17.82799999999952,500.0,2.5,0.0,0.01,17.82799999999952,17.82799999999952,3.5655999999999044,7.131199999999808,9.75529,True,False,False
500,500,276,2026-02-06 12:35:00,4883.504,18.02000000000044,500.0,2.5,0.0,0.01,18.02000000000044,18.02000000000044,3.6040000000000876,7.208000000000176,9.767008,True,False,False
500,500,277,2026-02-10 08:25:00,5038.835,15.122999999999593,500.0,2.5,0.0,0.01,15.122999999999593,15.122999999999593,3.0245999999999187,6.049199999999837,10.07767,True,False,False
500,500,278,2026-02-10 08:50:00,5051.384,11.63000000000011,500.0,2.5,0.0,0.01,11.63000000000011,11.63000000000011,2.326000000000022,4.652000000000044,10.102768,True,False,False
500,500,279,2026-02-10 10:20:00,5041.807,11.965000000000146,500.0,2.5,0.0,0.01,11.965000000000146,11.965000000000146,2.393000000000029,4.786000000000058,10.083613999999999,True,False,False
500,500,280,2026-02-10 10:30:00,5047.969,11.645000000000437,500.0,2.5,0.0,0.01,11.645000000000437,11.645000000000437,2.3290000000000872,4.6580000000001744,10.095938,True,False,False
500,500,281,2026-02-10 10:35:00,5051.824,11.23699999999917,500.0,2.5,0.0,0.01,11.23699999999917,11.23699999999917,2.247399999999834,4.494799999999668,10.103648,True,False,False
500,500,282,2026-02-10 10:40:00,5055.047,14.09399999999914,500.0,2.5,0.0,0.01,14.09399999999914,14.09399999999914,2.818799999999828,5.637599999999656,10.110093999999998,True,False,False
500,500,283,2026-02-10 10:45:00,5054.286,13.332999999999627,500.0,2.5,0.0,0.01,13.332999999999627,13.332999999999627,2.6665999999999253,5.3331999999998505,10.108572,True,False,False
500,500,284,2026-02-10 10:50:00,5054.427,13.47399999999925,500.0,2.5,0.0,0.01,13.47399999999925,13.47399999999925,2.69479999999985,5.3895999999997,10.108854,True,False,False
500,500,285,2026-02-10 11:05:00,5046.819,7.591000000000349,500.0,2.5,0.0,0.01,7.591000000000349,7.591000000000349,1.51820000000007,3.03640000000014,10.093638,True,False,False
500,500,286,2026-02-10 11:10:00,5053.074,12.120999999999183,500.0,2.5,0.0,0.01,12.120999999999183,12.120999999999183,2.4241999999998365,4.848399999999673,10.106148,True,False,False
500,500,287,2026-02-10 10:55:00,5049.757,8.803999999999178,500.0,2.5,0.0,0.01,8.803999999999178,8.803999999999178,1.7607999999998354,3.521599999999671,10.099514,True,False,False
500,500,288,2026-02-10 11:15:00,5050.805,9.851999999999862,500.0,2.5,0.0,0.01,9.851999999999862,9.851999999999862,1.9703999999999726,3.940799999999945,10.10161,True,False,False
500,500,289,2026-02-10 11:00:00,5047.225,7.6030000000000655,500.0,2.5,0.0,0.01,7.6030000000000655,7.6030000000000655,1.520600000000013,3.041200000000026,10.09445,True,False,False
500,500,290,2026-02-10 11:20:00,5047.503,7.706000000000131,500.0,2.5,0.0,0.01,7.706000000000131,7.706000000000131,1.5412000000000263,3.082400000000052,10.095006,True,False,False
500,500,291,2026-02-11 15:35:00,5053.881,18.226000000000568,500.0,2.5,0.0,0.01,18.226000000000568,18.226000000000568,3.6452000000001137,7.290400000000227,10.107762000000001,True,False,False
500,500,292,2026-02-11 15:45:00,5048.872,18.80200000000059,500.0,2.5,0.0,0.01,18.80200000000059,18.80200000000059,3.760400000000118,7.520800000000236,10.097744,True,False,False
500,500,293,2026-02-11 15:30:00,5049.317,18.21100000000024,500.0,2.5,0.0,0.01,18.21100000000024,18.21100000000024,3.6422000000000483,7.284400000000096,10.098634,True,False,False
500,500,294,2026-02-11 15:40:00,5046.471,17.889999999999418,500.0,2.5,0.0,0.01,17.889999999999418,17.889999999999418,3.5779999999998835,7.155999999999767,10.092941999999999,True,False,False
500,500,295,2026-02-11 15:50:00,5048.297,17.213999999999942,500.0,2.5,0.0,0.01,17.213999999999942,17.213999999999942,3.442799999999988,6.885599999999977,10.096594,True,False,False
500,500,296,2026-02-18 07:00:00,4930.645,8.02099999999973,500.0,2.5,0.0,0.01,8.02099999999973,8.02099999999973,1.6041999999999463,3.2083999999998922,9.86129,True,False,False
500,500,297,2026-02-18 07:10:00,4938.236,8.530999999999949,500.0,2.5,0.0,0.01,8.530999999999949,8.530999999999949,1.7061999999999897,3.4123999999999794,9.876472,True,False,False
500,500,298,2026-02-18 07:25:00,4935.119,8.637000000000626,500.0,2.5,0.0,0.01,8.637000000000626,8.637000000000626,1.727400000000125,3.45480000000025,9.870237999999999,True,False,False
500,500,299,2026-02-18 07:15:00,4938.207,8.639999999999418,500.0,2.5,0.0,0.01,8.639999999999418,8.639999999999418,1.7279999999998834,3.4559999999997673,9.876414,True,False,False
500,500,300,2026-02-18 07:05:00,4934.746,8.224999999999454,500.0,2.5,0.0,0.01,8.224999999999454,8.224999999999454,1.644999999999891,3.2899999999997815,9.869492000000001,True,False,False
500,500,301,2026-02-18 07:30:00,4938.957,8.97399999999925,500.0,2.5,0.0,0.01,8.97399999999925,8.97399999999925,1.79479999999985,3.5895999999997,9.877914,True,False,False
500,500,302,2026-02-18 07:35:00,4938.567,9.177999999999884,500.0,2.5,0.0,0.01,9.177999999999884,9.177999999999884,1.8355999999999768,3.6711999999999536,9.877134,True,False,False
500,500,303,2026-02-18 07:20:00,4934.381,8.781999999999243,500.0,2.5,0.0,0.01,8.781999999999243,8.781999999999243,1.7563999999998487,3.5127999999996975,9.868762,True,False,False
500,500,304,2026-02-18 07:40:00,4937.029,9.039999999999964,500.0,2.5,0.0,0.01,9.039999999999964,9.039999999999964,1.8079999999999925,3.6159999999999854,9.874058000000002,True,False,False
500,500,305,2026-02-18 07:45:00,4934.042,9.099999999999454,500.0,2.5,0.0,0.01,9.099999999999454,9.099999999999454,1.8199999999998908,3.6399999999997816,9.868084000000001,True,False,False
500,500,306,2026-02-18 07:50:00,4932.068,9.057999999999993,500.0,2.5,0.0,0.01,9.057999999999993,9.057999999999993,1.8115999999999985,3.623199999999997,9.864136,True,False,False
500,500,307,2026-02-18 08:00:00,4930.414,8.61200000000008,500.0,2.5,0.0,0.01,8.61200000000008,8.61200000000008,1.722400000000016,3.444800000000032,9.860828,True,False,False
500,500,308,2026-02-18 08:10:00,4929.486,8.069999999999709,500.0,2.5,0.0,0.01,8.069999999999709,8.069999999999709,1.613999999999942,3.2279999999998834,9.858972,True,False,False
500,500,309,2026-02-18 08:15:00,4929.484,8.016999999999825,500.0,2.5,0.0,0.01,8.016999999999825,8.016999999999825,1.6033999999999649,3.20679999999993,9.858968,True,False,False
500,500,310,2026-02-18 09:05:00,4915.075,6.859000000000378,500.0,2.5,0.0,0.01,6.859000000000378,6.859000000000378,1.3718000000000758,2.7436000000001513,9.83015,True,False,False
500,500,311,2026-02-18 09:15:00,4916.851,7.778000000000247,500.0,2.5,0.0,0.01,7.778000000000247,7.778000000000247,1.5556000000000494,3.1112000000000988,9.833701999999999,True,False,False
500,500,312,2026-02-18 08:20:00,4926.331,7.657999999999447,500.0,2.5,0.0,0.01,7.657999999999447,7.657999999999447,1.5315999999998895,3.063199999999779,9.852662,True,False,False
500,500,313,2026-02-18 08:30:00,4926.122,7.108999999999469,500.0,2.5,0.0,0.01,7.108999999999469,7.108999999999469,1.4217999999998938,2.8435999999997876,9.852244,True,False,False
500,500,314,2026-02-18 08:35:00,4924.082,7.085999999999331,500.0,2.5,0.0,0.01,7.085999999999331,7.085999999999331,1.4171999999998661,2.8343999999997322,9.848164,True,False,False
500,500,315,2026-02-18 08:40:00,4925.687,6.958999999999833,500.0,2.5,0.0,0.01,6.958999999999833,6.958999999999833,1.3917999999999664,2.7835999999999332,9.851374,True,False,False
500,500,316,2026-02-18 08:45:00,4921.366,6.636000000000422,500.0,2.5,0.0,0.01,6.636000000000422,6.636000000000422,1.3272000000000843,2.6544000000001686,9.842732,True,False,False
500,500,317,2026-02-18 09:10:00,4918.682,7.247000000000298,500.0,2.5,0.0,0.01,7.247000000000298,7.247000000000298,1.4494000000000598,2.8988000000001195,9.837363999999999,True,False,False
500,500,318,2026-02-18 11:45:00,4911.464,6.2150000000001455,500.0,2.5,0.0,0.01,6.2150000000001455,6.2150000000001455,1.2430000000000292,2.4860000000000584,9.822928,True,False,False
500,500,319,2026-02-18 11:50:00,4913.485,5.9350000000004,500.0,2.5,0.0,0.01,5.9350000000004,5.9350000000004,1.18700000000008,2.37400000000016,9.82697,True,False,False
500,500,320,2026-02-18 09:20:00,4915.974,7.826000000000022,500.0,2.5,0.0,0.01,7.826000000000022,7.826000000000022,1.5652000000000044,3.1304000000000087,9.831948,True,False,False
500,500,321,2026-02-18 09:55:00,4920.479,8.489999999999782,500.0,2.5,0.0,0.01,8.489999999999782,8.489999999999782,1.6979999999999564,3.395999999999913,9.840958,True,False,False
500,500,322,2026-02-18 09:50:00,4919.712,8.817000000000007,500.0,2.5,0.0,0.01,8.817000000000007,8.817000000000007,1.7634000000000014,3.526800000000003,9.839424000000001,True,False,False
500,500,323,2026-02-18 10:15:00,4920.033,8.255999999999403,500.0,2.5,0.0,0.01,8.255999999999403,8.255999999999403,1.6511999999998805,3.3023999999997615,9.840066,True,False,False
500,500,324,2026-02-18 10:10:00,4922.874,8.623999999999796,500.0,2.5,0.0,0.01,8.623999999999796,8.623999999999796,1.7247999999999593,3.4495999999999185,9.845748,True,False,False
500,500,325,2026-02-18 10:00:00,4917.448,8.264000000000124,500.0,2.5,0.0,0.01,8.264000000000124,8.264000000000124,1.6528000000000247,3.3056000000000494,9.834896,True,False,False
500,500,326,2026-02-18 10:05:00,4921.589,8.463999999999942,500.0,2.5,0.0,0.01,8.463999999999942,8.463999999999942,1.6927999999999883,3.3855999999999766,9.843178,True,False,False
500,500,327,2026-02-18 10:20:00,4919.61,8.181000000000495,500.0,2.5,0.0,0.01,8.181000000000495,8.181000000000495,1.6362000000000991,3.272400000000198,9.83922,True,False,False
500,500,328,2026-02-18 10:30:00,4921.292,8.194999999999709,500.0,2.5,0.0,0.01,8.194999999999709,8.194999999999709,1.6389999999999418,3.2779999999998837,9.842584,True,False,False
500,500,329,2026-02-19 12:15:00,4988.552,15.714999999999236,500.0,2.5,0.0,0.01,15.714999999999236,15.714999999999236,3.1429999999998475,6.285999999999694,9.977103999999999,True,False,False
500,500,330,2026-02-19 13:05:00,4983.427,5.962999999999738,500.0,2.5,0.0,0.01,5.962999999999738,5.962999999999738,1.1925999999999477,2.3851999999998954,9.966854,True,False,False
500,500,331,2026-02-20 08:50:00,5024.822,18.33500000000004,500.0,2.5,0.0,0.01,18.33500000000004,18.33500000000004,3.667000000000008,7.334000000000016,10.049644,True,False,False
500,500,332,2026-02-20 08:55:00,5030.447,23.96000000000004,500.0,2.5,0.0,0.01,23.96000000000004,23.96000000000004,4.792000000000008,9.584000000000016,10.060894000000001,True,False,False
500,500,333,2026-02-20 09:00:00,5028.998,22.510999999999516,500.0,2.5,0.0,0.01,22.510999999999516,22.510999999999516,4.502199999999903,9.004399999999807,10.057996,True,False,False
500,500,334,2026-02-24 17:20:00,5160.919,20.978000000000065,500.0,2.5,0.0,0.01,20.978000000000065,20.978000000000065,4.195600000000013,8.391200000000026,10.321838,True,False,False
500,500,335,2026-02-24 17:25:00,5160.172,21.725000000000364,500.0,2.5,0.0,0.01,21.725000000000364,21.725000000000364,4.345000000000073,8.690000000000145,10.320343999999999,True,False,False
500,500,336,2026-02-24 18:00:00,5163.588,18.3090000000002,500.0,2.5,0.0,0.01,18.3090000000002,18.3090000000002,3.66180000000004,7.32360000000008,10.327176,True,False,False
500,500,337,2026-02-24 18:05:00,5167.003,14.894000000000233,500.0,2.5,0.0,0.01,14.894000000000233,14.894000000000233,2.9788000000000467,5.9576000000000935,10.334005999999999,True,False,False
500,500,338,2026-02-24 17:30:00,5158.793,23.10400000000027,500.0,2.5,0.0,0.01,23.10400000000027,23.10400000000027,4.620800000000054,9.241600000000108,10.317585999999999,True,False,False
500,500,339,2026-02-24 17:35:00,5157.974,23.92299999999977,500.0,2.5,0.0,0.01,23.92299999999977,23.92299999999977,4.784599999999954,9.569199999999908,10.315948,True,False,False
500,500,340,2026-02-24 17:40:00,5158.543,23.35400000000027,500.0,2.5,0.0,0.01,23.35400000000027,23.35400000000027,4.670800000000054,9.341600000000108,10.317086,True,False,False
500,500,341,2026-02-24 17:45:00,5160.672,21.225000000000364,500.0,2.5,0.0,0.01,21.225000000000364,21.225000000000364,4.245000000000073,8.490000000000146,10.321344,True,False,False
500,500,342,2026-02-24 17:50:00,5159.924,21.97299999999996,500.0,2.5,0.0,0.01,21.97299999999996,21.97299999999996,4.3945999999999925,8.789199999999983,10.319848,True,False,False
500,500,343,2026-02-24 17:55:00,5159.405,22.49200000000019,500.0,2.5,0.0,0.01,22.49200000000019,22.49200000000019,4.4984000000000375,8.996800000000075,10.31881,True,False,False
500,500,344,2026-02-24 18:10:00,5168.272,13.625,500.0,2.5,0.0,0.01,13.625,13.625,2.725,5.45,10.336544,True,False,False
500,500,345,2026-02-26 19:40:00,5184.423,7.36200000000008,500.0,2.5,0.0,0.01,7.36200000000008,7.36200000000008,1.4724000000000161,2.944800000000032,10.368846,True,False,False
500,500,346,2026-02-26 19:45:00,5186.267,7.148000000000138,500.0,2.5,0.0,0.01,7.148000000000138,7.148000000000138,1.4296000000000277,2.8592000000000555,10.372534,True,False,False
500,500,347,2026-02-26 19:50:00,5194.07,10.091999999999643,500.0,2.5,0.0,0.01,10.091999999999643,10.091999999999643,2.0183999999999287,4.036799999999857,10.38814,True,False,False
500,500,348,2026-02-27 07:10:00,5187.133,23.014000000000124,500.0,2.5,0.0,0.01,23.014000000000124,23.014000000000124,4.602800000000025,9.20560000000005,10.374266,True,False,False
500,500,349,2026-02-27 07:20:00,5178.34,18.28099999999995,500.0,2.5,0.0,0.01,18.28099999999995,18.28099999999995,3.65619999999999,7.31239999999998,10.35668,True,False,False
500,500,350,2026-02-27 09:15:00,5178.484,5.7940000000007785,500.0,2.5,0.0,0.01,5.7940000000007785,5.7940000000007785,1.1588000000001557,2.3176000000003114,10.356968,True,False,False
500,500,351,2026-02-27 09:20:00,5178.226,5.536000000000058,500.0,2.5,0.0,0.01,5.536000000000058,5.536000000000058,1.1072000000000117,2.2144000000000235,10.356451999999999,True,False,False
500,500,352,2026-02-27 09:25:00,5179.334,6.644000000000233,500.0,2.5,0.0,0.01,6.644000000000233,6.644000000000233,1.3288000000000466,2.657600000000093,10.358668,True,False,False
500,500,353,2026-02-27 09:30:00,5179.268,6.578000000000429,500.0,2.5,0.0,0.01,6.578000000000429,6.578000000000429,1.3156000000000858,2.6312000000001716,10.358536,True,False,False
500,500,354,2026-02-27 09:35:00,5179.902,7.212000000000444,500.0,2.5,0.0,0.01,7.212000000000444,7.212000000000444,1.4424000000000887,2.8848000000001774,10.359804,True,False,False
500,500,355,2026-02-27 07:15:00,5181.928,21.868999999999687,500.0,2.5,0.0,0.01,21.868999999999687,21.868999999999687,4.373799999999937,8.747599999999874,10.363856,True,False,False
500,500,356,2026-02-27 09:40:00,5180.426,7.736000000000786,500.0,2.5,0.0,0.01,7.736000000000786,7.736000000000786,1.5472000000001571,3.0944000000003142,10.360852000000001,True,False,False
500,500,357,2026-03-02 19:25:00,5325.434,17.043000000000575,500.0,2.5,0.0,0.01,17.043000000000575,17.043000000000575,3.408600000000115,6.81720000000023,10.650868000000001,True,False,False
500,500,358,2026-03-02 19:30:00,5330.997,16.715000000000146,500.0,2.5,0.0,0.01,16.715000000000146,16.715000000000146,3.3430000000000293,6.686000000000059,10.661994000000002,True,False,False
500,500,359,2026-03-04 17:20:00,5147.474,9.702000000000226,500.0,2.5,0.0,0.01,9.702000000000226,9.702000000000226,1.9404000000000452,3.8808000000000904,10.294948,True,False,False
500,500,360,2026-03-04 17:25:00,5128.577,15.702000000000226,500.0,2.5,0.0,0.01,15.702000000000226,15.702000000000226,3.1404000000000454,6.28080000000009,10.257154,True,False,False
500,500,361,2026-03-04 17:50:00,5139.965,15.95300000000043,500.0,2.5,0.0,0.01,15.95300000000043,15.95300000000043,3.1906000000000856,6.381200000000172,10.27993,True,False,False
500,500,362,2026-03-04 17:30:00,5134.19,17.587999999999738,500.0,2.5,0.0,0.01,17.587999999999738,17.587999999999738,3.517599999999948,7.035199999999895,10.268379999999999,True,False,False
500,500,363,2026-03-04 17:55:00,5143.514,10.489999999999782,500.0,2.5,0.0,0.01,10.489999999999782,10.489999999999782,2.0979999999999563,4.195999999999913,10.287028,True,False,False
500,500,364,2026-03-04 17:45:00,5137.509,16.337999999999738,500.0,2.5,0.0,0.01,16.337999999999738,16.337999999999738,3.2675999999999474,6.535199999999895,10.275018,True,False,False
500,500,365,2026-03-04 17:35:00,5136.465,17.865999999999985,500.0,2.5,0.0,0.01,17.865999999999985,17.865999999999985,3.5731999999999973,7.1463999999999945,10.27293,True,False,False
500,500,366,2026-03-04 18:05:00,5134.143,15.435999999999694,500.0,2.5,0.0,0.01,15.435999999999694,15.435999999999694,3.087199999999939,6.174399999999878,10.268286,True,False,False
500,500,367,2026-03-04 18:00:00,5141.246,15.100999999999658,500.0,2.5,0.0,0.01,15.100999999999658,15.100999999999658,3.0201999999999316,6.040399999999863,10.282492,True,False,False
500,500,368,2026-03-06 17:40:00,5145.759,20.177999999999884,500.0,2.5,0.0,0.01,20.177999999999884,20.177999999999884,4.0355999999999765,8.071199999999953,10.291518,True,False,False
500,500,369,2026-03-06 17:45:00,5137.993,12.412000000000262,500.0,2.5,0.0,0.01,12.412000000000262,12.412000000000262,2.482400000000052,4.964800000000105,10.275986000000001,True,False,False
500,500,370,2026-03-10 18:20:00,5173.01,10.63799999999992,500.0,2.5,0.0,0.01,10.63799999999992,10.63799999999992,2.127599999999984,4.255199999999968,10.346020000000001,True,False,False
500,500,371,2026-03-10 18:25:00,5193.086,22.618000000000396,500.0,2.5,0.0,0.01,22.618000000000396,22.618000000000396,4.523600000000079,9.047200000000158,10.386172,True,False,False
500,500,372,2026-03-11 11:55:00,5183.358,24.721999999999756,500.0,2.5,0.0,0.01,24.721999999999756,24.721999999999756,4.944399999999951,9.888799999999902,10.366716,True,False,False
500,500,373,2026-03-11 12:10:00,5187.586,17.529999999999745,500.0,2.5,0.0,0.01,17.529999999999745,17.529999999999745,3.5059999999999487,7.011999999999898,10.375172000000001,True,False,False
500,500,374,2026-03-11 12:15:00,5191.467,13.649000000000342,500.0,2.5,0.0,0.01,13.649000000000342,13.649000000000342,2.7298000000000684,5.459600000000137,10.382933999999999,True,False,False
500,500,375,2026-03-12 12:10:00,5169.584,8.722999999999956,500.0,2.5,0.0,0.01,8.722999999999956,8.722999999999956,1.7445999999999913,3.4891999999999825,10.339167999999999,True,False,False
500,500,376,2026-03-17 10:30:00,5003.703,19.838000000000648,500.0,2.5,0.0,0.01,19.838000000000648,19.838000000000648,3.9676000000001292,7.935200000000259,10.007406000000001,True,False,False
500,500,377,2026-03-17 10:35:00,5004.309,20.44400000000041,500.0,2.5,0.0,0.01,20.44400000000041,20.44400000000041,4.088800000000082,8.177600000000165,10.008618,True,False,False
500,500,378,2026-03-17 13:25:00,5013.868,6.225000000000364,500.0,2.5,0.0,0.01,6.225000000000364,6.225000000000364,1.2450000000000727,2.4900000000001454,10.027736,True,False,False
500,500,379,2026-03-17 13:20:00,5017.942,10.046000000000276,500.0,2.5,0.0,0.01,10.046000000000276,10.046000000000276,2.0092000000000554,4.018400000000111,10.035884,True,False,False
500,500,380,2026-03-17 10:40:00,4999.074,15.208999999999833,500.0,2.5,0.0,0.01,15.208999999999833,15.208999999999833,3.0417999999999665,6.083599999999933,9.998147999999999,True,False,False
500,500,381,2026-03-17 10:45:00,4999.536,15.671000000000276,500.0,2.5,0.0,0.01,15.671000000000276,15.671000000000276,3.134200000000055,6.268400000000111,9.999072,True,False,False
500,500,382,2026-03-17 13:30:00,5012.895,6.240000000000691,500.0,2.5,0.0,0.01,6.240000000000691,6.240000000000691,1.2480000000001383,2.4960000000002767,10.02579,True,False,False
500,500,383,2026-03-17 13:35:00,5024.338,19.717999999999847,500.0,2.5,0.0,0.01,19.717999999999847,19.717999999999847,3.9435999999999694,7.887199999999939,10.048675999999999,True,False,False
500,500,384,2026-03-17 13:40:00,5025.694,21.074000000000524,500.0,2.5,0.0,0.01,21.074000000000524,21.074000000000524,4.214800000000104,8.42960000000021,10.051388000000001,True,False,False
500,500,385,2026-03-17 13:45:00,5027.409,22.78899999999976,500.0,2.5,0.0,0.01,22.78899999999976,22.78899999999976,4.557799999999952,9.115599999999905,10.054818,True,False,False
500,500,386,2026-03-17 13:50:00,5024.76,20.140000000000327,500.0,2.5,0.0,0.01,20.140000000000327,20.140000000000327,4.028000000000065,8.05600000000013,10.049520000000001,True,False,False
500,500,387,2026-03-17 14:10:00,5017.422,12.80199999999968,500.0,2.5,0.0,0.01,12.80199999999968,12.80199999999968,2.560399999999936,5.120799999999872,10.034844,True,False,False
500,500,388,2026-03-17 14:05:00,5011.051,9.226000000000568,500.0,2.5,0.0,0.01,9.226000000000568,9.226000000000568,1.8452000000001134,3.690400000000227,10.022102,True,False,False
500,500,389,2026-03-17 14:25:00,5010.022,11.417000000000373,500.0,2.5,0.0,0.01,11.417000000000373,11.417000000000373,2.2834000000000745,4.566800000000149,10.020044,True,False,False
500,500,390,2026-03-17 14:45:00,5013.867,15.262000000000626,500.0,2.5,0.0,0.01,15.262000000000626,15.262000000000626,3.0524000000001252,6.1048000000002505,10.027734,True,False,False
500,500,391,2026-03-17 14:50:00,5018.414,19.8090000000002,500.0,2.5,0.0,0.01,19.8090000000002,19.8090000000002,3.96180000000004,7.92360000000008,10.036828,True,False,False
500,500,392,2026-03-17 14:55:00,5010.674,12.069000000000417,500.0,2.5,0.0,0.01,12.069000000000417,12.069000000000417,2.413800000000083,4.827600000000166,10.021348,True,False,False
500,500,393,2026-03-17 15:30:00,4995.214,13.251999999999498,500.0,2.5,0.0,0.01,13.251999999999498,13.251999999999498,2.6503999999998995,5.300799999999799,9.990428,True,False,False
500,500,394,2026-03-17 15:40:00,4982.487,15.322000000000116,500.0,2.5,0.0,0.01,15.322000000000116,15.322000000000116,3.0644000000000235,6.128800000000046,9.964974,True,False,False
500,500,395,2026-03-17 16:10:00,4994.064,16.663000000000466,500.0,2.5,0.0,0.01,16.663000000000466,16.663000000000466,3.332600000000093,6.665200000000186,9.988128000000001,True,False,False
500,500,396,2026-03-17 16:55:00,5000.842,6.903999999999542,500.0,2.5,0.0,0.01,6.903999999999542,6.903999999999542,1.3807999999999083,2.7615999999998166,10.001684,True,False,False
500,500,397,2026-03-17 16:40:00,5001.418,9.53899999999976,500.0,2.5,0.0,0.01,9.53899999999976,9.53899999999976,1.907799999999952,3.815599999999904,10.002835999999999,True,False,False
500,500,398,2026-03-17 16:25:00,5002.162,16.181000000000495,500.0,2.5,0.0,0.01,16.181000000000495,16.181000000000495,3.2362000000000988,6.4724000000001976,10.004324,True,False,False
500,500,399,2026-03-17 16:30:00,5004.093,10.853000000000064,500.0,2.5,0.0,0.01,10.853000000000064,10.853000000000064,2.1706000000000127,4.3412000000000255,10.008186,True,False,False
500,500,400,2026-03-17 16:20:00,5000.877,16.110000000000582,500.0,2.5,0.0,0.01,16.110000000000582,16.110000000000582,3.2220000000001163,6.444000000000233,10.001754,True,False,False
500,500,401,2026-03-17 16:15:00,4994.859,16.47900000000027,500.0,2.5,0.0,0.01,16.47900000000027,16.47900000000027,3.2958000000000536,6.591600000000108,9.989718,True,False,False
500,500,402,2026-03-17 17:00:00,5001.986,7.653999999999542,500.0,2.5,0.0,0.01,7.653999999999542,7.653999999999542,1.5307999999999082,3.0615999999998165,10.003972,True,False,False
500,500,403,2026-03-23 17:40:00,4430.904,23.289999999999964,500.0,2.5,0.0,0.01,23.289999999999964,23.289999999999964,4.657999999999992,9.315999999999985,8.861808000000002,True,False,False
500,500,404,2026-03-23 18:20:00,4415.039,19.50500000000011,500.0,2.5,0.0,0.01,19.50500000000011,19.50500000000011,3.901000000000022,7.802000000000044,8.830078,True,False,False
500,500,405,2026-03-23 18:10:00,4417.102,19.488000000000284,500.0,2.5,0.0,0.01,19.488000000000284,19.488000000000284,3.8976000000000566,7.795200000000113,8.834204,True,False,False
500,500,406,2026-03-23 18:25:00,4414.185,18.14799999999923,500.0,2.5,0.0,0.01,18.14799999999923,18.14799999999923,3.6295999999998454,7.259199999999692,8.828370000000001,True,False,False
500,500,407,2026-03-24 16:25:00,4423.379,23.26800000000003,500.0,2.5,0.0,0.01,23.26800000000003,23.26800000000003,4.653600000000005,9.307200000000012,8.846758,True,False,False
500,500,408,2026-04-06 12:25:00,4664.482,7.21100000000024,500.0,2.5,0.0,0.01,7.21100000000024,7.21100000000024,1.4422000000000479,2.884400000000096,9.328964,True,False,False
500,500,409,2026-04-06 12:30:00,4666.479,7.708000000000538,500.0,2.5,0.0,0.01,7.708000000000538,7.708000000000538,1.5416000000001076,3.0832000000002155,9.332958000000001,True,False,False
500,500,410,2026-04-06 13:15:00,4668.835,8.703999999999724,500.0,2.5,0.0,0.01,8.703999999999724,8.703999999999724,1.7407999999999448,3.4815999999998892,9.33767,True,False,False
500,500,411,2026-04-06 13:25:00,4672.348,8.425000000000182,500.0,2.5,0.0,0.01,8.425000000000182,8.425000000000182,1.6850000000000365,3.370000000000073,9.344696,True,False,False
500,500,412,2026-04-06 13:30:00,4668.911,8.77099999999973,500.0,2.5,0.0,0.01,8.77099999999973,8.77099999999973,1.754199999999946,3.5083999999998925,9.337822000000001,True,False,False
500,500,413,2026-04-06 17:45:00,4656.479,9.384000000000016,500.0,2.5,0.0,0.01,9.384000000000016,9.384000000000016,1.8768000000000031,3.7536000000000067,9.312958,True,False,False
500,500,414,2026-04-16 14:10:00,4799.813,12.201000000000022,500.0,2.5,0.0,0.01,12.201000000000022,12.201000000000022,2.4402000000000044,4.880400000000009,9.599626,True,False,False
500,500,415,2026-04-16 16:40:00,4796.36,10.476999999999862,500.0,2.5,0.0,0.01,10.476999999999862,10.476999999999862,2.095399999999972,4.190799999999944,9.59272,True,False,False
500,500,416,2026-04-16 16:50:00,4787.991,10.570999999999913,500.0,2.5,0.0,0.01,10.570999999999913,10.570999999999913,2.1141999999999825,4.228399999999965,9.575982,True,False,False
500,500,417,2026-04-16 17:05:00,4792.226,9.49199999999928,500.0,2.5,0.0,0.01,9.49199999999928,9.49199999999928,1.8983999999998562,3.796799999999712,9.584451999999999,True,False,False
500,500,418,2026-04-16 17:10:00,4794.902,9.60400000000027,500.0,2.5,0.0,0.01,9.60400000000027,9.60400000000027,1.9208000000000538,3.8416000000001076,9.589804,True,False,False
500,500,419,2026-04-16 17:20:00,4791.286,10.006000000000313,500.0,2.5,0.0,0.01,10.006000000000313,10.006000000000313,2.0012000000000625,4.002400000000125,9.582572,True,False,False
500,500,420,2026-04-20 19:45:01,4812.192,23.39099999999962,500.0,2.5,0.0,0.01,23.39099999999962,23.39099999999962,4.678199999999924,9.356399999999848,9.624384,True,False,False
500,500,421,2026-04-20 19:50:00,4812.438,22.673999999999975,500.0,2.5,0.0,0.01,22.673999999999975,22.673999999999975,4.534799999999995,9.06959999999999,9.624876,True,False,False
500,500,422,2026-04-21 10:55:00,4789.784,22.514000000000124,500.0,2.5,0.0,0.01,22.514000000000124,22.514000000000124,4.502800000000025,9.00560000000005,9.579568,True,False,False
500,500,423,2026-04-21 11:00:00,4789.5,22.79799999999977,500.0,2.5,0.0,0.01,22.79799999999977,22.79799999999977,4.559599999999954,9.119199999999909,9.579,True,False,False
500,500,424,2026-04-21 11:45:00,4793.205,22.420000000000076,500.0,2.5,0.0,0.01,22.420000000000076,22.420000000000076,4.484000000000015,8.96800000000003,9.586409999999999,True,False,False
500,500,425,2026-04-21 11:55:00,4793.792,21.83299999999963,500.0,2.5,0.0,0.01,21.83299999999963,21.83299999999963,4.366599999999926,8.73319999999985,9.587584000000001,True,False,False
500,500,426,2026-04-21 11:50:00,4795.802,19.82300000000032,500.0,2.5,0.0,0.01,19.82300000000032,19.82300000000032,3.964600000000064,7.929200000000128,9.591604,True,False,False
500,500,427,2026-04-21 12:00:00,4794.67,20.954999999999927,500.0,2.5,0.0,0.01,20.954999999999927,20.954999999999927,4.190999999999986,8.381999999999971,9.58934,True,False,False
500,500,428,2026-04-22 14:55:00,4737.841,22.410000000000764,500.0,2.5,0.0,0.01,22.410000000000764,22.410000000000764,4.482000000000152,8.964000000000306,9.475682,True,False,False
500,500,429,2026-04-22 19:40:00,4740.059,8.460000000000036,500.0,2.5,0.0,0.01,8.460000000000036,8.460000000000036,1.6920000000000073,3.3840000000000146,9.480118000000001,True,False,False
500,500,430,2026-04-24 15:50:00,4724.116,9.38299999999981,500.0,2.5,0.0,0.01,9.38299999999981,9.38299999999981,1.8765999999999623,3.753199999999924,9.448232,True,False,False
500,500,431,2026-04-24 16:40:00,4723.989,9.925000000000182,500.0,2.5,0.0,0.01,9.925000000000182,9.925000000000182,1.9850000000000363,3.9700000000000726,9.447977999999999,True,False,False
500,500,432,2026-04-24 17:15:00,4727.626,6.778000000000247,500.0,2.5,0.0,0.01,6.778000000000247,6.778000000000247,1.3556000000000494,2.711200000000099,9.455252,True,False,False
500,500,433,2026-04-24 17:10:01,4727.533,6.915999999999258,500.0,2.5,0.0,0.01,6.915999999999258,6.915999999999258,1.3831999999998517,2.7663999999997033,9.455066,True,False,False
500,500,434,2026-04-24 17:05:00,4728.0,7.338999999999942,500.0,2.5,0.0,0.01,7.338999999999942,7.338999999999942,1.4677999999999884,2.935599999999977,9.456,True,False,False
500,500,435,2026-04-24 17:00:00,4726.688,7.605999999999767,500.0,2.5,0.0,0.01,7.605999999999767,7.605999999999767,1.5211999999999535,3.042399999999907,9.453376,True,False,False
500,500,436,2026-04-24 16:55:00,4724.392,8.84900000000016,500.0,2.5,0.0,0.01,8.84900000000016,8.84900000000016,1.769800000000032,3.539600000000064,9.448784,True,False,False
500,500,437,2026-04-24 17:20:00,4728.584,6.233000000000175,500.0,2.5,0.0,0.01,6.233000000000175,6.233000000000175,1.246600000000035,2.49320000000007,9.457168,True,False,False
500,500,438,2026-04-24 16:50:00,4721.982,9.519000000000233,500.0,2.5,0.0,0.01,9.519000000000233,9.519000000000233,1.9038000000000463,3.807600000000093,9.443964,True,False,False
500,500,439,2026-04-24 17:30:00,4722.894,6.23700000000008,500.0,2.5,0.0,0.01,6.23700000000008,6.23700000000008,1.247400000000016,2.494800000000032,9.445788,True,False,False
500,500,440,2026-04-27 07:15:00,4717.233,12.417000000000373,500.0,2.5,0.0,0.01,12.417000000000373,12.417000000000373,2.483400000000074,4.966800000000149,9.434466,True,False,False
500,500,441,2026-04-27 07:25:00,4717.694,12.878000000000611,500.0,2.5,0.0,0.01,12.878000000000611,12.878000000000611,2.5756000000001222,5.1512000000002445,9.435388000000001,True,False,False
500,500,442,2026-04-27 07:35:00,4716.63,6.735999999999876,500.0,2.5,0.0,0.01,6.735999999999876,6.735999999999876,1.3471999999999753,2.6943999999999506,9.43326,True,False,False
500,500,443,2026-04-27 07:50:00,4714.497,6.255000000000109,500.0,2.5,0.0,0.01,6.255000000000109,6.255000000000109,1.2510000000000219,2.5020000000000437,9.428994000000001,True,False,False
500,500,444,2026-04-27 08:10:00,4712.422,6.457999999999629,500.0,2.5,0.0,0.01,6.457999999999629,6.457999999999629,1.2915999999999257,2.5831999999998514,9.424843999999998,True,False,False
500,500,445,2026-04-29 10:40:00,4570.595,10.195000000000618,500.0,2.5,0.0,0.01,10.195000000000618,10.195000000000618,2.0390000000001236,4.078000000000247,9.14119,True,False,False
500,500,446,2026-05-01 12:30:00,4603.054,24.45600000000013,500.0,2.5,0.0,0.01,24.45600000000013,24.45600000000013,4.891200000000026,9.782400000000052,9.206108,True,False,False
500,500,447,2026-05-01 17:40:00,4630.629,7.471000000000458,500.0,2.5,0.0,0.01,7.471000000000458,7.471000000000458,1.4942000000000917,2.9884000000001834,9.261258,True,False,False
500,500,448,2026-05-01 17:45:00,4628.139,7.2020000000002256,500.0,2.5,0.0,0.01,7.2020000000002256,7.2020000000002256,1.4404000000000452,2.8808000000000904,9.256278,True,False,False
500,500,449,2026-05-01 17:50:00,4627.578,7.053999999999178,500.0,2.5,0.0,0.01,7.053999999999178,7.053999999999178,1.4107999999998355,2.821599999999671,9.255156000000001,True,False,False
500,500,450,2026-05-01 19:40:01,4617.158,14.733999999999469,500.0,2.5,0.0,0.01,14.733999999999469,14.733999999999469,2.9467999999998935,5.893599999999788,9.234316000000002,True,False,False
500,500,451,2026-05-01 19:45:00,4611.655,20.23700000000008,500.0,2.5,0.0,0.01,20.23700000000008,20.23700000000008,4.0474000000000165,8.094800000000031,9.22331,True,False,False
500,500,452,2026-05-01 19:50:00,4615.03,16.86200000000008,500.0,2.5,0.0,0.01,16.86200000000008,16.86200000000008,3.372400000000016,6.744800000000032,9.23006,True,False,False
500,500,453,2026-05-01 19:55:00,4610.584,21.307999999999996,500.0,2.5,0.0,0.01,21.307999999999996,21.307999999999996,4.2616,8.5232,9.221168,True,False,False
500,500,454,2026-05-04 10:10:00,4547.404,10.02600000000075,500.0,2.5,0.0,0.01,10.02600000000075,10.02600000000075,2.00520000000015,4.0104000000003,9.094808,True,False,False
500,500,455,2026-05-07 17:40:00,4703.418,9.826999999999316,500.0,2.5,0.0,0.01,9.826999999999316,9.826999999999316,1.965399999999863,3.9307999999997265,9.406836,True,False,False
500,500,456,2026-05-07 17:50:00,4699.835,15.188000000000102,500.0,2.5,0.0,0.01,15.188000000000102,15.188000000000102,3.0376000000000203,6.075200000000041,9.39967,True,False,False
500,500,457,2026-05-07 17:45:00,4699.647,15.073999999999614,500.0,2.5,0.0,0.01,15.073999999999614,15.073999999999614,3.014799999999923,6.029599999999846,9.399294,True,False,False
500,500,458,2026-05-07 18:00:00,4711.719,10.728000000000064,500.0,2.5,0.0,0.01,10.728000000000064,10.728000000000064,2.145600000000013,4.291200000000026,9.423438,True,False,False
500,500,459,2026-05-07 18:40:00,4713.099,13.399000000000342,500.0,2.5,0.0,0.01,13.399000000000342,13.399000000000342,2.679800000000068,5.359600000000137,9.426198000000001,True,False,False
500,500,460,2026-05-07 18:50:00,4700.699,7.675999999999476,500.0,2.5,0.0,0.01,7.675999999999476,7.675999999999476,1.535199999999895,3.0703999999997906,9.401397999999999,True,False,False
500,500,461,2026-05-07 19:25:00,4700.842,12.777999999999338,500.0,2.5,0.0,0.01,12.777999999999338,12.777999999999338,2.5555999999998678,5.1111999999997355,9.401684,True,False,False
500,500,462,2026-05-07 19:30:00,4705.339,8.676000000000386,500.0,2.5,0.0,0.01,8.676000000000386,8.676000000000386,1.735200000000077,3.4704000000001543,9.410678,True,False,False
500,500,463,2026-05-07 19:45:00,4710.186,8.96599999999944,500.0,2.5,0.0,0.01,8.96599999999944,8.96599999999944,1.793199999999888,3.586399999999776,9.420371999999999,True,False,False
500,500,464,2026-05-07 19:50:00,4709.202,9.600000000000364,500.0,2.5,0.0,0.01,9.600000000000364,9.600000000000364,1.9200000000000728,3.8400000000001455,9.418404,True,False,False
500,500,465,2026-05-07 19:55:00,4706.956,8.835000000000036,500.0,2.5,0.0,0.01,8.835000000000036,8.835000000000036,1.767000000000007,3.5340000000000145,9.413912,True,False,False
500,500,466,2026-05-11 19:20:00,4724.726,5.182999999999993,500.0,2.5,0.0,0.01,5.182999999999993,5.182999999999993,1.0365999999999984,2.0731999999999973,9.449451999999999,True,False,False
500,500,467,2026-05-11 19:25:00,4723.846,5.004000000000815,500.0,2.5,0.0,0.01,5.004000000000815,5.004000000000815,1.0008000000001631,2.001600000000326,9.447692,True,False,False
500,500,468,2026-05-11 19:30:00,4724.18,4.697000000000116,500.0,2.5,0.0,0.01,4.697000000000116,4.697000000000116,0.9394000000000232,1.8788000000000467,9.448360000000001,True,False,False
500,500,469,2026-05-11 19:35:00,4724.597,4.618000000000393,500.0,2.5,0.0,0.01,4.618000000000393,4.618000000000393,0.9236000000000786,1.8472000000001572,9.449194,True,False,False
500,500,470,2026-05-12 11:35:00,4699.019,10.101000000000568,500.0,2.5,0.0,0.01,10.101000000000568,10.101000000000568,2.0202000000001137,4.040400000000227,9.398038,True,False,False
500,500,471,2026-05-12 12:00:00,4706.89,22.57200000000012,500.0,2.5,0.0,0.01,22.57200000000012,22.57200000000012,4.514400000000024,9.028800000000048,9.413780000000001,True,False,False
500,500,472,2026-05-12 12:15:00,4705.444,23.462999999999735,500.0,2.5,0.0,0.01,23.462999999999735,23.462999999999735,4.692599999999947,9.385199999999895,9.410888000000002,True,False,False
500,500,473,2026-05-12 12:20:00,4704.264,24.64300000000003,500.0,2.5,0.0,0.01,24.64300000000003,24.64300000000003,4.928600000000006,9.857200000000011,9.408528,True,False,False
500,500,474,2026-05-13 18:10:00,4690.745,20.02199999999993,500.0,2.5,0.0,0.01,20.02199999999993,20.02199999999993,4.004399999999986,8.008799999999972,9.38149,True,False,False
500,500,475,2026-05-13 18:15:00,4692.475,18.29199999999946,500.0,2.5,0.0,0.01,18.29199999999946,18.29199999999946,3.6583999999998924,7.316799999999785,9.38495,True,False,False
500,500,476,2026-05-13 18:20:00,4690.586,13.466999999999643,500.0,2.5,0.0,0.01,13.466999999999643,13.466999999999643,2.693399999999929,5.386799999999857,9.381172000000001,True,False,False
500,500,477,2026-05-13 18:25:00,4690.084,13.969000000000053,500.0,2.5,0.0,0.01,13.969000000000053,13.969000000000053,2.7938000000000107,5.587600000000021,9.380168,True,False,False
500,500,478,2026-05-14 11:20:00,4695.147,10.725999999999658,500.0,2.5,0.0,0.01,10.725999999999658,10.725999999999658,2.1451999999999316,4.290399999999863,9.390293999999999,True,False,False
500,500,479,2026-05-14 11:35:00,4693.936,5.292999999999665,500.0,2.5,0.0,0.01,5.292999999999665,5.292999999999665,1.058599999999933,2.1171999999998663,9.387872,True,False,False
500,500,480,2026-05-19 09:50:00,4540.881,6.903000000000247,500.0,2.5,0.0,0.01,6.903000000000247,6.903000000000247,1.3806000000000496,2.761200000000099,9.081762000000001,True,False,False
500,500,481,2026-05-21 13:05:00,4512.403,11.131000000000313,500.0,2.5,0.0,0.01,11.131000000000313,11.131000000000313,2.2262000000000626,4.452400000000125,9.024806,True,False,False
500,500,482,2026-05-22 09:10:00,4522.281,15.863000000000284,500.0,2.5,0.0,0.01,15.863000000000284,15.863000000000284,3.1726000000000565,6.345200000000114,9.044561999999999,True,False,False
500,500,483,2026-05-22 11:40:00,4519.048,7.777999999999338,500.0,2.5,0.0,0.01,7.777999999999338,7.777999999999338,1.5555999999998675,3.111199999999735,9.038096,True,False,False
500,500,484,2026-05-22 12:50:00,4519.05,10.09900000000016,500.0,2.5,0.0,0.01,10.09900000000016,10.09900000000016,2.019800000000032,4.039600000000064,9.0381,True,False,False
500,500,485,2026-05-22 13:05:00,4524.38,10.891999999999824,500.0,2.5,0.0,0.01,10.891999999999824,10.891999999999824,2.178399999999965,4.35679999999993,9.04876,True,False,False
500,500,486,2026-05-22 13:30:00,4522.248,11.44799999999941,500.0,2.5,0.0,0.01,11.44799999999941,11.44799999999941,2.289599999999882,4.579199999999764,9.044495999999999,True,False,False
500,500,487,2026-05-22 13:50:00,4511.388,10.333999999999833,500.0,2.5,0.0,0.01,10.333999999999833,10.333999999999833,2.0667999999999664,4.133599999999933,9.022776,True,False,False
500,500,488,2026-05-22 14:10:00,4510.202,12.018000000000027,500.0,2.5,0.0,0.01,12.018000000000027,12.018000000000027,2.4036000000000053,4.807200000000011,9.020404000000001,True,False,False
500,500,489,2026-05-28 14:15:00,4464.353,11.917000000000373,500.0,2.5,0.0,0.01,11.917000000000373,11.917000000000373,2.3834000000000746,4.766800000000149,8.928706,True,False,False
500,500,490,2026-05-28 14:20:00,4464.596,13.90100000000075,500.0,2.5,0.0,0.01,13.90100000000075,13.90100000000075,2.78020000000015,5.5604000000003,8.929191999999999,True,False,False
500,500,491,2026-05-28 15:05:00,4474.749,24.877000000000407,500.0,2.5,0.0,0.01,24.877000000000407,24.877000000000407,4.975400000000081,9.950800000000163,8.949498,True,False,False
500,500,492,2026-05-28 15:10:00,4473.582,24.67199999999957,500.0,2.5,0.0,0.01,24.67199999999957,24.67199999999957,4.934399999999914,9.868799999999828,8.947164,True,False,False
500,500,493,2026-05-28 15:25:00,4476.267,19.603000000000065,500.0,2.5,0.0,0.01,19.603000000000065,19.603000000000065,3.9206000000000127,7.841200000000026,8.952534,True,False,False
500,500,494,2026-05-28 15:20:00,4472.701,23.33200000000033,500.0,2.5,0.0,0.01,23.33200000000033,23.33200000000033,4.666400000000066,9.332800000000132,8.945402,True,False,False
500,500,495,2026-05-28 15:15:00,4471.552,24.71900000000005,500.0,2.5,0.0,0.01,24.71900000000005,24.71900000000005,4.94380000000001,9.88760000000002,8.943104,True,False,False
500,500,496,2026-05-28 15:30:00,4477.142,16.579999999999927,500.0,2.5,0.0,0.01,16.579999999999927,16.579999999999927,3.3159999999999856,6.631999999999971,8.954284,True,False,False
500,500,497,2026-05-28 15:35:00,4480.827,15.224999999999454,500.0,2.5,0.0,0.01,15.224999999999454,15.224999999999454,3.0449999999998907,6.089999999999781,8.961654000000001,True,False,False
500,500,498,2026-06-02 14:10:00,4503.404,22.3070000000007,500.0,2.5,0.0,0.01,22.3070000000007,22.3070000000007,4.46140000000014,8.92280000000028,9.006808000000001,True,False,False
500,500,499,2026-06-02 15:25:00,4503.827,22.101000000000568,500.0,2.5,0.0,0.01,22.101000000000568,22.101000000000568,4.420200000000114,8.840400000000226,9.007654,True,False,False
500,500,500,2026-06-02 15:30:00,4505.886,24.160000000000764,500.0,2.5,0.0,0.01,24.160000000000764,24.160000000000764,4.832000000000153,9.664000000000305,9.011772,True,False,False
500,500,501,2026-06-02 16:05:00,4501.38,22.162000000000265,500.0,2.5,0.0,0.01,22.162000000000265,22.162000000000265,4.432400000000053,8.864800000000105,9.00276,True,False,False
500,500,502,2026-06-02 16:20:00,4495.17,18.640000000000327,500.0,2.5,0.0,0.01,18.640000000000327,18.640000000000327,3.7280000000000655,7.456000000000131,8.99034,True,False,False
500,500,503,2026-06-02 16:30:00,4490.951,14.421000000000276,500.0,2.5,0.0,0.01,14.421000000000276,14.421000000000276,2.8842000000000554,5.768400000000111,8.981902,True,False,False
500,500,504,2026-06-02 16:45:00,4490.136,9.536000000000058,500.0,2.5,0.0,0.01,9.536000000000058,9.536000000000058,1.9072000000000116,3.814400000000023,8.980272000000001,True,False,False
500,500,505,2026-06-02 16:55:00,4489.79,9.1899999999996,500.0,2.5,0.0,0.01,9.1899999999996,9.1899999999996,1.83799999999992,3.67599999999984,8.97958,True,False,False
500,500,506,2026-06-02 17:20:00,4487.641,14.083999999999833,500.0,2.5,0.0,0.01,14.083999999999833,14.083999999999833,2.8167999999999664,5.633599999999933,8.975282,True,False,False
500,500,507,2026-06-02 17:25:00,4488.498,14.940999999999804,500.0,2.5,0.0,0.01,14.940999999999804,14.940999999999804,2.988199999999961,5.976399999999922,8.976996,True,False,False
500,500,508,2026-06-04 07:40:00,4463.921,16.766999999999825,500.0,2.5,0.0,0.01,16.766999999999825,16.766999999999825,3.3533999999999646,6.70679999999993,8.927842,True,False,False
500,500,509,2026-06-04 08:15:00,4460.77,21.19700000000012,500.0,2.5,0.0,0.01,21.19700000000012,21.19700000000012,4.239400000000024,8.478800000000048,8.92154,True,False,False
500,500,510,2026-06-04 08:40:00,4461.223,21.64999999999964,500.0,2.5,0.0,0.01,21.64999999999964,21.64999999999964,4.329999999999927,8.659999999999856,8.922446,True,False,False
500,500,511,2026-06-04 17:40:00,4478.299,21.48700000000008,500.0,2.5,0.0,0.01,21.48700000000008,21.48700000000008,4.297400000000016,8.594800000000031,8.956598,True,False,False
500,500,512,2026-06-04 17:50:00,4479.018,22.20600000000013,500.0,2.5,0.0,0.01,22.20600000000013,22.20600000000013,4.441200000000026,8.882400000000052,8.958036,True,False,False
500,500,513,2026-06-04 17:55:00,4478.827,22.015000000000327,500.0,2.5,0.0,0.01,22.015000000000327,22.015000000000327,4.403000000000065,8.80600000000013,8.957654,True,False,False
500,500,514,2026-06-04 18:05:00,4477.603,20.791000000000167,500.0,2.5,0.0,0.01,20.791000000000167,20.791000000000167,4.158200000000034,8.316400000000067,8.955206,True,False,False
500,500,515,2026-06-08 19:25:00,4327.005,6.532000000000153,500.0,2.5,0.0,0.01,6.532000000000153,6.532000000000153,1.3064000000000306,2.6128000000000613,8.65401,True,False,False
500,500,516,2026-06-08 19:30:00,4327.739,6.6850000000004,500.0,2.5,0.0,0.01,6.6850000000004,6.6850000000004,1.33700000000008,2.6740000000001602,8.655477999999999,True,False,False
500,500,517,2026-06-08 19:35:00,4327.438,6.605999999999767,500.0,2.5,0.0,0.01,6.605999999999767,6.605999999999767,1.3211999999999535,2.642399999999907,8.654876,True,False,False
500,500,518,2026-06-08 19:55:00,4328.299,5.903000000000247,500.0,2.5,0.0,0.01,5.903000000000247,5.903000000000247,1.1806000000000494,2.3612000000000988,8.656598,True,False,False
500,500,519,2026-06-09 09:50:00,4330.022,8.76299999999992,500.0,2.5,0.0,0.01,8.76299999999992,8.76299999999992,1.752599999999984,3.505199999999968,8.660044,True,False,False
500,500,520,2026-06-09 12:55:00,4337.702,13.478000000000064,500.0,2.5,0.0,0.01,13.478000000000064,13.478000000000064,2.6956000000000127,5.391200000000025,8.675404,True,False,False
500,500,521,2026-06-15 19:40:00,4321.069,4.8700000000008,500.0,2.5,0.0,0.01,4.8700000000008,4.8700000000008,0.9740000000001602,1.9480000000003201,8.642138000000001,True,False,False
500,500,522,2026-06-15 19:45:00,4319.472,4.770999999999731,500.0,2.5,0.0,0.01,4.770999999999731,4.770999999999731,0.9541999999999462,1.9083999999998924,8.638943999999999,True,False,False
500,500,523,2026-06-15 19:55:00,4320.533,4.664999999999964,500.0,2.5,0.0,0.01,4.664999999999964,4.664999999999964,0.9329999999999927,1.8659999999999854,8.641066,True,False,False
500,500,524,2026-06-16 19:35:00,4339.518,23.99200000000019,500.0,2.5,0.0,0.01,23.99200000000019,23.99200000000019,4.798400000000038,9.596800000000076,8.679036,True,False,False
500,500,525,2026-06-16 19:40:00,4337.929,22.403000000000247,500.0,2.5,0.0,0.01,22.403000000000247,22.403000000000247,4.48060000000005,8.9612000000001,8.675858,True,False,False
500,500,526,2026-06-16 19:55:00,4334.048,12.106999999999973,500.0,2.5,0.0,0.01,12.106999999999973,12.106999999999973,2.4213999999999944,4.842799999999989,8.668096,True,False,False
500,500,527,2026-06-17 10:30:00,4328.852,11.015000000000327,500.0,2.5,0.0,0.01,11.015000000000327,11.015000000000327,2.203000000000065,4.406000000000131,8.657703999999999,True,False,False
500,500,528,2026-06-17 10:40:02,4329.511,10.355999999999767,500.0,2.5,0.0,0.01,10.355999999999767,10.355999999999767,2.071199999999953,4.142399999999907,8.659022,True,False,False
500,500,529,2026-06-17 12:00:00,4323.447,19.327000000000226,500.0,2.5,0.0,0.01,19.327000000000226,19.327000000000226,3.865400000000045,7.73080000000009,8.646894,True,False,False
500,500,530,2026-06-17 12:10:00,4323.253,19.75700000000052,500.0,2.5,0.0,0.01,19.75700000000052,19.75700000000052,3.951400000000104,7.902800000000208,8.646505999999999,True,False,False
500,500,531,2026-06-17 12:15:00,4323.21,19.800000000000185,500.0,2.5,0.0,0.01,19.800000000000185,19.800000000000185,3.9600000000000373,7.9200000000000745,8.64642,True,False,False
500,500,532,2026-06-17 12:20:00,4324.177,18.83300000000054,500.0,2.5,0.0,0.01,18.83300000000054,18.83300000000054,3.7666000000001074,7.533200000000216,8.648354,True,False,False
500,500,533,2026-06-18 18:20:00,4228.652,8.024000000000342,500.0,2.5,0.0,0.01,8.024000000000342,8.024000000000342,1.6048000000000684,3.209600000000137,8.457304,True,False,False
500,500,534,2026-06-18 18:25:00,4228.173,7.903999999999542,500.0,2.5,0.0,0.01,7.903999999999542,7.903999999999542,1.5807999999999083,3.1615999999998166,8.456346,True,False,False
500,500,535,2026-06-18 18:45:00,4224.865,7.264000000000124,500.0,2.5,0.0,0.01,7.264000000000124,7.264000000000124,1.4528000000000247,2.9056000000000495,8.449729999999999,True,False,False
500,500,536,2026-06-18 18:50:00,4221.849,7.204999999999927,500.0,2.5,0.0,0.01,7.204999999999927,7.204999999999927,1.4409999999999856,2.881999999999971,8.443698,True,False,False
500,500,537,2026-06-25 13:05:00,4029.073,17.44300000000021,500.0,2.5,0.0,0.01,17.44300000000021,17.44300000000021,3.4886000000000426,6.977200000000084,8.058145999999999,True,False,False
500,500,538,2026-06-25 13:15:00,4030.827,19.85699999999997,500.0,2.5,0.0,0.01,19.85699999999997,19.85699999999997,3.9713999999999943,7.9427999999999885,8.061654,True,False,False
500,500,539,2026-06-25 15:15:00,4008.023,10.5949999999998,500.0,2.5,0.0,0.01,10.5949999999998,10.5949999999998,2.1189999999999602,4.23799999999992,8.016046000000001,True,False,False
500,500,540,2026-06-26 09:05:00,4034.246,4.613000000000284,500.0,2.5,0.0,0.01,4.613000000000284,4.613000000000284,0.9226000000000567,1.8452000000001134,8.068492,True,False,False
500,500,541,2026-06-26 09:35:00,4048.369,14.751999999999953,500.0,2.5,0.0,0.01,14.751999999999953,14.751999999999953,2.9503999999999904,5.900799999999981,8.096738,True,False,False
500,500,542,2026-06-29 07:55:00,4064.545,6.44399999999996,500.0,2.5,0.0,0.01,6.44399999999996,6.44399999999996,1.288799999999992,2.577599999999984,8.12909,True,False,False
500,500,543,2026-06-29 08:00:00,4061.846,6.563000000000102,500.0,2.5,0.0,0.01,6.563000000000102,6.563000000000102,1.3126000000000204,2.625200000000041,8.123692,True,False,False
500,500,544,2026-06-29 08:10:00,4063.87,6.806999999999789,500.0,2.5,0.0,0.01,6.806999999999789,6.806999999999789,1.3613999999999578,2.7227999999999155,8.12774,True,False,False
500,500,545,2026-06-29 08:40:00,4062.561,6.245000000000346,500.0,2.5,0.0,0.01,6.245000000000346,6.245000000000346,1.2490000000000692,2.4980000000001383,8.125122000000001,True,False,False
500,500,546,2026-06-29 08:45:00,4055.711,6.376999999999953,500.0,2.5,0.0,0.01,6.376999999999953,6.376999999999953,1.2753999999999905,2.550799999999981,8.111422,True,False,False
500,500,547,2026-06-30 12:45:00,4018.145,6.134000000000015,500.0,2.5,0.0,0.01,6.134000000000015,6.134000000000015,1.226800000000003,2.453600000000006,8.03629,True,False,False
500,500,548,2026-06-30 12:50:00,4014.734,5.980000000000018,500.0,2.5,0.0,0.01,5.980000000000018,5.980000000000018,1.1960000000000037,2.3920000000000075,8.029468,True,False,False
500,500,549,2026-06-30 12:55:00,4014.19,5.657000000000153,500.0,2.5,0.0,0.01,5.657000000000153,5.657000000000153,1.1314000000000306,2.262800000000061,8.02838,True,False,False
500,500,550,2026-06-30 13:25:00,4019.756,11.316000000000258,500.0,2.5,0.0,0.01,11.316000000000258,11.316000000000258,2.263200000000052,4.526400000000104,8.039512,True,False,False
500,500,551,2026-06-30 14:00:00,4029.964,13.952000000000226,500.0,2.5,0.0,0.01,13.952000000000226,13.952000000000226,2.7904000000000453,5.580800000000091,8.059928000000001,True,False,False
500,500,552,2026-06-30 14:15:00,4043.41,17.11700000000019,500.0,2.5,0.0,0.01,17.11700000000019,17.11700000000019,3.4234000000000373,6.8468000000000755,8.086820000000001,True,False,False
500,500,553,2026-06-30 14:20:00,4048.8,17.458999999999833,500.0,2.5,0.0,0.01,17.458999999999833,17.458999999999833,3.4917999999999663,6.983599999999933,8.0976,True,False,False
500,500,554,2026-07-01 13:35:00,4047.85,13.916000000000167,500.0,2.5,0.0,0.01,13.916000000000167,13.916000000000167,2.7832000000000336,5.566400000000067,8.095699999999999,True,False,False
500,500,555,2026-07-01 13:40:00,4071.39,15.861000000000333,500.0,2.5,0.0,0.01,15.861000000000333,15.861000000000333,3.1722000000000667,6.3444000000001335,8.14278,True,False,False
500,500,556,2026-07-01 13:45:00,4097.992,21.503999999999905,500.0,2.5,0.0,0.01,21.503999999999905,21.503999999999905,4.300799999999981,8.601599999999962,8.195984000000001,True,False,False
500,500,557,2026-07-02 10:25:00,4066.888,6.472999999999956,500.0,2.5,0.0,0.01,6.472999999999956,6.472999999999956,1.2945999999999913,2.5891999999999826,8.133776,True,False,False
500,500,558,2026-07-02 12:00:00,4065.687,7.9220000000000255,500.0,2.5,0.0,0.01,7.9220000000000255,7.9220000000000255,1.5844000000000054,3.1688000000000103,8.131374000000001,True,False,False
500,500,559,2026-07-02 12:05:00,4066.908,9.143000000000027,500.0,2.5,0.0,0.01,9.143000000000027,9.143000000000027,1.8286000000000056,3.657200000000011,8.133816,True,False,False
500,500,560,2026-07-02 12:35:00,4126.381,16.174999999999272,500.0,2.5,0.0,0.01,16.174999999999272,16.174999999999272,3.2349999999998547,6.469999999999709,8.252762,True,False,False
500,500,561,2026-07-06 10:35:00,4154.138,18.027000000000044,500.0,2.5,0.0,0.01,18.027000000000044,18.027000000000044,3.6054000000000084,7.210800000000018,8.308276,True,False,False
500,500,562,2026-07-06 11:25:00,4156.665,12.271999999999936,500.0,2.5,0.0,0.01,12.271999999999936,12.271999999999936,2.4543999999999873,4.9087999999999745,8.31333,True,False,False
500,500,563,2026-07-06 11:45:00,4153.594,20.725000000000364,500.0,2.5,0.0,0.01,20.725000000000364,20.725000000000364,4.145000000000073,8.290000000000145,8.307188,True,False,False
500,500,564,2026-07-06 11:55:00,4155.258,19.061000000000604,500.0,2.5,0.0,0.01,19.061000000000604,19.061000000000604,3.812200000000121,7.624400000000241,8.310516,True,False,False
500,500,565,2026-07-06 19:50:00,4162.92,6.381999999999607,500.0,2.5,0.0,0.01,6.381999999999607,6.381999999999607,1.2763999999999214,2.5527999999998428,8.32584,True,False,False
500,500,566,2026-07-06 19:00:00,4163.877,12.415999999999258,500.0,2.5,0.0,0.01,12.415999999999258,12.415999999999258,2.4831999999998513,4.9663999999997035,8.327754,True,False,False
500,500,567,2026-07-06 19:45:00,4161.083,8.219000000000051,500.0,2.5,0.0,0.01,8.219000000000051,8.219000000000051,1.6438000000000101,3.2876000000000203,8.322166,True,False,False
500,500,568,2026-07-06 19:30:00,4162.896,13.396999999999936,500.0,2.5,0.0,0.01,13.396999999999936,13.396999999999936,2.6793999999999873,5.358799999999975,8.325792,True,False,False
500,500,569,2026-07-06 19:40:00,4160.163,9.139000000000124,500.0,2.5,0.0,0.01,9.139000000000124,9.139000000000124,1.827800000000025,3.6556000000000495,8.320326,True,False,False
500,500,570,2026-07-06 19:35:00,4161.903,7.398999999999432,500.0,2.5,0.0,0.01,7.398999999999432,7.398999999999432,1.4797999999998863,2.9595999999997726,8.323806000000001,True,False,False
500,500,571,2026-07-06 19:05:01,4161.753,14.539999999999964,500.0,2.5,0.0,0.01,14.539999999999964,14.539999999999964,2.907999999999993,5.815999999999986,8.323506,True,False,False
500,500,572,2026-07-06 19:25:00,4162.099,14.193999999999503,500.0,2.5,0.0,0.01,14.193999999999503,14.193999999999503,2.838799999999901,5.677599999999801,8.324198,True,False,False
500,500,573,2026-07-06 19:20:00,4161.241,15.05199999999968,500.0,2.5,0.0,0.01,15.05199999999968,15.05199999999968,3.0103999999999362,6.020799999999872,8.322482,True,False,False
500,500,574,2026-07-06 19:10:01,4160.959,15.333999999999833,500.0,2.5,0.0,0.01,15.333999999999833,15.333999999999833,3.0667999999999664,6.133599999999933,8.321918,True,False,False
500,500,575,2026-07-06 19:15:00,4159.293,17.0,500.0,2.5,0.0,0.01,17.0,17.0,3.4000000000000004,6.8,8.318586,True,False,False
500,500,576,2026-07-06 19:55:00,4163.798,5.503999999999905,500.0,2.5,0.0,0.01,5.503999999999905,5.503999999999905,1.1007999999999811,2.2015999999999623,8.327596,True,False,False
500,500,577,2026-07-07 11:40:00,4145.524,22.10399999999936,500.0,2.5,0.0,0.01,22.10399999999936,22.10399999999936,4.420799999999872,8.841599999999744,8.291048,True,False,False
500,500,578,2026-07-07 16:10:00,4140.372,22.45299999999952,500.0,2.5,0.0,0.01,22.45299999999952,22.45299999999952,4.490599999999904,8.981199999999808,8.280744,True,False,False
500,500,579,2026-07-07 16:15:00,4141.071,21.753999999999905,500.0,2.5,0.0,0.01,21.753999999999905,21.753999999999905,4.350799999999981,8.701599999999962,8.282142,True,False,False
500,500,580,2026-07-07 17:35:00,4145.875,3.395000000000437,500.0,2.5,0.0,0.01,3.395000000000437,3.395000000000437,0.6790000000000874,1.3580000000001748,8.29175,True,False,False
500,500,581,2026-07-07 17:30:00,4145.977,3.481999999999971,500.0,2.5,0.0,0.01,3.481999999999971,3.481999999999971,0.6963999999999941,1.3927999999999883,8.291954,True,False,False
500,500,582,2026-07-07 17:25:00,4145.18,8.768000000000029,500.0,2.5,0.0,0.01,8.768000000000029,8.768000000000029,1.7536000000000058,3.5072000000000116,8.29036,True,False,False
500,500,583,2026-07-07 17:45:00,4146.883,4.869000000000597,500.0,2.5,0.0,0.01,4.869000000000597,4.869000000000597,0.9738000000001193,1.9476000000002387,8.293766,True,False,False
500,500,584,2026-07-07 17:55:00,4143.713,3.2210000000004584,500.0,2.5,0.0,0.01,3.2210000000004584,3.2210000000004584,0.6442000000000917,1.2884000000001834,8.287426,True,False,False
500,500,585,2026-07-07 17:50:00,4145.119,3.1700000000000728,500.0,2.5,0.0,0.01,3.1700000000000728,3.1700000000000728,0.6340000000000146,1.268000000000029,8.290237999999999,True,False,False
500,500,586,2026-07-07 17:40:00,4146.036,3.342999999999847,500.0,2.5,0.0,0.01,3.342999999999847,3.342999999999847,0.6685999999999694,1.3371999999999389,8.292072000000001,True,False,False
500,500,587,2026-07-07 18:20:00,4141.759,3.1229999999995925,500.0,2.5,0.0,0.01,3.1229999999995925,3.1229999999995925,0.6245999999999186,1.249199999999837,8.283518,True,False,False
500,500,588,2026-07-07 16:20:00,4144.186,18.639000000000124,500.0,2.5,0.0,0.01,18.639000000000124,18.639000000000124,3.7278000000000246,7.455600000000049,8.288371999999999,True,False,False
500,500,589,2026-07-07 18:25:00,4142.849,3.106999999999971,500.0,2.5,0.0,0.01,3.106999999999971,3.106999999999971,0.6213999999999942,1.2427999999999884,8.285698,True,False,False
500,500,590,2026-07-07 18:15:00,4142.158,4.173999999999978,500.0,2.5,0.0,0.01,4.173999999999978,4.173999999999978,0.8347999999999957,1.6695999999999913,8.284316,True,False,False
500,500,591,2026-07-07 18:40:00,4141.449,3.233000000000174,500.0,2.5,0.0,0.01,3.233000000000174,3.233000000000174,0.6466000000000348,1.2932000000000696,8.282898,True,False,False
500,500,592,2026-07-07 16:25:00,4144.868,17.956999999999425,500.0,2.5,0.0,0.01,17.956999999999425,17.956999999999425,3.591399999999885,7.18279999999977,8.289736000000001,True,False,False
500,500,593,2026-07-07 18:00:00,4144.583,3.129000000000815,500.0,2.5,0.0,0.01,3.129000000000815,3.129000000000815,0.6258000000001629,1.251600000000326,8.289166,True,False,False
500,500,594,2026-07-07 18:10:00,4141.852,4.480000000000473,500.0,2.5,0.0,0.01,4.480000000000473,4.480000000000473,0.8960000000000946,1.7920000000001892,8.283704,True,False,False
500,500,595,2026-07-07 18:05:00,4142.472,3.860000000000582,500.0,2.5,0.0,0.01,3.860000000000582,3.860000000000582,0.7720000000001165,1.5440000000002327,8.284944,True,False,False
500,500,596,2026-07-07 17:00:00,4145.172,17.653000000000247,500.0,2.5,0.0,0.01,17.653000000000247,17.653000000000247,3.5306000000000495,7.061200000000099,8.290344,True,False,False
500,500,597,2026-07-07 17:05:00,4145.817,8.131000000000313,500.0,2.5,0.0,0.01,8.131000000000313,8.131000000000313,1.6262000000000627,3.252400000000125,8.291634,True,False,False
500,500,598,2026-07-07 17:20:00,4143.071,10.877000000000407,500.0,2.5,0.0,0.01,10.877000000000407,10.877000000000407,2.1754000000000815,4.350800000000163,8.286142,True,False,False
500,500,599,2026-07-07 18:35:00,4138.769,5.877999999999702,500.0,2.5,0.0,0.01,5.877999999999702,5.877999999999702,1.1755999999999405,2.3511999999998805,8.277538,True,False,False
500,500,600,2026-07-07 16:30:00,4145.786,17.03899999999976,500.0,2.5,0.0,0.01,17.03899999999976,17.03899999999976,3.407799999999952,6.815599999999904,8.291572,True,False,False
500,500,601,2026-07-07 17:10:00,4145.544,8.404000000000451,500.0,2.5,0.0,0.01,8.404000000000451,8.404000000000451,1.6808000000000902,3.3616000000001804,8.291088,True,False,False
500,500,602,2026-07-07 17:15:00,4143.1,10.847999999999956,500.0,2.5,0.0,0.01,10.847999999999956,10.847999999999956,2.1695999999999915,4.339199999999982,8.286200000000001,True,False,False
500,500,603,2026-07-07 18:45:00,4141.868,3.3289999999997235,500.0,2.5,0.0,0.01,3.3289999999997235,3.3289999999997235,0.6657999999999448,1.3315999999998893,8.283736000000001,True,False,False
500,500,604,2026-07-07 16:35:00,4143.313,19.51199999999972,500.0,2.5,0.0,0.01,19.51199999999972,19.51199999999972,3.902399999999944,7.804799999999888,8.286626,True,False,False
500,500,605,2026-07-07 16:55:00,4144.704,18.12100000000009,500.0,2.5,0.0,0.01,18.12100000000009,18.12100000000009,3.6242000000000183,7.248400000000037,8.289408,True,False,False
500,500,606,2026-07-07 16:40:00,4144.287,18.53799999999956,500.0,2.5,0.0,0.01,18.53799999999956,18.53799999999956,3.707599999999912,7.415199999999824,8.288574,True,False,False
500,500,607,2026-07-07 16:45:00,4143.44,19.38500000000022,500.0,2.5,0.0,0.01,19.38500000000022,19.38500000000022,3.8770000000000437,7.7540000000000875,8.28688,True,False,False
500,500,608,2026-07-07 16:50:00,4144.517,18.307999999999996,500.0,2.5,0.0,0.01,18.307999999999996,18.307999999999996,3.6615999999999995,7.323199999999998,8.289034,True,False,False
500,500,609,2026-07-07 18:30:00,4141.873,2.8770000000004075,500.0,2.5,0.0,0.01,2.8770000000004075,2.8770000000004075,0.5754000000000815,1.150800000000163,8.283745999999999,True,False,False
500,500,610,2026-07-07 18:50:00,4134.859,10.337999999999738,500.0,2.5,0.0,0.01,10.337999999999738,10.337999999999738,2.0675999999999477,4.135199999999895,8.269718000000001,True,False,False
500,500,611,2026-07-07 18:55:00,4127.286,17.911000000000058,500.0,2.5,0.0,0.01,17.911000000000058,17.911000000000058,3.582200000000012,7.164400000000024,8.254572,True,False,False
500,500,612,2026-07-07 19:00:00,4126.797,13.254000000000817,500.0,2.5,0.0,0.01,13.254000000000817,13.254000000000817,2.6508000000001632,5.3016000000003265,8.253594,True,False,False
500,500,613,2026-07-07 19:05:00,4121.911,18.140000000000327,500.0,2.5,0.0,0.01,18.140000000000327,18.140000000000327,3.6280000000000654,7.256000000000131,8.243822,True,False,False
500,500,614,2026-07-07 19:10:00,4111.234,28.817000000000007,500.0,2.5,0.0,0.01,28.817000000000007,28.817000000000007,5.763400000000001,11.526800000000003,8.222468000000001,True,False,False
500,500,615,2026-07-09 13:00:00,4107.934,29.748000000000047,500.0,2.5,0.0,0.01,29.748000000000047,29.748000000000047,5.94960000000001,11.899200000000018,8.215868,True,False,False
500,500,616,2026-07-14 12:35:00,4095.959,14.19000000000051,500.0,2.5,0.0,0.01,14.19000000000051,14.19000000000051,2.8380000000001018,5.6760000000002035,8.191918,True,False,False
500,500,617,2026-07-15 14:30:00,4058.625,9.766000000000076,500.0,2.5,0.0,0.01,9.766000000000076,9.766000000000076,1.9532000000000154,3.9064000000000307,8.11725,True,False,False
500,500,618,2026-07-15 14:35:00,4062.149,9.787000000000262,500.0,2.5,0.0,0.01,9.787000000000262,9.787000000000262,1.9574000000000524,3.914800000000105,8.124298,True,False,False
500,500,619,2026-07-15 14:40:00,4062.192,9.233000000000176,500.0,2.5,0.0,0.01,9.233000000000176,9.233000000000176,1.8466000000000353,3.6932000000000706,8.124384,True,False,False
500,500,620,2026-07-15 14:45:00,4057.382,9.389000000000124,500.0,2.5,0.0,0.01,9.389000000000124,9.389000000000124,1.8778000000000246,3.7556000000000496,8.114764000000001,True,False,False
500,500,621,2026-07-15 15:05:00,4059.239,9.38799999999992,500.0,2.5,0.0,0.01,9.38799999999992,9.38799999999992,1.8775999999999842,3.755199999999968,8.118478000000001,True,False,False
500,500,622,2026-07-15 14:55:00,4055.954,9.7199999999998,500.0,2.5,0.0,0.01,9.7199999999998,9.7199999999998,1.94399999999996,3.88799999999992,8.111908,True,False,False
500,500,623,2026-07-15 14:50:00,4059.824,9.371000000000096,500.0,2.5,0.0,0.01,9.371000000000096,9.371000000000096,1.8742000000000192,3.7484000000000384,8.119648000000002,True,False,False
500,500,624,2026-07-15 15:00:00,4060.529,9.371999999999844,500.0,2.5,0.0,0.01,9.371999999999844,9.371999999999844,1.8743999999999688,3.7487999999999375,8.121058000000001,True,False,False
500,500,625,2026-07-15 15:10:00,4054.666,6.384999999999764,500.0,2.5,0.0,0.01,6.384999999999764,6.384999999999764,1.2769999999999528,2.5539999999999057,8.109332000000002,True,False,False
500,500,626,2026-07-15 15:15:00,4044.285,11.917000000000373,500.0,2.5,0.0,0.01,11.917000000000373,11.917000000000373,2.3834000000000746,4.766800000000149,8.08857,True,False,False
500,500,627,2026-07-15 15:45:00,4049.378,7.152999999999793,500.0,2.5,0.0,0.01,7.152999999999793,7.152999999999793,1.4305999999999586,2.861199999999917,8.098756,True,False,False
500,500,628,2026-07-15 15:20:00,4045.793,10.409000000000106,500.0,2.5,0.0,0.01,10.409000000000106,10.409000000000106,2.081800000000021,4.163600000000042,8.091586,True,False,False
500,500,629,2026-07-15 15:40:00,4048.609,7.593000000000302,500.0,2.5,0.0,0.01,7.593000000000302,7.593000000000302,1.5186000000000603,3.0372000000001207,8.097218,True,False,False
500,500,630,2026-07-15 15:30:00,4049.277,7.395999999999731,500.0,2.5,0.0,0.01,7.395999999999731,7.395999999999731,1.4791999999999461,2.9583999999998922,8.098554,True,False,False
500,500,631,2026-07-15 15:35:00,4048.153,8.049000000000433,500.0,2.5,0.0,0.01,8.049000000000433,8.049000000000433,1.6098000000000865,3.219600000000173,8.096306,True,False,False
500,500,632,2026-07-15 15:25:00,4044.94,11.262000000000173,500.0,2.5,0.0,0.01,11.262000000000173,11.262000000000173,2.2524000000000344,4.504800000000069,8.08988,True,False,False
500,500,633,2026-07-15 15:55:00,4050.356,6.603999999999815,500.0,2.5,0.0,0.01,6.603999999999815,6.603999999999815,1.3207999999999631,2.6415999999999262,8.100712,True,False,False
500,500,634,2026-07-15 16:00:00,4046.871,9.331000000000133,500.0,2.5,0.0,0.01,9.331000000000133,9.331000000000133,1.8662000000000265,3.732400000000053,8.093742,True,False,False
500,500,635,2026-07-15 16:05:00,4043.555,12.64700000000039,500.0,2.5,0.0,0.01,12.64700000000039,12.64700000000039,2.5294000000000776,5.058800000000156,8.087110000000001,True,False,False
500,500,636,2026-07-15 16:10:00,4042.223,14.018000000000027,500.0,2.5,0.0,0.01,14.018000000000027,14.018000000000027,2.803600000000005,5.607200000000011,8.084446,True,False,False
500,500,637,2026-07-15 16:15:00,4038.265,17.976000000000113,500.0,2.5,0.0,0.01,17.976000000000113,17.976000000000113,3.595200000000023,7.190400000000045,8.07653,True,False,False
500,500,638,2026-07-15 16:20:00,4034.041,22.199999999999815,500.0,2.5,0.0,0.01,22.199999999999815,22.199999999999815,4.439999999999963,8.879999999999926,8.068082,True,False,False
500,500,639,2026-07-15 16:25:00,4035.745,20.49600000000009,500.0,2.5,0.0,0.01,20.49600000000009,20.49600000000009,4.099200000000018,8.198400000000037,8.071489999999999,True,False,False
500,500,640,2026-07-15 16:30:00,4034.905,21.335999999999785,500.0,2.5,0.0,0.01,21.335999999999785,21.335999999999785,4.267199999999957,8.534399999999914,8.06981,True,False,False
500,500,641,2026-07-15 16:35:00,4031.04,27.53800000000001,500.0,2.5,0.0,0.01,27.53800000000001,27.53800000000001,5.507600000000002,11.015200000000004,8.06208,True,False,False
500,500,642,2026-07-15 16:40:00,4030.192,28.385999999999967,500.0,2.5,0.0,0.01,28.385999999999967,28.385999999999967,5.677199999999994,11.354399999999988,8.060384,True,False,False
500,500,643,2026-07-15 16:45:00,4028.47,30.10800000000017,500.0,2.5,0.0,0.01,30.10800000000017,30.10800000000017,6.021600000000034,12.043200000000068,8.05694,True,False,False
500,500,644,2026-07-15 16:50:00,4035.262,23.315999999999804,500.0,2.5,0.0,0.01,23.315999999999804,23.315999999999804,4.663199999999961,9.326399999999921,8.070524,True,False,False
500,500,645,2026-07-15 16:55:00,4034.001,24.57699999999977,500.0,2.5,0.0,0.01,24.57699999999977,24.57699999999977,4.915399999999954,9.830799999999908,8.068002000000002,True,False,False
500,500,646,2026-07-15 17:00:00,4034.102,24.476000000000116,500.0,2.5,0.0,0.01,24.476000000000116,24.476000000000116,4.895200000000023,9.790400000000046,8.068204000000001,True,False,False
500,500,647,2026-07-15 17:05:00,4037.433,24.597000000000207,500.0,2.5,0.0,0.01,24.597000000000207,24.597000000000207,4.919400000000042,9.838800000000083,8.074866,True,False,False
500,500,648,2026-07-15 17:10:00,4036.772,25.258000000000266,500.0,2.5,0.0,0.01,25.258000000000266,25.258000000000266,5.051600000000053,10.103200000000106,8.073544,True,False,False
500,500,649,2026-07-17 17:15:00,4013.528,25.67599999999993,500.0,2.5,0.0,0.01,25.67599999999993,25.67599999999993,5.135199999999986,10.270399999999972,8.027056,True,False,False
500,500,650,2026-07-17 17:55:01,4009.744,21.89200000000028,500.0,2.5,0.0,0.01,21.89200000000028,21.89200000000028,4.378400000000056,8.756800000000112,8.019488,True,False,False
500,500,651,2026-07-17 18:15:01,4010.641,31.50500000000011,500.0,2.5,0.0,0.01,31.50500000000011,31.50500000000011,6.3010000000000215,12.602000000000043,8.021282000000001,True,False,False
500,500,652,2026-07-17 18:35:00,4013.471,33.784000000000106,500.0,2.5,0.0,0.01,33.784000000000106,33.784000000000106,6.7568000000000215,13.513600000000043,8.026942,True,False,False
500,500,653,2026-07-17 19:10:00,4005.69,9.6550000000002,500.0,2.5,0.0,0.01,9.6550000000002,9.6550000000002,1.93100000000004,3.86200000000008,8.01138,True,False,False
500,500,654,2026-07-17 19:30:00,4005.63,9.595000000000256,500.0,2.5,0.0,0.01,9.595000000000256,9.595000000000256,1.919000000000051,3.8380000000001027,8.01126,True,False,False
500,500,655,2026-07-17 19:35:00,4006.639,10.60400000000027,500.0,2.5,0.0,0.01,10.60400000000027,10.60400000000027,2.1208000000000538,4.2416000000001075,8.013278,True,False,False
500,500,656,2026-07-20 07:05:00,4005.598,11.98700000000008,500.0,2.5,0.0,0.01,11.98700000000008,11.98700000000008,2.3974000000000157,4.794800000000032,8.011196,True,False,False
500,500,657,2026-07-20 07:20:00,4003.946,10.335000000000036,500.0,2.5,0.0,0.01,10.335000000000036,10.335000000000036,2.0670000000000073,4.1340000000000146,8.007892,True,False,False
500,500,658,2026-07-20 07:25:00,4008.605,14.994000000000142,500.0,2.5,0.0,0.01,14.994000000000142,14.994000000000142,2.9988000000000286,5.997600000000057,8.01721,True,False,False
500,500,659,2026-07-20 09:55:00,4020.737,8.070000000000164,500.0,2.5,0.0,0.01,8.070000000000164,8.070000000000164,1.6140000000000327,3.2280000000000655,8.041474000000001,True,False,False
500,500,660,2026-07-20 07:50:00,4017.906,25.82200000000012,500.0,2.5,0.0,0.01,25.82200000000012,25.82200000000012,5.164400000000024,10.328800000000047,8.035812,True,False,False
500,500,661,2026-07-20 09:20:00,4019.463,8.769999999999982,500.0,2.5,0.0,0.01,8.769999999999982,8.769999999999982,1.7539999999999965,3.507999999999993,8.038926000000002,True,False,False
500,500,662,2026-07-20 08:45:00,4022.07,11.376999999999953,500.0,2.5,0.0,0.01,11.376999999999953,11.376999999999953,2.2753999999999905,4.550799999999981,8.04414,True,False,False
500,500,663,2026-07-20 08:15:00,4024.292,31.677999999999884,500.0,2.5,0.0,0.01,31.677999999999884,31.677999999999884,6.335599999999977,12.671199999999953,8.048584,True,False,False
500,500,664,2026-07-20 10:05:00,4020.401,7.733999999999924,500.0,2.5,0.0,0.01,7.733999999999924,7.733999999999924,1.5467999999999846,3.0935999999999693,8.040802,True,False,False
500,500,665,2026-07-22 17:10:00,4144.534,33.03699999999935,500.0,2.5,0.0,0.01,33.03699999999935,33.03699999999935,6.6073999999998705,13.214799999999741,8.289067999999999,True,False,False
500,500,666,2026-07-22 17:30:00,4145.974,34.47699999999986,500.0,2.5,0.0,0.01,34.47699999999986,34.47699999999986,6.895399999999972,13.790799999999944,8.291948,True,False,False
500,500,667,2026-07-22 17:40:00,4139.325,27.82799999999952,500.0,2.5,0.0,0.01,27.82799999999952,27.82799999999952,5.565599999999904,11.131199999999808,8.278649999999999,True,False,False
500,500,668,2026-07-22 18:25:00,4137.075,19.64599999999973,500.0,2.5,0.0,0.01,19.64599999999973,19.64599999999973,3.929199999999946,7.858399999999892,8.274149999999999,True,False,False
500,500,669,2026-07-22 18:45:00,4136.188,9.949000000000524,500.0,2.5,0.0,0.01,9.949000000000524,9.949000000000524,1.9898000000001046,3.9796000000002096,8.272376,True,False,False
500,500,670,2026-07-22 18:55:00,4137.656,11.417000000000373,500.0,2.5,0.0,0.01,11.417000000000373,11.417000000000373,2.2834000000000745,4.566800000000149,8.275312,True,False,False
500,500,671,2026-07-22 17:55:00,4142.381,24.952000000000226,500.0,2.5,0.0,0.01,24.952000000000226,24.952000000000226,4.990400000000045,9.980800000000091,8.284762,True,False,False
500,500,672,2026-07-22 18:00:00,4142.822,25.39300000000003,500.0,2.5,0.0,0.01,25.39300000000003,25.39300000000003,5.078600000000006,10.157200000000012,8.285644,True,False,False
500,500,673,2026-07-22 19:50:00,4135.248,9.009000000000016,500.0,2.5,0.0,0.01,9.009000000000016,9.009000000000016,1.8018000000000034,3.6036000000000064,8.270496,True,False,False
500,500,674,2026-07-29 09:10:00,4037.761,4.416000000000167,500.0,2.5,0.0,0.01,4.416000000000167,4.416000000000167,0.8832000000000334,1.766400000000067,8.075522,True,False,False
500,500,675,2026-07-29 09:15:00,4036.476,4.374000000000251,500.0,2.5,0.0,0.01,4.374000000000251,4.374000000000251,0.8748000000000502,1.7496000000001004,8.072952,True,False,False
500,500,676,2026-07-29 09:20:00,4037.212,4.373999999999796,500.0,2.5,0.0,0.01,4.373999999999796,4.373999999999796,0.8747999999999593,1.7495999999999186,8.074424,True,False,False
500,500,677,2026-07-30 15:40:00,4099.351,9.812999999999647,500.0,2.5,0.0,0.01,9.812999999999647,9.812999999999647,1.9625999999999293,3.925199999999859,8.198701999999999,True,False,False
500,500,678,2026-07-30 18:00:00,4102.819,6.979999999999563,500.0,2.5,0.0,0.01,6.979999999999563,6.979999999999563,1.3959999999999129,2.7919999999998253,8.205638,True,False,False
500,500,679,2026-07-30 18:40:00,4104.651,24.794999999999614,500.0,2.5,0.0,0.01,24.794999999999614,24.794999999999614,4.958999999999923,9.917999999999846,8.209302,True,False,False
500,500,680,2026-07-30 18:45:00,4105.169,25.312999999999647,500.0,2.5,0.0,0.01,25.312999999999647,25.312999999999647,5.06259999999993,10.12519999999986,8.210338,True,False,False
500,500,681,2026-08-03 13:25:00,4034.245,9.281999999999698,500.0,2.5,0.0,0.01,9.281999999999698,9.281999999999698,1.8563999999999397,3.7127999999998793,8.06849,True,False,False
500,500,682,2026-08-04 09:35:00,4049.806,15.184999999999944,500.0,2.5,0.0,0.01,15.184999999999944,15.184999999999944,3.036999999999989,6.073999999999978,8.099612,True,False,False
500,500,683,2026-08-04 10:10:00,4047.463,14.333000000000084,500.0,2.5,0.0,0.01,14.333000000000084,14.333000000000084,2.866600000000017,5.733200000000034,8.094926000000001,True,False,False
500,500,684,2026-08-04 10:15:00,4049.016,15.885999999999967,500.0,2.5,0.0,0.01,15.885999999999967,15.885999999999967,3.1771999999999934,6.354399999999987,8.098032000000002,True,False,False
500,500,685,2026-08-04 11:30:00,4061.034,31.5590000000002,500.0,2.5,0.0,0.01,31.5590000000002,31.5590000000002,6.31180000000004,12.62360000000008,8.122068,True,False,False
500,500,686,2026-08-04 18:00:00,4086.263,30.50500000000011,500.0,2.5,0.0,0.01,30.50500000000011,30.50500000000011,6.101000000000021,12.202000000000044,8.172526,True,False,False
500,500,687,2026-08-04 18:25:00,4087.131,31.373000000000047,500.0,2.5,0.0,0.01,31.373000000000047,31.373000000000047,6.274600000000009,12.549200000000019,8.174262,True,False,False
500,500,688,2026-08-04 18:40:00,4079.171,23.46000000000004,500.0,2.5,0.0,0.01,23.46000000000004,23.46000000000004,4.692000000000008,9.384000000000016,8.158342,True,False,False
500,500,689,2026-08-04 18:50:00,4079.773,24.062000000000356,500.0,2.5,0.0,0.01,24.062000000000356,24.062000000000356,4.812400000000071,9.624800000000143,8.159546,True,False,False
500,500,690,2026-08-04 19:00:00,4080.041,23.55200000000013,500.0,2.5,0.0,0.01,23.55200000000013,23.55200000000013,4.710400000000027,9.420800000000053,8.160082000000001,True,False,False
500,500,691,2026-08-04 19:10:00,4084.038,27.548999999999975,500.0,2.5,0.0,0.01,27.548999999999975,27.548999999999975,5.509799999999995,11.01959999999999,8.168076,True,False,False
500,500,692,2026-08-04 19:50:00,4079.962,28.909000000000106,500.0,2.5,0.0,0.01,28.909000000000106,28.909000000000106,5.781800000000021,11.563600000000042,8.159924,True,False,False
500,500,693,2026-08-10 07:10:00,4354.087,26.713000000000648,500.0,2.5,0.0,0.01,26.713000000000648,26.713000000000648,5.342600000000129,10.68520000000026,8.708174000000001,True,False,False
500,500,694,2026-08-10 08:20:01,4355.391,15.416999999999462,500.0,2.5,0.0,0.01,15.416999999999462,15.416999999999462,3.0833999999998927,6.1667999999997845,8.710782,True,False,False
500,500,695,2026-08-10 08:55:00,4346.653,6.3400000000001455,500.0,2.5,0.0,0.01,6.3400000000001455,6.3400000000001455,1.268000000000029,2.536000000000058,8.693306,True,False,False
500,500,696,2026-08-10 09:15:00,4349.849,11.50500000000011,500.0,2.5,0.0,0.01,11.50500000000011,11.50500000000011,2.301000000000022,4.602000000000044,8.699698,True,False,False
500,500,697,2026-08-10 09:25:00,4348.032,9.688000000000102,500.0,2.5,0.0,0.01,9.688000000000102,9.688000000000102,1.9376000000000202,3.875200000000041,8.696064,True,False,False
500,500,698,2026-08-11 14:30:00,4384.669,13.480999999999767,500.0,2.5,0.0,0.01,13.480999999999767,13.480999999999767,2.6961999999999535,5.392399999999907,8.769338,True,False,False
500,500,699,2026-08-11 14:45:00,4393.633,13.028999999999542,500.0,2.5,0.0,0.01,13.028999999999542,13.028999999999542,2.605799999999908,5.211599999999817,8.787265999999999,True,False,False
500,500,700,2026-08-11 15:35:00,4378.312,10.420000000000073,500.0,2.5,0.0,0.01,10.420000000000073,10.420000000000073,2.0840000000000147,4.1680000000000295,8.756624,True,False,False
500,500,701,2026-08-11 16:05:00,4381.078,11.760000000000218,500.0,2.5,0.0,0.01,11.760000000000218,11.760000000000218,2.352000000000044,4.704000000000088,8.762156000000001,True,False,False
500,500,702,2026-08-11 16:35:00,4382.507,9.287999999999556,500.0,2.5,0.0,0.01,9.287999999999556,9.287999999999556,1.8575999999999113,3.7151999999998226,8.765013999999999,True,False,False
500,500,703,2026-08-11 17:10:00,4384.693,5.280999999999949,500.0,2.5,0.0,0.01,5.280999999999949,5.280999999999949,1.0561999999999898,2.1123999999999796,8.769386,True,False,False
500,500,704,2026-08-11 17:15:00,4381.28,5.243999999999687,500.0,2.5,0.0,0.01,5.243999999999687,5.243999999999687,1.0487999999999376,2.0975999999998747,8.762559999999999,True,False,False
500,500,705,2026-08-11 17:35:00,4377.106,5.793999999999869,500.0,2.5,0.0,0.01,5.793999999999869,5.793999999999869,1.1587999999999736,2.3175999999999477,8.754211999999999,True,False,False
500,500,706,2026-08-12 07:05:00,4401.564,12.8100000000004,500.0,2.5,0.0,0.01,12.8100000000004,12.8100000000004,2.56200000000008,5.12400000000016,8.803128000000001,True,False,False
500,500,707,2026-08-12 07:10:00,4402.467,21.423999999999975,500.0,2.5,0.0,0.01,21.423999999999975,21.423999999999975,4.284799999999995,8.56959999999999,8.804934,True,False,False
500,500,708,2026-08-12 07:15:00,4401.708,20.664999999999964,500.0,2.5,0.0,0.01,20.664999999999964,20.664999999999964,4.132999999999993,8.265999999999986,8.803415999999999,True,False,False
500,500,709,2026-08-12 07:40:00,4407.602,26.039999999999964,500.0,2.5,0.0,0.01,26.039999999999964,26.039999999999964,5.207999999999992,10.415999999999986,8.815204,True,False,False
500,500,710,2026-08-12 07:50:00,4408.999,27.436999999999895,500.0,2.5,0.0,0.01,27.436999999999895,27.436999999999895,5.487399999999979,10.974799999999957,8.817998,True,False,False
500,500,711,2026-08-12 19:00:00,4413.305,15.521999999999936,500.0,2.5,0.0,0.01,15.521999999999936,15.521999999999936,3.104399999999987,6.208799999999974,8.82661,True,False,False
500,500,712,2026-08-12 19:30:00,4416.852,12.305999999999583,500.0,2.5,0.0,0.01,12.305999999999583,12.305999999999583,2.461199999999917,4.922399999999834,8.833704,True,False,False
500,500,713,2026-08-12 19:40:00,4412.182,7.635999999999512,500.0,2.5,0.0,0.01,7.635999999999512,7.635999999999512,1.5271999999999022,3.054399999999805,8.824364,True,False,False
500,500,714,2026-08-12 19:55:00,4411.435,10.853000000000064,500.0,2.5,0.0,0.01,10.853000000000064,10.853000000000064,2.1706000000000127,4.3412000000000255,8.82287,True,False,False
500,500,715,2026-08-12 18:05:00,4398.973,13.706000000000133,500.0,2.5,0.0,0.01,13.706000000000133,13.706000000000133,2.7412000000000267,5.4824000000000535,8.797946,True,False,False
500,500,716,2026-08-12 18:00:00,4399.591,14.324000000000524,500.0,2.5,0.0,0.01,14.324000000000524,14.324000000000524,2.8648000000001046,5.729600000000209,8.799182,True,False,False
500,500,717,2026-08-12 17:35:00,4410.343,25.076000000000025,500.0,2.5,0.0,0.01,25.076000000000025,25.076000000000025,5.015200000000005,10.03040000000001,8.820686,True,False,False
500,500,718,2026-08-12 18:25:00,4410.82,13.036999999999352,500.0,2.5,0.0,0.01,13.036999999999352,13.036999999999352,2.6073999999998705,5.214799999999741,8.821639999999999,True,False,False
500,500,719,2026-08-12 18:15:00,4405.882,8.09899999999925,500.0,2.5,0.0,0.01,8.09899999999925,8.09899999999925,1.6197999999998502,3.2395999999997,8.811763999999998,True,False,False
500,500,720,2026-08-12 09:00:00,4401.893,32.96299999999974,500.0,2.5,0.0,0.01,32.96299999999974,32.96299999999974,6.592599999999947,13.185199999999895,8.803786,True,False,False
500,500,721,2026-08-12 18:45:00,4413.942,16.15899999999965,500.0,2.5,0.0,0.01,16.15899999999965,16.15899999999965,3.23179999999993,6.46359999999986,8.827884,True,False,False
500,500,722,2026-08-12 18:30:00,4408.748,10.964999999999236,500.0,2.5,0.0,0.01,10.964999999999236,10.964999999999236,2.1929999999998473,4.385999999999695,8.817495999999998,True,False,False
500,500,723,2026-08-12 17:20:00,4403.883,26.36499999999978,500.0,2.5,0.0,0.01,26.36499999999978,26.36499999999978,5.272999999999956,10.545999999999912,8.807765999999999,True,False,False
500,500,724,2026-08-12 16:55:00,4405.471,27.95299999999952,500.0,2.5,0.0,0.01,27.95299999999952,27.95299999999952,5.590599999999904,11.181199999999809,8.810941999999999,True,False,False
500,500,725,2026-08-12 17:10:00,4406.504,28.98599999999988,500.0,2.5,0.0,0.01,28.98599999999988,28.98599999999988,5.797199999999976,11.594399999999952,8.813008,True,False,False
500,500,726,2026-08-12 17:15:00,4403.922,26.40399999999954,500.0,2.5,0.0,0.01,26.40399999999954,26.40399999999954,5.280799999999909,10.561599999999817,8.807844,True,False,False
500,500,727,2026-08-12 19:45:00,4413.415,8.868999999999687,500.0,2.5,0.0,0.01,8.868999999999687,8.868999999999687,1.7737999999999376,3.547599999999875,8.82683,True,False,False
500,500,728,2026-08-13 09:55:00,4380.343,27.22699999999986,500.0,2.5,0.0,0.01,27.22699999999986,27.22699999999986,5.445399999999973,10.890799999999945,8.760686,True,False,False
500,500,729,2026-08-13 10:00:00,4384.472,23.09799999999996,500.0,2.5,0.0,0.01,23.09799999999996,23.09799999999996,4.619599999999992,9.239199999999984,8.768944,True,False,False
500,500,730,2026-08-13 10:05:00,4384.709,22.86099999999988,500.0,2.5,0.0,0.01,22.86099999999988,22.86099999999988,4.5721999999999765,9.144399999999951,8.769418,True,False,False
500,500,731,2026-08-13 10:10:00,4383.868,23.70199999999932,500.0,2.5,0.0,0.01,23.70199999999932,23.70199999999932,4.740399999999864,9.480799999999729,8.767736000000001,True,False,False
500,500,732,2026-08-13 10:50:00,4390.208,21.29400000000078,500.0,2.5,0.0,0.01,21.29400000000078,21.29400000000078,4.258800000000155,8.51760000000031,8.780415999999999,True,False,False
500,500,733,2026-08-13 10:40:00,4388.385,23.11700000000019,500.0,2.5,0.0,0.01,23.11700000000019,23.11700000000019,4.6234000000000375,9.246800000000075,8.77677,True,False,False
500,500,734,2026-08-13 10:45:00,4390.425,21.077000000000226,500.0,2.5,0.0,0.01,21.077000000000226,21.077000000000226,4.215400000000045,8.43080000000009,8.780850000000001,True,False,False
500,500,735,2026-08-13 11:10:00,4390.455,27.45799999999963,500.0,2.5,0.0,0.01,27.45799999999963,27.45799999999963,5.491599999999925,10.98319999999985,8.78091,True,False,False
500,500,736,2026-08-13 10:25:01,4384.571,22.9989999999998,500.0,2.5,0.0,0.01,22.9989999999998,22.9989999999998,4.59979999999996,9.19959999999992,8.769142,True,False,False
500,500,737,2026-08-13 10:55:00,4392.483,19.019000000000236,500.0,2.5,0.0,0.01,19.019000000000236,19.019000000000236,3.8038000000000474,7.607600000000095,8.784966,True,False,False
500,500,738,2026-08-13 11:15:00,4394.018,23.894999999999527,500.0,2.5,0.0,0.01,23.894999999999527,23.894999999999527,4.778999999999906,9.557999999999812,8.788036,True,False,False
500,500,739,2026-08-13 10:35:00,4385.15,22.420000000000076,500.0,2.5,0.0,0.01,22.420000000000076,22.420000000000076,4.484000000000015,8.96800000000003,8.770299999999999,True,False,False
500,500,740,2026-08-13 11:20:00,4393.032,24.880999999999403,500.0,2.5,0.0,0.01,24.880999999999403,24.880999999999403,4.9761999999998805,9.952399999999761,8.786064,True,False,False
500,500,741,2026-08-13 10:30:00,4387.016,20.554000000000087,500.0,2.5,0.0,0.01,20.554000000000087,20.554000000000087,4.110800000000017,8.221600000000034,8.774032,True,False,False
500,500,742,2026-08-13 10:15:00,4381.705,25.86499999999978,500.0,2.5,0.0,0.01,25.86499999999978,25.86499999999978,5.1729999999999565,10.345999999999913,8.76341,True,False,False
500,500,743,2026-08-13 10:20:00,4385.05,22.519999999999527,500.0,2.5,0.0,0.01,22.519999999999527,22.519999999999527,4.503999999999905,9.00799999999981,8.770100000000001,True,False,False
500,500,744,2026-08-13 11:05:00,4389.246,22.256000000000316,500.0,2.5,0.0,0.01,22.256000000000316,22.256000000000316,4.451200000000063,8.902400000000126,8.778492,True,False,False
500,500,745,2026-08-13 11:25:00,4392.341,25.571999999999207,500.0,2.5,0.0,0.01,25.571999999999207,25.571999999999207,5.114399999999842,10.228799999999683,8.784682,True,False,False
500,500,746,2026-08-13 12:05:00,4387.008,30.904999999999745,500.0,2.5,0.0,0.01,30.904999999999745,30.904999999999745,6.180999999999949,12.361999999999899,8.774016,True,False,False
500,500,747,2026-08-13 11:30:00,4388.123,29.789999999999964,500.0,2.5,0.0,0.01,29.789999999999964,29.789999999999964,5.957999999999992,11.915999999999986,8.776245999999999,True,False,False
500,500,748,2026-08-13 11:50:00,4384.323,33.58999999999924,500.0,2.5,0.0,0.01,33.58999999999924,33.58999999999924,6.717999999999849,13.435999999999698,8.768646,True,False,False
500,500,749,2026-08-13 12:10:00,4390.616,27.29699999999957,500.0,2.5,0.0,0.01,27.29699999999957,27.29699999999957,5.459399999999914,10.918799999999829,8.781232,True,False,False
500,500,750,2026-08-13 11:55:00,4384.817,33.09599999999955,500.0,2.5,0.0,0.01,33.09599999999955,33.09599999999955,6.61919999999991,13.23839999999982,8.769634,True,False,False
500,500,751,2026-08-13 12:00:00,4387.604,30.308999999999287,500.0,2.5,0.0,0.01,30.308999999999287,30.308999999999287,6.061799999999858,12.123599999999715,8.775208000000001,True,False,False
500,500,752,2026-08-13 12:15:00,4389.043,28.86999999999989,500.0,2.5,0.0,0.01,28.86999999999989,28.86999999999989,5.773999999999979,11.547999999999956,8.778086,True,False,False
500,500,753,2026-08-13 12:20:00,4386.44,31.96100000000024,500.0,2.5,0.0,0.01,31.96100000000024,31.96100000000024,6.392200000000048,12.784400000000096,8.772879999999999,True,False,False
500,500,754,2026-08-13 12:25:00,4385.76,32.64099999999962,500.0,2.5,0.0,0.01,32.64099999999962,32.64099999999962,6.5281999999999245,13.056399999999849,8.77152,True,False,False
500,500,755,2026-08-14 15:30:00,4385.1,10.299999999999272,500.0,2.5,0.0,0.01,10.299999999999272,10.299999999999272,2.0599999999998544,4.119999999999709,8.7702,True,False,False
500,500,756,2026-08-14 15:35:00,4387.434,10.49200000000019,500.0,2.5,0.0,0.01,10.49200000000019,10.49200000000019,2.0984000000000376,4.196800000000076,8.774868,True,False,False
500,500,757,2026-08-14 15:40:01,4387.456,10.359999999999673,500.0,2.5,0.0,0.01,10.359999999999673,10.359999999999673,2.071999999999935,4.143999999999869,8.774912,True,False,False
500,500,758,2026-08-14 15:55:00,4390.456,9.725999999999658,500.0,2.5,0.0,0.01,9.725999999999658,9.725999999999658,1.9451999999999317,3.8903999999998633,8.780912,True,False,False
500,500,759,2026-08-14 16:00:00,4391.918,9.25,500.0,2.5,0.0,0.01,9.25,9.25,1.8499999999999999,3.7,8.783835999999999,True,False,False
2000,500,1,2025-10-01 17:00:00,3871.021,12.46100000000024,500.0,2.5,0.0,0.01,12.46100000000024,12.46100000000024,2.492200000000048,4.984400000000096,1.9355105000000004,True,False,False
2000,500,2,2025-10-01 17:05:00,3871.078,12.072000000000116,500.0,2.5,0.0,0.01,12.072000000000116,12.072000000000116,2.414400000000023,4.828800000000046,1.935539,True,False,False
2000,500,3,2025-10-01 17:10:00,3869.5,10.494000000000142,500.0,2.5,0.0,0.01,10.494000000000142,10.494000000000142,2.098800000000028,4.197600000000056,1.93475,True,False,False
2000,500,4,2025-10-01 17:15:00,3870.055,11.048999999999978,500.0,2.5,0.0,0.01,11.048999999999978,11.048999999999978,2.209799999999996,4.419599999999991,1.9350275000000001,True,False,False
2000,500,5,2025-10-01 17:20:00,3870.367,11.361000000000333,500.0,2.5,0.0,0.01,11.361000000000333,11.361000000000333,2.2722000000000664,4.544400000000133,1.9351835000000002,True,False,False
2000,500,6,2025-10-01 16:50:00,3870.692,12.132000000000062,500.0,2.5,0.0,0.01,12.132000000000062,12.132000000000062,2.426400000000012,4.852800000000025,1.935346,True,False,False
2000,500,7,2025-10-01 16:55:00,3870.031,11.471000000000004,500.0,2.5,0.0,0.01,11.471000000000004,11.471000000000004,2.294200000000001,4.588400000000002,1.9350155,True,False,False
2000,500,8,2025-10-01 17:25:00,3871.554,12.54800000000023,500.0,2.5,0.0,0.01,12.54800000000023,12.54800000000023,2.509600000000046,5.019200000000092,1.935777,True,False,False
2000,500,9,2025-10-02 07:55:00,3866.973,11.833000000000084,500.0,2.5,0.0,0.01,11.833000000000084,11.833000000000084,2.3666000000000165,4.733200000000034,1.9334864999999999,True,False,False
2000,500,10,2025-10-02 19:10:00,3856.465,13.01299999999992,500.0,2.5,0.0,0.01,13.01299999999992,13.01299999999992,2.6025999999999843,5.205199999999968,1.9282325,True,False,False
2000,500,11,2025-10-07 07:30:00,3951.5,11.264000000000124,500.0,2.5,0.0,0.01,11.264000000000124,11.264000000000124,2.2528000000000246,4.505600000000049,1.97575,True,False,False
2000,500,12,2025-10-07 08:05:00,3944.284,7.747000000000298,500.0,2.5,0.0,0.01,7.747000000000298,7.747000000000298,1.5494000000000596,3.0988000000001192,1.972142,True,False,False
2000,500,13,2025-10-07 08:25:00,3953.477,5.572999999999865,500.0,2.5,0.0,0.01,5.572999999999865,5.572999999999865,1.1145999999999732,2.2291999999999463,1.9767385000000002,True,False,False
2000,500,14,2025-10-07 08:10:00,3945.334,7.644999999999982,500.0,2.5,0.0,0.01,7.644999999999982,7.644999999999982,1.5289999999999964,3.0579999999999927,1.972667,True,False,False
2000,500,15,2025-10-07 08:30:00,3950.837,5.780999999999949,500.0,2.5,0.0,0.01,5.780999999999949,5.780999999999949,1.15619999999999,2.31239999999998,1.9754185,True,False,False
2000,500,16,2025-10-07 08:15:00,3946.581,7.923000000000229,500.0,2.5,0.0,0.01,7.923000000000229,7.923000000000229,1.5846000000000457,3.1692000000000915,1.9732905000000003,True,False,False
2000,500,17,2025-10-07 08:35:00,3952.128,5.653000000000247,500.0,2.5,0.0,0.01,5.653000000000247,5.653000000000247,1.1306000000000493,2.261200000000099,1.976064,True,False,False
2000,500,18,2025-10-07 09:10:00,3954.878,9.125,500.0,2.5,0.0,0.01,9.125,9.125,1.825,3.65,1.9774390000000002,True,False,False
2000,500,19,2025-10-07 09:15:00,3958.911,13.157999999999902,500.0,2.5,0.0,0.01,13.157999999999902,13.157999999999902,2.6315999999999806,5.26319999999996,1.9794555,True,False,False
2000,500,20,2025-10-07 09:20:00,3960.314,14.560999999999694,500.0,2.5,0.0,0.01,14.560999999999694,14.560999999999694,2.9121999999999386,5.824399999999878,1.980157,True,False,False
2000,500,21,2025-10-07 09:30:00,3958.457,12.703999999999724,500.0,2.5,0.0,0.01,12.703999999999724,12.703999999999724,2.540799999999945,5.08159999999989,1.9792285,True,False,False
2000,500,22,2025-10-07 12:20:00,3971.234,10.440000000000056,500.0,2.5,0.0,0.01,10.440000000000056,10.440000000000056,2.088000000000011,4.176000000000022,1.985617,True,False,False
2000,500,23,2025-10-09 11:30:00,4035.988,13.995000000000346,500.0,2.5,0.0,0.01,13.995000000000346,13.995000000000346,2.799000000000069,5.598000000000138,2.017994,True,False,False
2000,500,24,2025-10-10 16:05:00,3996.314,11.875999999999747,500.0,2.5,0.0,0.01,11.875999999999747,11.875999999999747,2.37519999999995,4.750399999999899,1.998157,True,False,False
2000,500,25,2025-10-10 16:10:00,3990.343,12.11999999999989,500.0,2.5,0.0,0.01,12.11999999999989,12.11999999999989,2.423999999999978,4.847999999999956,1.9951714999999999,True,False,False
2000,500,26,2025-10-10 16:15:00,3990.178,12.350999999999658,500.0,2.5,0.0,0.01,12.350999999999658,12.350999999999658,2.4701999999999313,4.940399999999864,1.995089,True,False,False
2000,500,27,2025-10-10 16:30:00,3987.958,11.99499999999989,500.0,2.5,0.0,0.01,11.99499999999989,11.99499999999989,2.3989999999999783,4.7979999999999565,1.993979,True,False,False
2000,500,28,2025-10-10 17:05:00,3980.637,9.989000000000033,500.0,2.5,0.0,0.01,9.989000000000033,9.989000000000033,1.9978000000000065,3.995600000000013,1.9903185,True,False,False
2000,500,29,2025-10-10 17:10:00,3976.393,9.927000000000136,500.0,2.5,0.0,0.01,9.927000000000136,9.927000000000136,1.9854000000000274,3.9708000000000547,1.9881965,True,False,False
2000,500,30,2025-10-10 17:15:00,3982.356,9.873000000000047,500.0,2.5,0.0,0.01,9.873000000000047,9.873000000000047,1.9746000000000092,3.949200000000019,1.9911780000000001,True,False,False
2000,500,31,2025-10-10 17:20:00,3984.195,9.908000000000357,500.0,2.5,0.0,0.01,9.908000000000357,9.908000000000357,1.981600000000071,3.9632000000001426,1.9920975,True,False,False
2000,500,32,2025-10-10 17:25:00,3986.433,11.083000000000084,500.0,2.5,0.0,0.01,11.083000000000084,11.083000000000084,2.216600000000017,4.433200000000033,1.9932165,True,False,False
2000,500,33,2025-10-14 12:40:00,4110.78,8.557999999999993,500.0,2.5,0.0,0.01,8.557999999999993,8.557999999999993,1.7115999999999985,3.423199999999997,2.05539,True,False,False
2000,500,34,2025-10-14 12:45:00,4109.749,7.527000000000044,500.0,2.5,0.0,0.01,7.527000000000044,7.527000000000044,1.5054000000000087,3.0108000000000175,2.0548745,True,False,False
2000,500,35,2025-10-14 12:50:00,4109.098,6.876000000000204,500.0,2.5,0.0,0.01,6.876000000000204,6.876000000000204,1.3752000000000408,2.7504000000000817,2.054549,True,False,False
2000,500,36,2025-10-14 12:55:00,4107.193,6.79700000000048,500.0,2.5,0.0,0.01,6.79700000000048,6.79700000000048,1.359400000000096,2.718800000000192,2.0535965000000003,True,False,False
2000,500,37,2025-10-14 18:45:00,4148.603,10.42200000000048,500.0,2.5,0.0,0.01,10.42200000000048,10.42200000000048,2.084400000000096,4.168800000000192,2.0743015000000002,True,False,False
2000,500,38,2025-10-14 18:50:00,4150.12,7.498999999999796,500.0,2.5,0.0,0.01,7.498999999999796,7.498999999999796,1.4997999999999594,2.9995999999999183,2.07506,True,False,False
2000,500,39,2025-10-14 19:00:00,4148.414,5.792999999999665,500.0,2.5,0.0,0.01,5.792999999999665,5.792999999999665,1.158599999999933,2.317199999999866,2.074207,True,False,False
2000,500,40,2025-10-14 18:20:00,4144.702,12.57300000000032,500.0,2.5,0.0,0.01,12.57300000000032,12.57300000000032,2.514600000000064,5.029200000000128,2.0723510000000003,True,False,False
2000,500,41,2025-10-14 18:25:00,4145.715,7.53400000000056,500.0,2.5,0.0,0.01,7.53400000000056,7.53400000000056,1.506800000000112,3.013600000000224,2.0728575,True,False,False
2000,500,42,2025-10-14 18:30:00,4145.994,7.813000000000102,500.0,2.5,0.0,0.01,7.813000000000102,7.813000000000102,1.5626000000000202,3.125200000000041,2.072997,True,False,False
2000,500,43,2025-10-14 18:35:00,4146.169,7.988000000000284,500.0,2.5,0.0,0.01,7.988000000000284,7.988000000000284,1.5976000000000565,3.1952000000001135,2.0730844999999998,True,False,False
2000,500,44,2025-10-14 18:40:00,4147.361,9.180000000000293,500.0,2.5,0.0,0.01,9.180000000000293,9.180000000000293,1.8360000000000585,3.672000000000117,2.0736805,True,False,False
2000,500,45,2025-10-14 17:50:00,4145.409,13.279999999999744,500.0,2.5,0.0,0.01,13.279999999999744,13.279999999999744,2.6559999999999486,5.311999999999897,2.0727045,True,False,False
2000,500,46,2025-10-14 18:10:00,4147.776,15.646999999999936,500.0,2.5,0.0,0.01,15.646999999999936,15.646999999999936,3.129399999999987,6.258799999999974,2.0738879999999997,True,False,False
2000,500,47,2025-10-14 17:55:00,4146.44,14.310999999999694,500.0,2.5,0.0,0.01,14.310999999999694,14.310999999999694,2.862199999999939,5.724399999999878,2.0732199999999996,True,False,False
2000,500,48,2025-10-14 19:05:00,4150.698,8.077000000000226,500.0,2.5,0.0,0.01,8.077000000000226,8.077000000000226,1.6154000000000452,3.23080000000009,2.075349,True,False,False
2000,500,49,2025-10-24 18:40:00,4110.857,7.041000000000167,500.0,2.5,0.0,0.01,7.041000000000167,7.041000000000167,1.4082000000000334,2.816400000000067,2.0554285,True,False,False
2000,500,50,2025-10-24 19:15:00,4114.599,6.157999999999447,500.0,2.5,0.0,0.01,6.157999999999447,6.157999999999447,1.2315999999998894,2.463199999999779,2.0572995,True,False,False
2000,500,51,2025-10-24 19:20:00,4114.238,6.0479999999997744,500.0,2.5,0.0,0.01,6.0479999999997744,6.0479999999997744,1.2095999999999547,2.41919999999991,2.057119,True,False,False
2000,500,52,2025-10-27 07:00:00,4078.447,6.885000000000218,500.0,2.5,0.0,0.01,6.885000000000218,6.885000000000218,1.3770000000000437,2.7540000000000875,2.0392235,True,False,False
2000,500,53,2025-10-27 07:15:00,4071.8,7.097999999999956,500.0,2.5,0.0,0.01,7.097999999999956,7.097999999999956,1.4195999999999913,2.8391999999999826,2.0359000000000003,True,False,False
2000,500,54,2025-10-27 07:20:00,4073.243,6.853999999999815,500.0,2.5,0.0,0.01,6.853999999999815,6.853999999999815,1.370799999999963,2.7415999999999263,2.0366215,True,False,False
2000,500,55,2025-10-27 07:25:00,4069.302,6.634000000000015,500.0,2.5,0.0,0.01,6.634000000000015,6.634000000000015,1.326800000000003,2.653600000000006,2.034651,True,False,False
2000,500,56,2025-10-27 07:30:00,4068.55,6.945000000000164,500.0,2.5,0.0,0.01,6.945000000000164,6.945000000000164,1.3890000000000327,2.7780000000000653,2.034275,True,False,False
2000,500,57,2025-10-27 07:35:00,4070.341,6.971000000000004,500.0,2.5,0.0,0.01,6.971000000000004,6.971000000000004,1.3942000000000005,2.7884000000000015,2.0351705,True,False,False
2000,500,58,2025-10-27 07:40:00,4068.885,6.786000000000058,500.0,2.5,0.0,0.01,6.786000000000058,6.786000000000058,1.3572000000000117,2.7144000000000235,2.0344425,True,False,False
2000,500,59,2025-10-31 08:55:00,4007.92,13.197999999999864,500.0,2.5,0.0,0.01,13.197999999999864,13.197999999999864,2.639599999999973,5.279199999999945,2.00396,True,False,False
2000,500,60,2025-10-31 12:35:00,4017.99,7.929999999999836,500.0,2.5,0.0,0.01,7.929999999999836,7.929999999999836,1.5859999999999672,3.1719999999999344,2.008995,True,False,False
2000,500,61,2025-10-31 12:40:00,4026.362,7.559999999999945,500.0,2.5,0.0,0.01,7.559999999999945,7.559999999999945,1.5119999999999891,3.0239999999999783,2.013181,True,False,False
2000,500,62,2025-10-31 13:10:00,4029.406,9.179999999999836,500.0,2.5,0.0,0.01,9.179999999999836,9.179999999999836,1.8359999999999672,3.6719999999999344,2.014703,True,False,False
2000,500,63,2025-10-31 13:15:00,4031.385,11.159000000000106,500.0,2.5,0.0,0.01,11.159000000000106,11.159000000000106,2.231800000000021,4.463600000000042,2.0156925,True,False,False
2000,500,64,2025-10-31 13:20:00,4029.293,9.067000000000007,500.0,2.5,0.0,0.01,9.067000000000007,9.067000000000007,1.8134000000000015,3.626800000000003,2.0146465,True,False,False
2000,500,65,2025-10-31 13:30:00,4026.923,10.543999999999867,500.0,2.5,0.0,0.01,10.543999999999867,10.543999999999867,2.1087999999999734,4.217599999999947,2.0134615,True,False,False
2000,500,66,2025-11-03 08:40:00,4014.604,11.189000000000306,500.0,2.5,0.0,0.01,11.189000000000306,11.189000000000306,2.2378000000000613,4.475600000000123,2.0073019999999997,True,False,False
2000,500,67,2025-11-03 11:35:00,4003.882,6.206000000000131,500.0,2.5,0.0,0.01,6.206000000000131,6.206000000000131,1.241200000000026,2.4824000000000526,2.001941,True,False,False
2000,500,68,2025-11-03 11:40:00,4005.091,6.285000000000309,500.0,2.5,0.0,0.01,6.285000000000309,6.285000000000309,1.2570000000000618,2.5140000000001237,2.0025455,True,False,False
2000,500,69,2025-11-03 11:50:00,4006.819,6.173000000000229,500.0,2.5,0.0,0.01,6.173000000000229,6.173000000000229,1.2346000000000459,2.4692000000000918,2.0034095,True,False,False
2000,500,70,2025-11-03 14:25:00,4016.449,6.739999999999782,500.0,2.5,0.0,0.01,6.739999999999782,6.739999999999782,1.3479999999999563,2.6959999999999127,2.0082245000000003,True,False,False
2000,500,71,2025-11-06 14:25:00,3995.276,13.692000000000007,500.0,2.5,0.0,0.01,13.692000000000007,13.692000000000007,2.7384000000000017,5.4768000000000026,1.997638,True,False,False
2000,500,72,2025-11-06 14:30:00,3992.018,10.434000000000196,500.0,2.5,0.0,0.01,10.434000000000196,10.434000000000196,2.0868000000000393,4.173600000000079,1.996009,True,False,False
2000,500,73,2025-11-06 14:55:00,3996.254,14.69399999999996,500.0,2.5,0.0,0.01,14.69399999999996,14.69399999999996,2.938799999999992,5.877599999999984,1.998127,True,False,False
2000,500,74,2025-11-06 17:10:00,3983.703,14.210999999999784,500.0,2.5,0.0,0.01,14.210999999999784,14.210999999999784,2.8421999999999565,5.684399999999913,1.9918514999999999,True,False,False
2000,500,75,2025-11-06 17:15:00,3978.925,14.382000000000062,500.0,2.5,0.0,0.01,14.382000000000062,14.382000000000062,2.8764000000000123,5.752800000000025,1.9894625000000001,True,False,False
2000,500,76,2025-11-06 17:20:00,3977.917,13.373999999999796,500.0,2.5,0.0,0.01,13.373999999999796,13.373999999999796,2.674799999999959,5.349599999999919,1.9889585000000003,True,False,False
2000,500,77,2025-11-12 14:20:00,4133.018,5.867000000000189,500.0,2.5,0.0,0.01,5.867000000000189,5.867000000000189,1.1734000000000377,2.3468000000000755,2.066509,True,False,False
2000,500,78,2025-11-12 14:25:00,4132.771,5.759999999999309,500.0,2.5,0.0,0.01,5.759999999999309,5.759999999999309,1.1519999999998618,2.3039999999997236,2.0663855,True,False,False
2000,500,79,2025-11-12 14:35:00,4127.609,8.520000000000437,500.0,2.5,0.0,0.01,8.520000000000437,8.520000000000437,1.7040000000000874,3.4080000000001744,2.0638045000000003,True,False,False
2000,500,80,2025-11-12 14:40:00,4135.777,10.07300000000032,500.0,2.5,0.0,0.01,10.07300000000032,10.07300000000032,2.014600000000064,4.029200000000128,2.0678885,True,False,False
2000,500,81,2025-11-12 14:45:00,4136.396,10.692000000000007,500.0,2.5,0.0,0.01,10.692000000000007,10.692000000000007,2.1384000000000016,4.276800000000003,2.0681979999999998,True,False,False
2000,500,82,2025-11-12 15:00:00,4136.807,11.103000000000064,500.0,2.5,0.0,0.01,11.103000000000064,11.103000000000064,2.220600000000013,4.441200000000025,2.0684035,True,False,False
2000,500,83,2025-11-13 16:45:00,4197.788,11.214999999999236,500.0,2.5,0.0,0.01,11.214999999999236,11.214999999999236,2.242999999999847,4.485999999999694,2.0988939999999996,True,False,False
2000,500,84,2025-11-13 18:25:00,4198.695,15.1899999999996,500.0,2.5,0.0,0.01,15.1899999999996,15.1899999999996,3.03799999999992,6.07599999999984,2.0993475,True,False,False
2000,500,85,2025-11-17 12:50:00,4080.316,8.628999999999905,500.0,2.5,0.0,0.01,8.628999999999905,8.628999999999905,1.7257999999999811,3.4515999999999623,2.040158,True,False,False
2000,500,86,2025-11-17 13:05:00,4087.477,5.614000000000033,500.0,2.5,0.0,0.01,5.614000000000033,5.614000000000033,1.1228000000000067,2.245600000000013,2.0437385000000003,True,False,False
2000,500,87,2025-11-18 13:55:00,4068.976,13.411000000000058,500.0,2.5,0.0,0.01,13.411000000000058,13.411000000000058,2.6822000000000115,5.364400000000023,2.034488,True,False,False
2000,500,88,2025-11-18 14:40:00,4077.634,13.222999999999956,500.0,2.5,0.0,0.01,13.222999999999956,13.222999999999956,2.6445999999999916,5.289199999999982,2.0388170000000003,True,False,False
2000,500,89,2026-07-20 10:30:00,4022.052,14.509000000000016,500.0,2.5,0.0,0.01,14.509000000000016,14.509000000000016,2.9018000000000033,5.8036000000000065,2.011026,True,False,False
2000,500,90,2025-11-18 14:45:00,4073.305,13.01700000000028,500.0,2.5,0.0,0.01,13.01700000000028,13.01700000000028,2.603400000000056,5.206800000000112,2.0366525,True,False,False
2000,500,91,2025-11-18 14:50:00,4074.894,12.121000000000096,500.0,2.5,0.0,0.01,12.121000000000096,12.121000000000096,2.4242000000000195,4.848400000000039,2.037447,True,False,False
2000,500,92,2025-11-18 14:55:00,4061.53,12.310999999999694,500.0,2.5,0.0,0.01,12.310999999999694,12.310999999999694,2.462199999999939,4.924399999999878,2.030765,True,False,False
2000,500,93,2025-11-18 17:35:00,4066.154,8.965999999999894,500.0,2.5,0.0,0.01,8.965999999999894,8.965999999999894,1.7931999999999788,3.5863999999999576,2.033077,True,False,False
2000,500,94,2025-11-18 17:40:00,4070.54,8.93100000000004,500.0,2.5,0.0,0.01,8.93100000000004,8.93100000000004,1.786200000000008,3.572400000000016,2.03527,True,False,False
2000,500,95,2025-11-18 18:00:00,4071.481,8.56399999999985,500.0,2.5,0.0,0.01,8.56399999999985,8.56399999999985,1.7127999999999703,3.4255999999999402,2.0357405,True,False,False
2000,500,96,2025-11-18 17:50:00,4072.742,8.826000000000022,500.0,2.5,0.0,0.01,8.826000000000022,8.826000000000022,1.7652000000000043,3.5304000000000086,2.036371,True,False,False
2000,500,97,2025-11-18 17:45:00,4073.099,8.980000000000018,500.0,2.5,0.0,0.01,8.980000000000018,8.980000000000018,1.7960000000000036,3.592000000000007,2.0365495,True,False,False
2000,500,98,2025-11-18 18:05:00,4069.435,8.501000000000204,500.0,2.5,0.0,0.01,8.501000000000204,8.501000000000204,1.700200000000041,3.4004000000000816,2.0347175,True,False,False
2000,500,99,2025-11-25 18:55:00,4139.605,5.436999999999898,500.0,2.5,0.0,0.01,5.436999999999898,5.436999999999898,1.0873999999999797,2.1747999999999594,2.0698024999999998,True,False,False
2000,500,100,2025-11-26 18:35:00,4159.899,4.787000000000262,500.0,2.5,0.0,0.01,4.787000000000262,4.787000000000262,0.9574000000000523,1.9148000000001049,2.0799495,True,False,False
2000,500,101,2025-11-26 18:50:00,4160.764,4.041000000000167,500.0,2.5,0.0,0.01,4.041000000000167,4.041000000000167,0.8082000000000336,1.616400000000067,2.080382,True,False,False
2000,500,102,2025-11-26 18:40:00,4162.122,3.694000000000415,500.0,2.5,0.0,0.01,3.694000000000415,3.694000000000415,0.7388000000000831,1.4776000000001661,2.081061,True,False,False
2000,500,103,2025-11-26 18:55:00,4163.341,4.17200000000048,500.0,2.5,0.0,0.01,4.17200000000048,4.17200000000048,0.834400000000096,1.6688000000001921,2.0816705,True,False,False
2000,500,104,2025-11-26 19:00:00,4164.816,4.46599999999944,500.0,2.5,0.0,0.01,4.46599999999944,4.46599999999944,0.893199999999888,1.786399999999776,2.082408,True,False,False
2000,500,105,2025-11-26 19:15:00,4166.931,6.5809999999992215,500.0,2.5,0.0,0.01,6.5809999999992215,6.5809999999992215,1.3161999999998442,2.6323999999996888,2.0834655,True,False,False
2000,500,106,2025-11-26 18:45:00,4159.542,5.807999999999993,500.0,2.5,0.0,0.01,5.807999999999993,5.807999999999993,1.1615999999999986,2.3231999999999973,2.079771,True,False,False
2000,500,107,2025-11-26 19:20:00,4167.565,7.214999999999236,500.0,2.5,0.0,0.01,7.214999999999236,7.214999999999236,1.4429999999998473,2.8859999999996946,2.0837825,True,False,False
2000,500,108,2025-11-28 09:15:00,4162.27,8.807000000000698,500.0,2.5,0.0,0.01,8.807000000000698,8.807000000000698,1.7614000000001395,3.5228000000002795,2.081135,True,False,False
2000,500,109,2025-11-28 09:20:00,4166.222,11.429000000000087,500.0,2.5,0.0,0.01,11.429000000000087,11.429000000000087,2.2858000000000174,4.571600000000035,2.0831109999999997,True,False,False
2000,500,110,2025-11-28 10:50:00,4165.54,12.807999999999993,500.0,2.5,0.0,0.01,12.807999999999993,12.807999999999993,2.5615999999999985,5.123199999999997,2.08277,True,False,False
2000,500,111,2025-11-28 10:55:00,4163.865,11.13299999999981,500.0,2.5,0.0,0.01,11.13299999999981,11.13299999999981,2.226599999999962,4.453199999999924,2.0819324999999997,True,False,False
2000,500,112,2025-11-28 09:25:00,4161.768,12.61700000000019,500.0,2.5,0.0,0.01,12.61700000000019,12.61700000000019,2.523400000000038,5.046800000000076,2.080884,True,False,False
2000,500,113,2025-11-28 11:00:00,4163.966,11.234000000000378,500.0,2.5,0.0,0.01,11.234000000000378,11.234000000000378,2.246800000000076,4.493600000000152,2.081983,True,False,False
2000,500,114,2025-11-28 12:05:00,4171.987,13.636999999999716,500.0,2.5,0.0,0.01,13.636999999999716,13.636999999999716,2.7273999999999434,5.454799999999887,2.0859935,True,False,False
2000,500,115,2025-11-28 12:00:00,4172.14,13.789999999999964,500.0,2.5,0.0,0.01,13.789999999999964,13.789999999999964,2.757999999999993,5.515999999999986,2.0860700000000003,True,False,False
2000,500,116,2025-11-28 11:50:00,4173.398,15.047999999999774,500.0,2.5,0.0,0.01,15.047999999999774,15.047999999999774,3.009599999999955,6.01919999999991,2.086699,True,False,False
2000,500,117,2025-11-28 12:10:00,4171.509,13.15899999999965,500.0,2.5,0.0,0.01,13.15899999999965,13.15899999999965,2.63179999999993,5.26359999999986,2.0857545,True,False,False
2000,500,118,2025-11-28 13:25:00,4169.675,15.019000000000233,500.0,2.5,0.0,0.01,15.019000000000233,15.019000000000233,3.0038000000000467,6.007600000000093,2.0848375,True,False,False
2000,500,119,2025-11-28 16:15:00,4199.709,16.61999999999989,500.0,2.5,0.0,0.01,16.61999999999989,16.61999999999989,3.3239999999999785,6.647999999999956,2.0998544999999997,True,False,False
2000,500,120,2025-12-01 18:55:00,4238.913,4.88799999999992,500.0,2.5,0.0,0.01,4.88799999999992,4.88799999999992,0.977599999999984,1.955199999999968,2.1194564999999996,True,False,False
2000,500,121,2025-12-01 19:00:00,4240.419,6.136999999999716,500.0,2.5,0.0,0.01,6.136999999999716,6.136999999999716,1.2273999999999432,2.4547999999998864,2.1202095,True,False,False
2000,500,122,2025-12-01 19:15:00,4237.853,5.302999999999884,500.0,2.5,0.0,0.01,5.302999999999884,5.302999999999884,1.0605999999999767,2.1211999999999533,2.1189265,True,False,False
2000,500,123,2025-12-01 19:20:00,4237.873,5.322999999999411,500.0,2.5,0.0,0.01,5.322999999999411,5.322999999999411,1.064599999999882,2.129199999999764,2.1189365,True,False,False
2000,500,124,2025-12-01 19:25:00,4238.802,6.251999999999498,500.0,2.5,0.0,0.01,6.251999999999498,6.251999999999498,1.2503999999998996,2.500799999999799,2.119401,True,False,False
2000,500,125,2025-12-01 19:30:00,4241.759,9.208999999999833,500.0,2.5,0.0,0.01,9.208999999999833,9.208999999999833,1.8417999999999664,3.683599999999933,2.1208795,True,False,False
2000,500,126,2025-12-01 19:35:00,4239.865,7.3149999999996,500.0,2.5,0.0,0.01,7.3149999999996,7.3149999999996,1.46299999999992,2.92599999999984,2.1199325,True,False,False
2000,500,127,2025-12-01 19:40:00,4241.765,9.215000000000146,500.0,2.5,0.0,0.01,9.215000000000146,9.215000000000146,1.843000000000029,3.686000000000058,2.1208825,True,False,False
2000,500,128,2025-12-05 09:50:00,4223.536,16.10400000000027,500.0,2.5,0.0,0.01,16.10400000000027,16.10400000000027,3.2208000000000543,6.441600000000108,2.111768,True,False,False
2000,500,129,2025-12-05 17:40:00,4210.895,16.071000000000822,500.0,2.5,0.0,0.01,16.071000000000822,16.071000000000822,3.2142000000001643,6.4284000000003285,2.1054475000000004,True,False,False
2000,500,130,2025-12-05 18:25:00,4212.607,15.846999999999753,500.0,2.5,0.0,0.01,15.846999999999753,15.846999999999753,3.1693999999999507,6.338799999999901,2.1063035,True,False,False
2000,500,131,2025-12-05 18:30:00,4212.766,16.005999999999403,500.0,2.5,0.0,0.01,16.005999999999403,16.005999999999403,3.2011999999998806,6.402399999999761,2.1063829999999997,True,False,False
2000,500,132,2025-12-05 18:45:00,4212.071,15.310999999999694,500.0,2.5,0.0,0.01,15.310999999999694,15.310999999999694,3.062199999999939,6.124399999999878,2.1060355,True,False,False
2000,500,133,2025-12-05 18:55:00,4210.676,13.963000000000648,500.0,2.5,0.0,0.01,13.963000000000648,13.963000000000648,2.7926000000001294,5.585200000000259,2.105338,True,False,False
2000,500,134,2025-12-05 19:00:00,4209.029,12.316000000000711,500.0,2.5,0.0,0.01,12.316000000000711,12.316000000000711,2.463200000000142,4.926400000000284,2.1045145,True,False,False
2000,500,135,2025-12-05 19:05:00,4209.381,12.668000000000577,500.0,2.5,0.0,0.01,12.668000000000577,12.668000000000577,2.5336000000001153,5.067200000000231,2.1046905000000002,True,False,False
2000,500,136,2025-12-09 09:40:00,4203.659,8.102000000000771,500.0,2.5,0.0,0.01,8.102000000000771,8.102000000000771,1.6204000000001544,3.2408000000003083,2.1018295,True,False,False
2000,500,137,2025-12-09 12:35:00,4202.567,4.591999999999644,500.0,2.5,0.0,0.01,4.591999999999644,4.591999999999644,0.9183999999999288,1.8367999999998577,2.1012835,True,False,False
2000,500,138,2025-12-09 13:45:00,4200.705,10.019000000000233,500.0,2.5,0.0,0.01,10.019000000000233,10.019000000000233,2.0038000000000467,4.007600000000093,2.1003525,True,False,False
2000,500,139,2025-12-09 13:50:00,4200.272,9.58600000000024,500.0,2.5,0.0,0.01,9.58600000000024,9.58600000000024,1.917200000000048,3.834400000000096,2.100136,True,False,False
2000,500,140,2025-12-09 13:30:00,4201.948,5.902000000000044,500.0,2.5,0.0,0.01,5.902000000000044,5.902000000000044,1.1804000000000088,2.3608000000000176,2.1009740000000003,True,False,False
2000,500,141,2025-12-09 14:35:00,4200.875,11.090000000000146,500.0,2.5,0.0,0.01,11.090000000000146,11.090000000000146,2.218000000000029,4.436000000000059,2.1004375,True,False,False
2000,500,142,2025-12-09 17:35:00,4204.926,11.21100000000024,500.0,2.5,0.0,0.01,11.21100000000024,11.21100000000024,2.242200000000048,4.484400000000096,2.102463,True,False,False
2000,500,143,2025-12-09 17:50:00,4206.837,13.122000000000298,500.0,2.5,0.0,0.01,13.122000000000298,13.122000000000298,2.6244000000000596,5.248800000000119,2.1034185,True,False,False
2000,500,144,2025-12-09 17:55:00,4205.85,12.004000000000817,500.0,2.5,0.0,0.01,12.004000000000817,12.004000000000817,2.4008000000001632,4.8016000000003265,2.1029250000000004,True,False,False
2000,500,145,2025-12-09 18:00:00,4203.136,9.290000000000871,500.0,2.5,0.0,0.01,9.290000000000871,9.290000000000871,1.8580000000001742,3.7160000000003484,2.1015680000000003,True,False,False
2000,500,146,2025-12-09 18:05:00,4202.878,9.032000000000153,500.0,2.5,0.0,0.01,9.032000000000153,9.032000000000153,1.8064000000000306,3.6128000000000613,2.101439,True,False,False
2000,500,147,2025-12-09 18:10:00,4203.421,9.575000000000728,500.0,2.5,0.0,0.01,9.575000000000728,9.575000000000728,1.9150000000001455,3.830000000000291,2.1017105000000003,True,False,False
2000,500,148,2025-12-09 17:40:00,4206.474,12.759000000000016,500.0,2.5,0.0,0.01,12.759000000000016,12.759000000000016,2.551800000000003,5.103600000000006,2.103237,True,False,False
2000,500,149,2025-12-09 17:45:00,4207.36,13.644999999999529,500.0,2.5,0.0,0.01,13.644999999999529,13.644999999999529,2.728999999999906,5.457999999999812,2.1036799999999998,True,False,False
2000,500,150,2025-12-09 18:15:00,4206.489,12.643000000000027,500.0,2.5,0.0,0.01,12.643000000000027,12.643000000000027,2.5286000000000053,5.057200000000011,2.1032444999999997,True,False,False
2000,500,151,2025-12-09 19:30:00,4208.552,14.914999999999964,500.0,2.5,0.0,0.01,14.914999999999964,14.914999999999964,2.9829999999999925,5.965999999999985,2.104276,True,False,False
2000,500,152,2025-12-09 19:40:00,4209.152,15.515000000000327,500.0,2.5,0.0,0.01,15.515000000000327,15.515000000000327,3.1030000000000655,6.206000000000131,2.1045760000000002,True,False,False
2000,500,153,2025-12-09 19:45:00,4209.46,15.82300000000032,500.0,2.5,0.0,0.01,15.82300000000032,15.82300000000032,3.164600000000064,6.329200000000128,2.10473,True,False,False
2000,500,154,2025-12-09 19:50:00,4208.293,14.655999999999947,500.0,2.5,0.0,0.01,14.655999999999947,14.655999999999947,2.9311999999999894,5.862399999999979,2.1041464999999997,True,False,False
2000,500,155,2025-12-15 07:35:00,4341.457,10.775000000000546,500.0,2.5,0.0,0.01,10.775000000000546,10.775000000000546,2.155000000000109,4.310000000000218,2.1707285,True,False,False
2000,500,156,2025-12-15 07:20:00,4343.463,11.264000000000124,500.0,2.5,0.0,0.01,11.264000000000124,11.264000000000124,2.2528000000000246,4.505600000000049,2.1717315,True,False,False
2000,500,157,2025-12-15 08:05:00,4340.979,10.29700000000048,500.0,2.5,0.0,0.01,10.29700000000048,10.29700000000048,2.059400000000096,4.118800000000192,2.1704895,True,False,False
2000,500,158,2025-12-15 08:15:00,4343.038,3.7859999999991487,500.0,2.5,0.0,0.01,3.7859999999991487,3.7859999999991487,0.7571999999998297,1.5143999999996596,2.171519,True,False,False
2000,500,159,2025-12-15 08:20:00,4342.212,3.761000000000422,500.0,2.5,0.0,0.01,3.761000000000422,3.761000000000422,0.7522000000000844,1.5044000000001687,2.1711060000000004,True,False,False
2000,500,160,2025-12-15 08:25:00,4342.842,3.70299999999952,500.0,2.5,0.0,0.01,3.70299999999952,3.70299999999952,0.7405999999999039,1.481199999999808,2.1714209999999996,True,False,False
2000,500,161,2025-12-15 08:10:00,4341.922,3.722999999999956,500.0,2.5,0.0,0.01,3.722999999999956,3.722999999999956,0.7445999999999912,1.4891999999999823,2.1709609999999997,True,False,False
2000,500,162,2025-12-15 11:55:00,4342.712,4.002999999999702,500.0,2.5,0.0,0.01,4.002999999999702,4.002999999999702,0.8005999999999405,1.6011999999998807,2.1713560000000003,True,False,False
2000,500,163,2025-12-15 12:10:00,4343.487,3.921000000000277,500.0,2.5,0.0,0.01,3.921000000000277,3.921000000000277,0.7842000000000553,1.5684000000001108,2.1717435,True,False,False
2000,500,164,2025-12-15 12:20:00,4344.633,3.694000000000415,500.0,2.5,0.0,0.01,3.694000000000415,3.694000000000415,0.7388000000000831,1.4776000000001661,2.1723165,True,False,False
2000,500,165,2025-12-15 07:25:00,4343.45,12.768000000000027,500.0,2.5,0.0,0.01,12.768000000000027,12.768000000000027,2.5536000000000056,5.107200000000011,2.171725,True,False,False
2000,500,166,2025-12-15 12:35:00,4347.661,3.532000000000153,500.0,2.5,0.0,0.01,3.532000000000153,3.532000000000153,0.7064000000000306,1.4128000000000611,2.1738305,True,False,False
2000,500,167,2025-12-15 12:50:00,4344.653,3.677999999999884,500.0,2.5,0.0,0.01,3.677999999999884,3.677999999999884,0.7355999999999768,1.4711999999999537,2.1723265,True,False,False
2000,500,168,2025-12-15 12:45:00,4345.525,3.664999999999964,500.0,2.5,0.0,0.01,3.664999999999964,3.664999999999964,0.7329999999999928,1.4659999999999855,2.1727624999999997,True,False,False
2000,500,169,2025-12-15 12:55:00,4346.176,3.748999999999796,500.0,2.5,0.0,0.01,3.748999999999796,3.748999999999796,0.7497999999999592,1.4995999999999183,2.1730880000000004,True,False,False
2000,500,170,2025-12-15 07:30:00,4344.198,13.516000000000531,500.0,2.5,0.0,0.01,13.516000000000531,13.516000000000531,2.7032000000001064,5.406400000000213,2.1720990000000002,True,False,False
2000,500,171,2025-12-15 13:15:00,4335.908,5.298999999999978,500.0,2.5,0.0,0.01,5.298999999999978,5.298999999999978,1.0597999999999956,2.1195999999999913,2.1679540000000004,True,False,False
2000,500,172,2025-12-15 07:40:00,4336.326,5.644000000000233,500.0,2.5,0.0,0.01,5.644000000000233,5.644000000000233,1.1288000000000467,2.2576000000000933,2.168163,True,False,False
2000,500,173,2025-12-15 13:25:00,4337.831,5.905999999999949,500.0,2.5,0.0,0.01,5.905999999999949,5.905999999999949,1.1811999999999898,2.3623999999999796,2.1689155,True,False,False
2000,500,174,2025-12-15 13:05:00,4340.489,4.203000000000429,500.0,2.5,0.0,0.01,4.203000000000429,4.203000000000429,0.840600000000086,1.6812000000001717,2.1702445,True,False,False
2000,500,175,2025-12-15 07:45:00,4339.94,9.25799999999981,500.0,2.5,0.0,0.01,9.25799999999981,9.25799999999981,1.8515999999999624,3.7031999999999243,2.1699699999999997,True,False,False
2000,500,176,2025-12-15 07:50:00,4340.955,10.273000000000138,500.0,2.5,0.0,0.01,10.273000000000138,10.273000000000138,2.0546000000000277,4.1092000000000555,2.1704775,True,False,False
2000,500,177,2025-12-15 07:55:00,4340.599,9.917000000000373,500.0,2.5,0.0,0.01,9.917000000000373,9.917000000000373,1.9834000000000747,3.9668000000001493,2.1702995,True,False,False
2000,500,178,2025-12-15 08:00:00,4339.481,8.798999999999978,500.0,2.5,0.0,0.01,8.798999999999978,8.798999999999978,1.7597999999999958,3.519599999999991,2.1697405,True,False,False
2000,500,179,2025-12-15 08:30:00,4346.091,5.074000000000524,500.0,2.5,0.0,0.01,5.074000000000524,5.074000000000524,1.014800000000105,2.0296000000002095,2.1730455,True,False,False
2000,500,180,2025-12-15 13:00:00,4345.644,3.841999999999644,500.0,2.5,0.0,0.01,3.841999999999644,3.841999999999644,0.7683999999999288,1.5367999999998576,2.172822,True,False,False
2000,500,181,2025-12-17 12:10:00,4316.066,12.135000000000218,500.0,2.5,0.0,0.01,12.135000000000218,12.135000000000218,2.4270000000000436,4.854000000000087,2.158033,True,False,False
2000,500,182,2025-12-17 12:15:00,4316.784,12.853000000000064,500.0,2.5,0.0,0.01,12.853000000000064,12.853000000000064,2.5706000000000127,5.141200000000025,2.1583919999999996,True,False,False
2000,500,183,2025-12-17 12:35:00,4319.382,15.451000000000022,500.0,2.5,0.0,0.01,15.451000000000022,15.451000000000022,3.0902000000000043,6.1804000000000086,2.1596909999999996,True,False,False
2000,500,184,2025-12-17 12:40:00,4317.587,13.65600000000086,500.0,2.5,0.0,0.01,13.65600000000086,13.65600000000086,2.731200000000172,5.462400000000344,2.1587935000000003,True,False,False
2000,500,185,2025-12-19 11:50:00,4328.746,3.806999999999789,500.0,2.5,0.0,0.01,3.806999999999789,3.806999999999789,0.7613999999999578,1.5227999999999156,2.164373,True,False,False
2000,500,186,2025-12-19 13:25:00,4330.855,8.126999999999498,500.0,2.5,0.0,0.01,8.126999999999498,8.126999999999498,1.6253999999998996,3.250799999999799,2.1654275,True,False,False
2000,500,187,2025-12-23 16:20:00,4460.961,7.641999999999825,500.0,2.5,0.0,0.01,7.641999999999825,7.641999999999825,1.5283999999999651,3.0567999999999302,2.2304805,True,False,False
2000,500,188,2025-12-23 15:20:00,4448.65,12.661999999999352,500.0,2.5,0.0,0.01,12.661999999999352,12.661999999999352,2.5323999999998703,5.064799999999741,2.224325,True,False,False
2000,500,189,2025-12-23 15:15:00,4448.571,12.73700000000008,500.0,2.5,0.0,0.01,12.73700000000008,12.73700000000008,2.547400000000016,5.094800000000032,2.2242855,True,False,False
2000,500,190,2025-12-23 15:25:00,4447.59,11.789999999999964,500.0,2.5,0.0,0.01,11.789999999999964,11.789999999999964,2.3579999999999925,4.715999999999985,2.223795,True,False,False
2000,500,191,2025-12-23 16:25:00,4463.049,6.716000000000349,500.0,2.5,0.0,0.01,6.716000000000349,6.716000000000349,1.34320000000007,2.68640000000014,2.2315245,True,False,False
2000,500,192,2025-12-23 16:15:00,4460.824,8.680999999999585,500.0,2.5,0.0,0.01,8.680999999999585,8.680999999999585,1.736199999999917,3.4723999999998343,2.230412,True,False,False
2000,500,193,2025-12-23 15:50:00,4456.941,11.673999999999978,500.0,2.5,0.0,0.01,11.673999999999978,11.673999999999978,2.3347999999999955,4.669599999999991,2.2284705,True,False,False
2000,500,194,2025-12-23 16:40:00,4462.268,9.260000000000218,500.0,2.5,0.0,0.01,9.260000000000218,9.260000000000218,1.8520000000000436,3.7040000000000872,2.231134,True,False,False
2000,500,195,2025-12-23 15:40:00,4454.407,12.61700000000019,500.0,2.5,0.0,0.01,12.61700000000019,12.61700000000019,2.523400000000038,5.046800000000076,2.2272035,True,False,False
2000,500,196,2025-12-23 16:10:00,4458.609,9.949000000000524,500.0,2.5,0.0,0.01,9.949000000000524,9.949000000000524,1.9898000000001046,3.9796000000002096,2.2293045,True,False,False
2000,500,197,2025-12-23 16:05:00,4457.59,10.596000000000458,500.0,2.5,0.0,0.01,10.596000000000458,10.596000000000458,2.1192000000000917,4.238400000000183,2.228795,True,False,False
2000,500,198,2025-12-23 16:00:00,4458.631,10.704999999999927,500.0,2.5,0.0,0.01,10.704999999999927,10.704999999999927,2.1409999999999854,4.281999999999971,2.2293155000000002,True,False,False
2000,500,199,2025-12-23 16:35:00,4460.745,9.30999999999949,500.0,2.5,0.0,0.01,9.30999999999949,9.30999999999949,1.8619999999998982,3.7239999999997964,2.2303725,True,False,False
2000,500,200,2025-12-23 15:45:00,4453.261,12.347000000000662,500.0,2.5,0.0,0.01,12.347000000000662,12.347000000000662,2.469400000000132,4.938800000000265,2.2266305,True,False,False
2000,500,201,2025-12-23 17:20:00,4474.425,7.101999999999862,500.0,2.5,0.0,0.01,7.101999999999862,7.101999999999862,1.4203999999999724,2.8407999999999447,2.2372125,True,False,False
2000,500,202,2025-12-23 17:30:00,4477.98,8.247999999999593,500.0,2.5,0.0,0.01,8.247999999999593,8.247999999999593,1.6495999999999185,3.299199999999837,2.23899,True,False,False
2000,500,203,2025-12-23 17:35:00,4475.692,5.960000000000036,500.0,2.5,0.0,0.01,5.960000000000036,5.960000000000036,1.1920000000000073,2.3840000000000146,2.2378460000000002,True,False,False
2000,500,204,2025-12-23 17:40:00,4478.186,8.453999999999724,500.0,2.5,0.0,0.01,8.453999999999724,8.453999999999724,1.6907999999999448,3.3815999999998896,2.239093,True,False,False
2000,500,205,2025-12-23 15:55:00,4454.279,11.278000000000247,500.0,2.5,0.0,0.01,11.278000000000247,11.278000000000247,2.2556000000000496,4.511200000000099,2.2271395000000003,True,False,False
2000,500,206,2025-12-23 16:30:00,4461.715,6.279999999999745,500.0,2.5,0.0,0.01,6.279999999999745,6.279999999999745,1.255999999999949,2.5119999999998983,2.2308575,True,False,False
2000,500,207,2025-12-23 16:45:00,4466.244,5.829999999999927,500.0,2.5,0.0,0.01,5.829999999999927,5.829999999999927,1.1659999999999855,2.331999999999971,2.233122,True,False,False
2000,500,208,2025-12-23 16:50:00,4470.113,6.269000000000233,500.0,2.5,0.0,0.01,6.269000000000233,6.269000000000233,1.2538000000000467,2.5076000000000933,2.2350565000000002,True,False,False
2000,500,209,2025-12-23 17:00:00,4474.389,7.065999999999804,500.0,2.5,0.0,0.01,7.065999999999804,7.065999999999804,1.413199999999961,2.826399999999922,2.2371945,True,False,False
2000,500,210,2025-12-23 17:15:00,4475.635,8.311999999999898,500.0,2.5,0.0,0.01,8.311999999999898,8.311999999999898,1.6623999999999794,3.3247999999999593,2.2378175000000002,True,False,False
2000,500,211,2025-12-23 18:30:00,4478.132,7.428999999999178,500.0,2.5,0.0,0.01,7.428999999999178,7.428999999999178,1.4857999999998355,2.971599999999671,2.239066,True,False,False
2000,500,212,2025-12-23 18:00:00,4472.866,8.376000000000204,500.0,2.5,0.0,0.01,8.376000000000204,8.376000000000204,1.6752000000000409,3.3504000000000813,2.236433,True,False,False
2000,500,213,2025-12-23 18:35:00,4474.284,7.479999999999563,500.0,2.5,0.0,0.01,7.479999999999563,7.479999999999563,1.4959999999999127,2.9919999999998255,2.237142,True,False,False
2000,500,214,2025-12-23 18:05:00,4475.032,7.905999999999949,500.0,2.5,0.0,0.01,7.905999999999949,7.905999999999949,1.58119999999999,3.1623999999999794,2.2375160000000003,True,False,False
2000,500,215,2025-12-23 18:40:00,4475.236,7.493999999999687,500.0,2.5,0.0,0.01,7.493999999999687,7.493999999999687,1.4987999999999375,2.997599999999875,2.237618,True,False,False
2000,500,216,2025-12-23 18:15:00,4477.779,7.707000000000335,500.0,2.5,0.0,0.01,7.707000000000335,7.707000000000335,1.541400000000067,3.082800000000134,2.2388895000000004,True,False,False
2000,500,217,2025-12-23 17:10:00,4475.74,8.416999999999462,500.0,2.5,0.0,0.01,8.416999999999462,8.416999999999462,1.6833999999998923,3.3667999999997846,2.23787,True,False,False
2000,500,218,2025-12-23 18:50:00,4478.449,7.2979999999997744,500.0,2.5,0.0,0.01,7.2979999999997744,7.2979999999997744,1.459599999999955,2.91919999999991,2.2392244999999997,True,False,False
2000,500,219,2025-12-23 17:05:00,4478.855,11.531999999999243,500.0,2.5,0.0,0.01,11.531999999999243,11.531999999999243,2.3063999999998486,4.612799999999697,2.2394274999999997,True,False,False
2000,500,220,2025-12-23 18:20:00,4476.772,7.572000000000116,500.0,2.5,0.0,0.01,7.572000000000116,7.572000000000116,1.5144000000000233,3.0288000000000466,2.2383859999999998,True,False,False
2000,500,221,2025-12-23 18:25:00,4477.758,7.536000000000058,500.0,2.5,0.0,0.01,7.536000000000058,7.536000000000058,1.5072000000000116,3.0144000000000233,2.238879,True,False,False
2000,500,222,2025-12-23 18:45:00,4476.662,7.331000000000131,500.0,2.5,0.0,0.01,7.331000000000131,7.331000000000131,1.4662000000000261,2.9324000000000523,2.238331,True,False,False
2000,500,223,2025-12-23 16:55:00,4475.366,11.521999999999936,500.0,2.5,0.0,0.01,11.521999999999936,11.521999999999936,2.3043999999999873,4.608799999999975,2.237683,True,False,False
2000,500,224,2025-12-23 18:10:00,4477.671,7.791000000000167,500.0,2.5,0.0,0.01,7.791000000000167,7.791000000000167,1.5582000000000336,3.116400000000067,2.2388355,True,False,False
2000,500,225,2025-12-23 19:00:00,4484.603,4.904000000000451,500.0,2.5,0.0,0.01,4.904000000000451,4.904000000000451,0.9808000000000903,1.9616000000001805,2.2423015,True,False,False
2000,500,226,2025-12-23 17:45:00,4478.627,8.895000000000437,500.0,2.5,0.0,0.01,8.895000000000437,8.895000000000437,1.7790000000000874,3.558000000000175,2.2393135,True,False,False
2000,500,227,2025-12-23 19:25:00,4488.878,5.80199999999968,500.0,2.5,0.0,0.01,5.80199999999968,5.80199999999968,1.160399999999936,2.320799999999872,2.244439,True,False,False
2000,500,228,2025-12-23 18:55:00,4478.5,7.006999999999607,500.0,2.5,0.0,0.01,7.006999999999607,7.006999999999607,1.4013999999999214,2.8027999999998428,2.23925,True,False,False
2000,500,229,2025-12-23 19:30:00,4490.157,6.996000000000095,500.0,2.5,0.0,0.01,6.996000000000095,6.996000000000095,1.3992000000000189,2.7984000000000377,2.2450785,True,False,False
2000,500,230,2025-12-23 19:15:00,4493.901,10.739999999999782,500.0,2.5,0.0,0.01,10.739999999999782,10.739999999999782,2.147999999999956,4.295999999999912,2.2469505,True,False,False
2000,500,231,2025-12-23 19:05:00,4493.795,10.634000000000016,500.0,2.5,0.0,0.01,10.634000000000016,10.634000000000016,2.1268000000000034,4.253600000000007,2.2468975,True,False,False
2000,500,232,2025-12-23 19:45:00,4493.203,10.042000000000373,500.0,2.5,0.0,0.01,10.042000000000373,10.042000000000373,2.0084000000000746,4.016800000000149,2.2466015,True,False,False
2000,500,233,2025-12-23 19:50:00,4490.91,7.748999999999796,500.0,2.5,0.0,0.01,7.748999999999796,7.748999999999796,1.5497999999999592,3.0995999999999184,2.2454549999999998,True,False,False
2000,500,234,2025-12-23 19:35:00,4489.676,6.515000000000327,500.0,2.5,0.0,0.01,6.515000000000327,6.515000000000327,1.3030000000000657,2.606000000000131,2.244838,True,False,False
2000,500,235,2025-12-23 19:10:00,4492.133,8.971999999999753,500.0,2.5,0.0,0.01,8.971999999999753,8.971999999999753,1.7943999999999505,3.588799999999901,2.2460665,True,False,False
2000,500,236,2025-12-23 19:40:00,4491.98,8.818999999999505,500.0,2.5,0.0,0.01,8.818999999999505,8.818999999999505,1.7637999999999012,3.527599999999802,2.24599,True,False,False
2000,500,237,2025-12-23 19:20:00,4489.994,6.832999999999629,500.0,2.5,0.0,0.01,6.832999999999629,6.832999999999629,1.3665999999999259,2.7331999999998517,2.2449969999999997,True,False,False
2000,500,238,2025-12-23 19:55:00,4491.102,7.9409999999998035,500.0,2.5,0.0,0.01,7.9409999999998035,7.9409999999998035,1.5881999999999608,3.1763999999999215,2.245551,True,False,False
2000,500,239,2025-12-24 07:05:00,4493.286,8.792999999999665,500.0,2.5,0.0,0.01,8.792999999999665,8.792999999999665,1.758599999999933,3.517199999999866,2.246643,True,False,False
2000,500,240,2025-12-30 18:15:00,4371.269,19.50500000000011,500.0,2.5,0.0,0.01,19.50500000000011,19.50500000000011,3.901000000000022,7.802000000000044,2.1856345,True,False,False
2000,500,241,2025-12-30 18:25:00,4370.945,19.180999999999585,500.0,2.5,0.0,0.01,19.180999999999585,19.180999999999585,3.836199999999917,7.6723999999998345,2.1854725,True,False,False
2000,500,242,2025-12-30 18:30:00,4371.056,19.29199999999946,500.0,2.5,0.0,0.01,19.29199999999946,19.29199999999946,3.8583999999998926,7.716799999999784,2.1855279999999997,True,False,False
2000,500,243,2025-12-30 18:55:00,4364.679,15.792000000000373,500.0,2.5,0.0,0.01,15.792000000000373,15.792000000000373,3.1584000000000745,6.316800000000149,2.1823395,True,False,False
2000,500,244,2025-12-30 19:00:00,4365.03,16.14300000000003,500.0,2.5,0.0,0.01,16.14300000000003,16.14300000000003,3.228600000000006,6.457200000000012,2.182515,True,False,False
2000,500,245,2025-12-30 19:05:00,4367.69,18.802999999999884,500.0,2.5,0.0,0.01,18.802999999999884,18.802999999999884,3.7605999999999766,7.521199999999953,2.183845,True,False,False
2000,500,246,2026-01-02 19:30:00,4318.822,7.756000000000313,500.0,2.5,0.0,0.01,7.756000000000313,7.756000000000313,1.5512000000000625,3.102400000000125,2.159411,True,False,False
2000,500,247,2026-01-02 19:35:00,4320.742,7.269000000000233,500.0,2.5,0.0,0.01,7.269000000000233,7.269000000000233,1.4538000000000466,2.907600000000093,2.160371,True,False,False
2000,500,248,2026-01-02 19:40:00,4323.877,7.420000000000073,500.0,2.5,0.0,0.01,7.420000000000073,7.420000000000073,1.4840000000000144,2.9680000000000293,2.1619385,True,False,False
2000,500,249,2026-01-02 19:45:00,4322.881,7.463000000000648,500.0,2.5,0.0,0.01,7.463000000000648,7.463000000000648,1.4926000000001296,2.985200000000259,2.1614405000000003,True,False,False
2000,500,250,2026-01-02 19:50:00,4321.283,7.517000000000735,500.0,2.5,0.0,0.01,7.517000000000735,7.517000000000735,1.503400000000147,3.006800000000294,2.1606415,True,False,False
2000,500,251,2026-01-02 19:55:00,4320.062,7.1729999999997744,500.0,2.5,0.0,0.01,7.1729999999997744,7.1729999999997744,1.4345999999999548,2.8691999999999096,2.160031,True,False,False
2000,500,252,2026-01-06 09:15:00,4458.077,19.601000000000568,500.0,2.5,0.0,0.01,19.601000000000568,19.601000000000568,3.920200000000113,7.840400000000227,2.2290385,True,False,False
2000,500,253,2026-01-06 09:45:00,4456.019,15.893000000000027,500.0,2.5,0.0,0.01,15.893000000000027,15.893000000000027,3.1786000000000056,6.357200000000011,2.2280095,True,False,False
2000,500,254,2026-01-06 09:20:00,4454.521,16.045000000000073,500.0,2.5,0.0,0.01,16.045000000000073,16.045000000000073,3.2090000000000147,6.4180000000000295,2.2272605,True,False,False
2000,500,255,2026-01-06 09:40:00,4456.349,16.222999999999956,500.0,2.5,0.0,0.01,16.222999999999956,16.222999999999956,3.2445999999999913,6.4891999999999825,2.2281745,True,False,False
2000,500,256,2026-01-06 09:35:00,4457.095,18.6190000000006,500.0,2.5,0.0,0.01,18.6190000000006,18.6190000000006,3.72380000000012,7.44760000000024,2.2285475000000003,True,False,False
2000,500,257,2026-01-06 09:25:00,4457.355,18.878999999999905,500.0,2.5,0.0,0.01,18.878999999999905,18.878999999999905,3.775799999999981,7.551599999999962,2.2286775,True,False,False
2000,500,258,2026-01-06 09:30:00,4456.799,18.32300000000032,500.0,2.5,0.0,0.01,18.32300000000032,18.32300000000032,3.6646000000000645,7.329200000000128,2.2283995,True,False,False
2000,500,259,2026-01-06 09:50:00,4447.901,7.774999999999636,500.0,2.5,0.0,0.01,7.774999999999636,7.774999999999636,1.5549999999999273,3.1099999999998547,2.2239505,True,False,False
2000,500,260,2026-01-07 08:05:00,4463.678,4.746000000000095,500.0,2.5,0.0,0.01,4.746000000000095,4.746000000000095,0.9492000000000189,1.8984000000000378,2.231839,True,False,False
2000,500,261,2026-01-07 08:15:00,4465.932,4.731999999999971,500.0,2.5,0.0,0.01,4.731999999999971,4.731999999999971,0.9463999999999941,1.8927999999999883,2.232966,True,False,False
2000,500,262,2026-01-07 08:10:00,4465.861,4.634000000000015,500.0,2.5,0.0,0.01,4.634000000000015,4.634000000000015,0.9268000000000032,1.8536000000000061,2.2329305,True,False,False
2000,500,263,2026-01-07 08:20:00,4466.344,4.466999999999644,500.0,2.5,0.0,0.01,4.466999999999644,4.466999999999644,0.8933999999999288,1.7867999999998578,2.233172,True,False,False
2000,500,264,2026-01-14 18:35:00,4630.006,15.637000000000626,500.0,2.5,0.0,0.01,15.637000000000626,15.637000000000626,3.1274000000001254,6.25480000000025,2.3150030000000004,True,False,False
2000,500,265,2026-01-27 11:25:00,5085.919,5.418999999999869,500.0,2.5,0.0,0.01,5.418999999999869,5.418999999999869,1.083799999999974,2.167599999999948,2.5429595,True,False,False
2000,500,266,2026-02-02 19:50:00,4705.865,23.628999999999905,500.0,2.5,0.0,0.01,23.628999999999905,23.628999999999905,4.725799999999982,9.451599999999962,2.3529325,True,False,False
2000,500,267,2026-02-02 19:55:00,4690.984,23.088999999999945,500.0,2.5,0.0,0.01,23.088999999999945,23.088999999999945,4.617799999999989,9.235599999999978,2.345492,True,False,False
2000,500,268,2026-02-04 19:55:00,4937.444,23.951000000000025,500.0,2.5,0.0,0.01,23.951000000000025,23.951000000000025,4.790200000000005,9.58040000000001,2.468722,True,False,False
2000,500,269,2026-02-06 10:50:00,4869.853,15.036000000000058,500.0,2.5,0.0,0.01,15.036000000000058,15.036000000000058,3.0072000000000116,6.014400000000023,2.4349265,True,False,False
2000,500,270,2026-02-06 11:00:00,4878.364,12.094000000000053,500.0,2.5,0.0,0.01,12.094000000000053,12.094000000000053,2.4188000000000107,4.837600000000021,2.4391819999999997,True,False,False
2000,500,271,2026-02-06 11:50:00,4884.586,17.08599999999933,500.0,2.5,0.0,0.01,17.08599999999933,17.08599999999933,3.417199999999866,6.834399999999732,2.4422930000000003,True,False,False
2000,500,272,2026-02-06 11:55:00,4889.802,16.765000000000327,500.0,2.5,0.0,0.01,16.765000000000327,16.765000000000327,3.3530000000000655,6.706000000000131,2.4449009999999998,True,False,False
2000,500,273,2026-02-06 12:25:00,4878.991,17.865999999999985,500.0,2.5,0.0,0.01,17.865999999999985,17.865999999999985,3.5731999999999973,7.1463999999999945,2.4394955,True,False,False
2000,500,274,2026-02-06 12:15:00,4895.638,18.19300000000021,500.0,2.5,0.0,0.01,18.19300000000021,18.19300000000021,3.6386000000000425,7.277200000000084,2.447819,True,False,False
2000,500,275,2026-02-06 12:30:00,4877.645,17.82799999999952,500.0,2.5,0.0,0.01,17.82799999999952,17.82799999999952,3.5655999999999044,7.131199999999808,2.4388225,True,False,False
2000,500,276,2026-02-06 12:35:00,4883.504,18.02000000000044,500.0,2.5,0.0,0.01,18.02000000000044,18.02000000000044,3.6040000000000876,7.208000000000176,2.441752,True,False,False
2000,500,277,2026-02-10 08:25:00,5038.835,15.122999999999593,500.0,2.5,0.0,0.01,15.122999999999593,15.122999999999593,3.0245999999999187,6.049199999999837,2.5194175,True,False,False
2000,500,278,2026-02-10 08:50:00,5051.384,11.63000000000011,500.0,2.5,0.0,0.01,11.63000000000011,11.63000000000011,2.326000000000022,4.652000000000044,2.525692,True,False,False
2000,500,279,2026-02-10 10:20:00,5041.807,11.965000000000146,500.0,2.5,0.0,0.01,11.965000000000146,11.965000000000146,2.393000000000029,4.786000000000058,2.5209034999999997,True,False,False
2000,500,280,2026-02-10 10:30:00,5047.969,11.645000000000437,500.0,2.5,0.0,0.01,11.645000000000437,11.645000000000437,2.3290000000000872,4.6580000000001744,2.5239845,True,False,False
2000,500,281,2026-02-10 10:35:00,5051.824,11.23699999999917,500.0,2.5,0.0,0.01,11.23699999999917,11.23699999999917,2.247399999999834,4.494799999999668,2.525912,True,False,False
2000,500,282,2026-02-10 10:40:00,5055.047,14.09399999999914,500.0,2.5,0.0,0.01,14.09399999999914,14.09399999999914,2.818799999999828,5.637599999999656,2.5275234999999996,True,False,False
2000,500,283,2026-02-10 10:45:00,5054.286,13.332999999999627,500.0,2.5,0.0,0.01,13.332999999999627,13.332999999999627,2.6665999999999253,5.3331999999998505,2.527143,True,False,False
2000,500,284,2026-02-10 10:50:00,5054.427,13.47399999999925,500.0,2.5,0.0,0.01,13.47399999999925,13.47399999999925,2.69479999999985,5.3895999999997,2.5272135,True,False,False
2000,500,285,2026-02-10 11:05:00,5046.819,7.591000000000349,500.0,2.5,0.0,0.01,7.591000000000349,7.591000000000349,1.51820000000007,3.03640000000014,2.5234095,True,False,False
2000,500,286,2026-02-10 11:10:00,5053.074,12.120999999999183,500.0,2.5,0.0,0.01,12.120999999999183,12.120999999999183,2.4241999999998365,4.848399999999673,2.526537,True,False,False
2000,500,287,2026-02-10 10:55:00,5049.757,8.803999999999178,500.0,2.5,0.0,0.01,8.803999999999178,8.803999999999178,1.7607999999998354,3.521599999999671,2.5248785,True,False,False
2000,500,288,2026-02-10 11:15:00,5050.805,9.851999999999862,500.0,2.5,0.0,0.01,9.851999999999862,9.851999999999862,1.9703999999999726,3.940799999999945,2.5254025,True,False,False
2000,500,289,2026-02-10 11:00:00,5047.225,7.6030000000000655,500.0,2.5,0.0,0.01,7.6030000000000655,7.6030000000000655,1.520600000000013,3.041200000000026,2.5236125,True,False,False
2000,500,290,2026-02-10 11:20:00,5047.503,7.706000000000131,500.0,2.5,0.0,0.01,7.706000000000131,7.706000000000131,1.5412000000000263,3.082400000000052,2.5237515,True,False,False
2000,500,291,2026-02-11 15:35:00,5053.881,18.226000000000568,500.0,2.5,0.0,0.01,18.226000000000568,18.226000000000568,3.6452000000001137,7.290400000000227,2.5269405000000003,True,False,False
2000,500,292,2026-02-11 15:45:00,5048.872,18.80200000000059,500.0,2.5,0.0,0.01,18.80200000000059,18.80200000000059,3.760400000000118,7.520800000000236,2.524436,True,False,False
2000,500,293,2026-02-11 15:30:00,5049.317,18.21100000000024,500.0,2.5,0.0,0.01,18.21100000000024,18.21100000000024,3.6422000000000483,7.284400000000096,2.5246585,True,False,False
2000,500,294,2026-02-11 15:40:00,5046.471,17.889999999999418,500.0,2.5,0.0,0.01,17.889999999999418,17.889999999999418,3.5779999999998835,7.155999999999767,2.5232354999999997,True,False,False
2000,500,295,2026-02-11 15:50:00,5048.297,17.213999999999942,500.0,2.5,0.0,0.01,17.213999999999942,17.213999999999942,3.442799999999988,6.885599999999977,2.5241485,True,False,False
2000,500,296,2026-02-18 07:00:00,4930.645,8.02099999999973,500.0,2.5,0.0,0.01,8.02099999999973,8.02099999999973,1.6041999999999463,3.2083999999998922,2.4653225,True,False,False
2000,500,297,2026-02-18 07:10:00,4938.236,8.530999999999949,500.0,2.5,0.0,0.01,8.530999999999949,8.530999999999949,1.7061999999999897,3.4123999999999794,2.469118,True,False,False
2000,500,298,2026-02-18 07:25:00,4935.119,8.637000000000626,500.0,2.5,0.0,0.01,8.637000000000626,8.637000000000626,1.727400000000125,3.45480000000025,2.4675594999999997,True,False,False
2000,500,299,2026-02-18 07:15:00,4938.207,8.639999999999418,500.0,2.5,0.0,0.01,8.639999999999418,8.639999999999418,1.7279999999998834,3.4559999999997673,2.4691035,True,False,False
2000,500,300,2026-02-18 07:05:00,4934.746,8.224999999999454,500.0,2.5,0.0,0.01,8.224999999999454,8.224999999999454,1.644999999999891,3.2899999999997815,2.4673730000000003,True,False,False
2000,500,301,2026-02-18 07:30:00,4938.957,8.97399999999925,500.0,2.5,0.0,0.01,8.97399999999925,8.97399999999925,1.79479999999985,3.5895999999997,2.4694785,True,False,False
2000,500,302,2026-02-18 07:35:00,4938.567,9.177999999999884,500.0,2.5,0.0,0.01,9.177999999999884,9.177999999999884,1.8355999999999768,3.6711999999999536,2.4692835,True,False,False
2000,500,303,2026-02-18 07:20:00,4934.381,8.781999999999243,500.0,2.5,0.0,0.01,8.781999999999243,8.781999999999243,1.7563999999998487,3.5127999999996975,2.4671905,True,False,False
2000,500,304,2026-02-18 07:40:00,4937.029,9.039999999999964,500.0,2.5,0.0,0.01,9.039999999999964,9.039999999999964,1.8079999999999925,3.6159999999999854,2.4685145000000004,True,False,False
2000,500,305,2026-02-18 07:45:00,4934.042,9.099999999999454,500.0,2.5,0.0,0.01,9.099999999999454,9.099999999999454,1.8199999999998908,3.6399999999997816,2.4670210000000004,True,False,False
2000,500,306,2026-02-18 07:50:00,4932.068,9.057999999999993,500.0,2.5,0.0,0.01,9.057999999999993,9.057999999999993,1.8115999999999985,3.623199999999997,2.466034,True,False,False
2000,500,307,2026-02-18 08:00:00,4930.414,8.61200000000008,500.0,2.5,0.0,0.01,8.61200000000008,8.61200000000008,1.722400000000016,3.444800000000032,2.465207,True,False,False
2000,500,308,2026-02-18 08:10:00,4929.486,8.069999999999709,500.0,2.5,0.0,0.01,8.069999999999709,8.069999999999709,1.613999999999942,3.2279999999998834,2.464743,True,False,False
2000,500,309,2026-02-18 08:15:00,4929.484,8.016999999999825,500.0,2.5,0.0,0.01,8.016999999999825,8.016999999999825,1.6033999999999649,3.20679999999993,2.464742,True,False,False
2000,500,310,2026-02-18 09:05:00,4915.075,6.859000000000378,500.0,2.5,0.0,0.01,6.859000000000378,6.859000000000378,1.3718000000000758,2.7436000000001513,2.4575375,True,False,False
2000,500,311,2026-02-18 09:15:00,4916.851,7.778000000000247,500.0,2.5,0.0,0.01,7.778000000000247,7.778000000000247,1.5556000000000494,3.1112000000000988,2.4584254999999997,True,False,False
2000,500,312,2026-02-18 08:20:00,4926.331,7.657999999999447,500.0,2.5,0.0,0.01,7.657999999999447,7.657999999999447,1.5315999999998895,3.063199999999779,2.4631655,True,False,False
2000,500,313,2026-02-18 08:30:00,4926.122,7.108999999999469,500.0,2.5,0.0,0.01,7.108999999999469,7.108999999999469,1.4217999999998938,2.8435999999997876,2.463061,True,False,False
2000,500,314,2026-02-18 08:35:00,4924.082,7.085999999999331,500.0,2.5,0.0,0.01,7.085999999999331,7.085999999999331,1.4171999999998661,2.8343999999997322,2.462041,True,False,False
2000,500,315,2026-02-18 08:40:00,4925.687,6.958999999999833,500.0,2.5,0.0,0.01,6.958999999999833,6.958999999999833,1.3917999999999664,2.7835999999999332,2.4628435,True,False,False
2000,500,316,2026-02-18 08:45:00,4921.366,6.636000000000422,500.0,2.5,0.0,0.01,6.636000000000422,6.636000000000422,1.3272000000000843,2.6544000000001686,2.460683,True,False,False
2000,500,317,2026-02-18 09:10:00,4918.682,7.247000000000298,500.0,2.5,0.0,0.01,7.247000000000298,7.247000000000298,1.4494000000000598,2.8988000000001195,2.4593409999999998,True,False,False
2000,500,318,2026-02-18 11:45:00,4911.464,6.2150000000001455,500.0,2.5,0.0,0.01,6.2150000000001455,6.2150000000001455,1.2430000000000292,2.4860000000000584,2.455732,True,False,False
2000,500,319,2026-02-18 11:50:00,4913.485,5.9350000000004,500.0,2.5,0.0,0.01,5.9350000000004,5.9350000000004,1.18700000000008,2.37400000000016,2.4567425,True,False,False
2000,500,320,2026-02-18 09:20:00,4915.974,7.826000000000022,500.0,2.5,0.0,0.01,7.826000000000022,7.826000000000022,1.5652000000000044,3.1304000000000087,2.457987,True,False,False
2000,500,321,2026-02-18 09:55:00,4920.479,8.489999999999782,500.0,2.5,0.0,0.01,8.489999999999782,8.489999999999782,1.6979999999999564,3.395999999999913,2.4602395,True,False,False
2000,500,322,2026-02-18 09:50:00,4919.712,8.817000000000007,500.0,2.5,0.0,0.01,8.817000000000007,8.817000000000007,1.7634000000000014,3.526800000000003,2.4598560000000003,True,False,False
2000,500,323,2026-02-18 10:15:00,4920.033,8.255999999999403,500.0,2.5,0.0,0.01,8.255999999999403,8.255999999999403,1.6511999999998805,3.3023999999997615,2.4600165,True,False,False
2000,500,324,2026-02-18 10:10:00,4922.874,8.623999999999796,500.0,2.5,0.0,0.01,8.623999999999796,8.623999999999796,1.7247999999999593,3.4495999999999185,2.461437,True,False,False
2000,500,325,2026-02-18 10:00:00,4917.448,8.264000000000124,500.0,2.5,0.0,0.01,8.264000000000124,8.264000000000124,1.6528000000000247,3.3056000000000494,2.458724,True,False,False
2000,500,326,2026-02-18 10:05:00,4921.589,8.463999999999942,500.0,2.5,0.0,0.01,8.463999999999942,8.463999999999942,1.6927999999999883,3.3855999999999766,2.4607945,True,False,False
2000,500,327,2026-02-18 10:20:00,4919.61,8.181000000000495,500.0,2.5,0.0,0.01,8.181000000000495,8.181000000000495,1.6362000000000991,3.272400000000198,2.459805,True,False,False
2000,500,328,2026-02-18 10:30:00,4921.292,8.194999999999709,500.0,2.5,0.0,0.01,8.194999999999709,8.194999999999709,1.6389999999999418,3.2779999999998837,2.460646,True,False,False
2000,500,329,2026-02-19 12:15:00,4988.552,15.714999999999236,500.0,2.5,0.0,0.01,15.714999999999236,15.714999999999236,3.1429999999998475,6.285999999999694,2.4942759999999997,True,False,False
2000,500,330,2026-02-19 13:05:00,4983.427,5.962999999999738,500.0,2.5,0.0,0.01,5.962999999999738,5.962999999999738,1.1925999999999477,2.3851999999998954,2.4917135,True,False,False
2000,500,331,2026-02-20 08:50:00,5024.822,18.33500000000004,500.0,2.5,0.0,0.01,18.33500000000004,18.33500000000004,3.667000000000008,7.334000000000016,2.512411,True,False,False
2000,500,332,2026-02-20 08:55:00,5030.447,23.96000000000004,500.0,2.5,0.0,0.01,23.96000000000004,23.96000000000004,4.792000000000008,9.584000000000016,2.5152235000000003,True,False,False
2000,500,333,2026-02-20 09:00:00,5028.998,22.510999999999516,500.0,2.5,0.0,0.01,22.510999999999516,22.510999999999516,4.502199999999903,9.004399999999807,2.514499,True,False,False
2000,500,334,2026-02-24 17:20:00,5160.919,20.978000000000065,500.0,2.5,0.0,0.01,20.978000000000065,20.978000000000065,4.195600000000013,8.391200000000026,2.5804595,True,False,False
2000,500,335,2026-02-24 17:25:00,5160.172,21.725000000000364,500.0,2.5,0.0,0.01,21.725000000000364,21.725000000000364,4.345000000000073,8.690000000000145,2.5800859999999997,True,False,False
2000,500,336,2026-02-24 18:00:00,5163.588,18.3090000000002,500.0,2.5,0.0,0.01,18.3090000000002,18.3090000000002,3.66180000000004,7.32360000000008,2.581794,True,False,False
2000,500,337,2026-02-24 18:05:00,5167.003,14.894000000000233,500.0,2.5,0.0,0.01,14.894000000000233,14.894000000000233,2.9788000000000467,5.9576000000000935,2.5835014999999997,True,False,False
2000,500,338,2026-02-24 17:30:00,5158.793,23.10400000000027,500.0,2.5,0.0,0.01,23.10400000000027,23.10400000000027,4.620800000000054,9.241600000000108,2.5793964999999996,True,False,False
2000,500,339,2026-02-24 17:35:00,5157.974,23.92299999999977,500.0,2.5,0.0,0.01,23.92299999999977,23.92299999999977,4.784599999999954,9.569199999999908,2.578987,True,False,False
2000,500,340,2026-02-24 17:40:00,5158.543,23.35400000000027,500.0,2.5,0.0,0.01,23.35400000000027,23.35400000000027,4.670800000000054,9.341600000000108,2.5792715,True,False,False
2000,500,341,2026-02-24 17:45:00,5160.672,21.225000000000364,500.0,2.5,0.0,0.01,21.225000000000364,21.225000000000364,4.245000000000073,8.490000000000146,2.580336,True,False,False
2000,500,342,2026-02-24 17:50:00,5159.924,21.97299999999996,500.0,2.5,0.0,0.01,21.97299999999996,21.97299999999996,4.3945999999999925,8.789199999999983,2.579962,True,False,False
2000,500,343,2026-02-24 17:55:00,5159.405,22.49200000000019,500.0,2.5,0.0,0.01,22.49200000000019,22.49200000000019,4.4984000000000375,8.996800000000075,2.5797025,True,False,False
2000,500,344,2026-02-24 18:10:00,5168.272,13.625,500.0,2.5,0.0,0.01,13.625,13.625,2.725,5.45,2.584136,True,False,False
2000,500,345,2026-02-26 19:40:00,5184.423,7.36200000000008,500.0,2.5,0.0,0.01,7.36200000000008,7.36200000000008,1.4724000000000161,2.944800000000032,2.5922115,True,False,False
2000,500,346,2026-02-26 19:45:00,5186.267,7.148000000000138,500.0,2.5,0.0,0.01,7.148000000000138,7.148000000000138,1.4296000000000277,2.8592000000000555,2.5931335,True,False,False
2000,500,347,2026-02-26 19:50:00,5194.07,10.091999999999643,500.0,2.5,0.0,0.01,10.091999999999643,10.091999999999643,2.0183999999999287,4.036799999999857,2.597035,True,False,False
2000,500,348,2026-02-27 07:10:00,5187.133,23.014000000000124,500.0,2.5,0.0,0.01,23.014000000000124,23.014000000000124,4.602800000000025,9.20560000000005,2.5935665,True,False,False
2000,500,349,2026-02-27 07:20:00,5178.34,18.28099999999995,500.0,2.5,0.0,0.01,18.28099999999995,18.28099999999995,3.65619999999999,7.31239999999998,2.58917,True,False,False
2000,500,350,2026-02-27 09:15:00,5178.484,5.7940000000007785,500.0,2.5,0.0,0.01,5.7940000000007785,5.7940000000007785,1.1588000000001557,2.3176000000003114,2.589242,True,False,False
2000,500,351,2026-02-27 09:20:00,5178.226,5.536000000000058,500.0,2.5,0.0,0.01,5.536000000000058,5.536000000000058,1.1072000000000117,2.2144000000000235,2.5891129999999998,True,False,False
2000,500,352,2026-02-27 09:25:00,5179.334,6.644000000000233,500.0,2.5,0.0,0.01,6.644000000000233,6.644000000000233,1.3288000000000466,2.657600000000093,2.589667,True,False,False
2000,500,353,2026-02-27 09:30:00,5179.268,6.578000000000429,500.0,2.5,0.0,0.01,6.578000000000429,6.578000000000429,1.3156000000000858,2.6312000000001716,2.589634,True,False,False
2000,500,354,2026-02-27 09:35:00,5179.902,7.212000000000444,500.0,2.5,0.0,0.01,7.212000000000444,7.212000000000444,1.4424000000000887,2.8848000000001774,2.589951,True,False,False
2000,500,355,2026-02-27 07:15:00,5181.928,21.868999999999687,500.0,2.5,0.0,0.01,21.868999999999687,21.868999999999687,4.373799999999937,8.747599999999874,2.590964,True,False,False
2000,500,356,2026-02-27 09:40:00,5180.426,7.736000000000786,500.0,2.5,0.0,0.01,7.736000000000786,7.736000000000786,1.5472000000001571,3.0944000000003142,2.5902130000000003,True,False,False
2000,500,357,2026-03-02 19:25:00,5325.434,17.043000000000575,500.0,2.5,0.0,0.01,17.043000000000575,17.043000000000575,3.408600000000115,6.81720000000023,2.6627170000000002,True,False,False
2000,500,358,2026-03-02 19:30:00,5330.997,16.715000000000146,500.0,2.5,0.0,0.01,16.715000000000146,16.715000000000146,3.3430000000000293,6.686000000000059,2.6654985000000004,True,False,False
2000,500,359,2026-03-04 17:20:00,5147.474,9.702000000000226,500.0,2.5,0.0,0.01,9.702000000000226,9.702000000000226,1.9404000000000452,3.8808000000000904,2.573737,True,False,False
2000,500,360,2026-03-04 17:25:00,5128.577,15.702000000000226,500.0,2.5,0.0,0.01,15.702000000000226,15.702000000000226,3.1404000000000454,6.28080000000009,2.5642885,True,False,False
2000,500,361,2026-03-04 17:50:00,5139.965,15.95300000000043,500.0,2.5,0.0,0.01,15.95300000000043,15.95300000000043,3.1906000000000856,6.381200000000172,2.5699825,True,False,False
2000,500,362,2026-03-04 17:30:00,5134.19,17.587999999999738,500.0,2.5,0.0,0.01,17.587999999999738,17.587999999999738,3.517599999999948,7.035199999999895,2.5670949999999997,True,False,False
2000,500,363,2026-03-04 17:55:00,5143.514,10.489999999999782,500.0,2.5,0.0,0.01,10.489999999999782,10.489999999999782,2.0979999999999563,4.195999999999913,2.571757,True,False,False
2000,500,364,2026-03-04 17:45:00,5137.509,16.337999999999738,500.0,2.5,0.0,0.01,16.337999999999738,16.337999999999738,3.2675999999999474,6.535199999999895,2.5687545,True,False,False
2000,500,365,2026-03-04 17:35:00,5136.465,17.865999999999985,500.0,2.5,0.0,0.01,17.865999999999985,17.865999999999985,3.5731999999999973,7.1463999999999945,2.5682325,True,False,False
2000,500,366,2026-03-04 18:05:00,5134.143,15.435999999999694,500.0,2.5,0.0,0.01,15.435999999999694,15.435999999999694,3.087199999999939,6.174399999999878,2.5670715,True,False,False
2000,500,367,2026-03-04 18:00:00,5141.246,15.100999999999658,500.0,2.5,0.0,0.01,15.100999999999658,15.100999999999658,3.0201999999999316,6.040399999999863,2.570623,True,False,False
2000,500,368,2026-03-06 17:40:00,5145.759,20.177999999999884,500.0,2.5,0.0,0.01,20.177999999999884,20.177999999999884,4.0355999999999765,8.071199999999953,2.5728795,True,False,False
2000,500,369,2026-03-06 17:45:00,5137.993,12.412000000000262,500.0,2.5,0.0,0.01,12.412000000000262,12.412000000000262,2.482400000000052,4.964800000000105,2.5689965000000003,True,False,False
2000,500,370,2026-03-10 18:20:00,5173.01,10.63799999999992,500.0,2.5,0.0,0.01,10.63799999999992,10.63799999999992,2.127599999999984,4.255199999999968,2.5865050000000003,True,False,False
2000,500,371,2026-03-10 18:25:00,5193.086,22.618000000000396,500.0,2.5,0.0,0.01,22.618000000000396,22.618000000000396,4.523600000000079,9.047200000000158,2.596543,True,False,False
2000,500,372,2026-03-11 11:55:00,5183.358,24.721999999999756,500.0,2.5,0.0,0.01,24.721999999999756,24.721999999999756,4.944399999999951,9.888799999999902,2.591679,True,False,False
2000,500,373,2026-03-11 12:10:00,5187.586,17.529999999999745,500.0,2.5,0.0,0.01,17.529999999999745,17.529999999999745,3.5059999999999487,7.011999999999898,2.5937930000000002,True,False,False
2000,500,374,2026-03-11 12:15:00,5191.467,13.649000000000342,500.0,2.5,0.0,0.01,13.649000000000342,13.649000000000342,2.7298000000000684,5.459600000000137,2.5957334999999997,True,False,False
2000,500,375,2026-03-12 12:10:00,5169.584,8.722999999999956,500.0,2.5,0.0,0.01,8.722999999999956,8.722999999999956,1.7445999999999913,3.4891999999999825,2.5847919999999998,True,False,False
2000,500,376,2026-03-17 10:30:00,5003.703,19.838000000000648,500.0,2.5,0.0,0.01,19.838000000000648,19.838000000000648,3.9676000000001292,7.935200000000259,2.5018515000000003,True,False,False
2000,500,377,2026-03-17 10:35:00,5004.309,20.44400000000041,500.0,2.5,0.0,0.01,20.44400000000041,20.44400000000041,4.088800000000082,8.177600000000165,2.5021545,True,False,False
2000,500,378,2026-03-17 13:25:00,5013.868,6.225000000000364,500.0,2.5,0.0,0.01,6.225000000000364,6.225000000000364,1.2450000000000727,2.4900000000001454,2.506934,True,False,False
2000,500,379,2026-03-17 13:20:00,5017.942,10.046000000000276,500.0,2.5,0.0,0.01,10.046000000000276,10.046000000000276,2.0092000000000554,4.018400000000111,2.508971,True,False,False
2000,500,380,2026-03-17 10:40:00,4999.074,15.208999999999833,500.0,2.5,0.0,0.01,15.208999999999833,15.208999999999833,3.0417999999999665,6.083599999999933,2.4995369999999997,True,False,False
2000,500,381,2026-03-17 10:45:00,4999.536,15.671000000000276,500.0,2.5,0.0,0.01,15.671000000000276,15.671000000000276,3.134200000000055,6.268400000000111,2.499768,True,False,False
2000,500,382,2026-03-17 13:30:00,5012.895,6.240000000000691,500.0,2.5,0.0,0.01,6.240000000000691,6.240000000000691,1.2480000000001383,2.4960000000002767,2.5064475,True,False,False
2000,500,383,2026-03-17 13:35:00,5024.338,19.717999999999847,500.0,2.5,0.0,0.01,19.717999999999847,19.717999999999847,3.9435999999999694,7.887199999999939,2.5121689999999997,True,False,False
2000,500,384,2026-03-17 13:40:00,5025.694,21.074000000000524,500.0,2.5,0.0,0.01,21.074000000000524,21.074000000000524,4.214800000000104,8.42960000000021,2.5128470000000003,True,False,False
2000,500,385,2026-03-17 13:45:00,5027.409,22.78899999999976,500.0,2.5,0.0,0.01,22.78899999999976,22.78899999999976,4.557799999999952,9.115599999999905,2.5137045,True,False,False
2000,500,386,2026-03-17 13:50:00,5024.76,20.140000000000327,500.0,2.5,0.0,0.01,20.140000000000327,20.140000000000327,4.028000000000065,8.05600000000013,2.5123800000000003,True,False,False
2000,500,387,2026-03-17 14:10:00,5017.422,12.80199999999968,500.0,2.5,0.0,0.01,12.80199999999968,12.80199999999968,2.560399999999936,5.120799999999872,2.508711,True,False,False
2000,500,388,2026-03-17 14:05:00,5011.051,9.226000000000568,500.0,2.5,0.0,0.01,9.226000000000568,9.226000000000568,1.8452000000001134,3.690400000000227,2.5055255,True,False,False
2000,500,389,2026-03-17 14:25:00,5010.022,11.417000000000373,500.0,2.5,0.0,0.01,11.417000000000373,11.417000000000373,2.2834000000000745,4.566800000000149,2.505011,True,False,False
2000,500,390,2026-03-17 14:45:00,5013.867,15.262000000000626,500.0,2.5,0.0,0.01,15.262000000000626,15.262000000000626,3.0524000000001252,6.1048000000002505,2.5069335,True,False,False
2000,500,391,2026-03-17 14:50:00,5018.414,19.8090000000002,500.0,2.5,0.0,0.01,19.8090000000002,19.8090000000002,3.96180000000004,7.92360000000008,2.509207,True,False,False
2000,500,392,2026-03-17 14:55:00,5010.674,12.069000000000417,500.0,2.5,0.0,0.01,12.069000000000417,12.069000000000417,2.413800000000083,4.827600000000166,2.505337,True,False,False
2000,500,393,2026-03-17 15:30:00,4995.214,13.251999999999498,500.0,2.5,0.0,0.01,13.251999999999498,13.251999999999498,2.6503999999998995,5.300799999999799,2.497607,True,False,False
2000,500,394,2026-03-17 15:40:00,4982.487,15.322000000000116,500.0,2.5,0.0,0.01,15.322000000000116,15.322000000000116,3.0644000000000235,6.128800000000046,2.4912435,True,False,False
2000,500,395,2026-03-17 16:10:00,4994.064,16.663000000000466,500.0,2.5,0.0,0.01,16.663000000000466,16.663000000000466,3.332600000000093,6.665200000000186,2.4970320000000004,True,False,False
2000,500,396,2026-03-17 16:55:00,5000.842,6.903999999999542,500.0,2.5,0.0,0.01,6.903999999999542,6.903999999999542,1.3807999999999083,2.7615999999998166,2.500421,True,False,False
2000,500,397,2026-03-17 16:40:00,5001.418,9.53899999999976,500.0,2.5,0.0,0.01,9.53899999999976,9.53899999999976,1.907799999999952,3.815599999999904,2.5007089999999996,True,False,False
2000,500,398,2026-03-17 16:25:00,5002.162,16.181000000000495,500.0,2.5,0.0,0.01,16.181000000000495,16.181000000000495,3.2362000000000988,6.4724000000001976,2.501081,True,False,False
2000,500,399,2026-03-17 16:30:00,5004.093,10.853000000000064,500.0,2.5,0.0,0.01,10.853000000000064,10.853000000000064,2.1706000000000127,4.3412000000000255,2.5020465,True,False,False
2000,500,400,2026-03-17 16:20:00,5000.877,16.110000000000582,500.0,2.5,0.0,0.01,16.110000000000582,16.110000000000582,3.2220000000001163,6.444000000000233,2.5004385,True,False,False
2000,500,401,2026-03-17 16:15:00,4994.859,16.47900000000027,500.0,2.5,0.0,0.01,16.47900000000027,16.47900000000027,3.2958000000000536,6.591600000000108,2.4974295,True,False,False
2000,500,402,2026-03-17 17:00:00,5001.986,7.653999999999542,500.0,2.5,0.0,0.01,7.653999999999542,7.653999999999542,1.5307999999999082,3.0615999999998165,2.500993,True,False,False
2000,500,403,2026-03-23 17:40:00,4430.904,23.289999999999964,500.0,2.5,0.0,0.01,23.289999999999964,23.289999999999964,4.657999999999992,9.315999999999985,2.2154520000000004,True,False,False
2000,500,404,2026-03-23 18:20:00,4415.039,19.50500000000011,500.0,2.5,0.0,0.01,19.50500000000011,19.50500000000011,3.901000000000022,7.802000000000044,2.2075195,True,False,False
2000,500,405,2026-03-23 18:10:00,4417.102,19.488000000000284,500.0,2.5,0.0,0.01,19.488000000000284,19.488000000000284,3.8976000000000566,7.795200000000113,2.208551,True,False,False
2000,500,406,2026-03-23 18:25:00,4414.185,18.14799999999923,500.0,2.5,0.0,0.01,18.14799999999923,18.14799999999923,3.6295999999998454,7.259199999999692,2.2070925000000003,True,False,False
2000,500,407,2026-03-24 16:25:00,4423.379,23.26800000000003,500.0,2.5,0.0,0.01,23.26800000000003,23.26800000000003,4.653600000000005,9.307200000000012,2.2116895,True,False,False
2000,500,408,2026-04-06 12:25:00,4664.482,7.21100000000024,500.0,2.5,0.0,0.01,7.21100000000024,7.21100000000024,1.4422000000000479,2.884400000000096,2.332241,True,False,False
2000,500,409,2026-04-06 12:30:00,4666.479,7.708000000000538,500.0,2.5,0.0,0.01,7.708000000000538,7.708000000000538,1.5416000000001076,3.0832000000002155,2.3332395000000004,True,False,False
2000,500,410,2026-04-06 13:15:00,4668.835,8.703999999999724,500.0,2.5,0.0,0.01,8.703999999999724,8.703999999999724,1.7407999999999448,3.4815999999998892,2.3344175,True,False,False
2000,500,411,2026-04-06 13:25:00,4672.348,8.425000000000182,500.0,2.5,0.0,0.01,8.425000000000182,8.425000000000182,1.6850000000000365,3.370000000000073,2.336174,True,False,False
2000,500,412,2026-04-06 13:30:00,4668.911,8.77099999999973,500.0,2.5,0.0,0.01,8.77099999999973,8.77099999999973,1.754199999999946,3.5083999999998925,2.3344555000000002,True,False,False
2000,500,413,2026-04-06 17:45:00,4656.479,9.384000000000016,500.0,2.5,0.0,0.01,9.384000000000016,9.384000000000016,1.8768000000000031,3.7536000000000067,2.3282395,True,False,False
2000,500,414,2026-04-16 14:10:00,4799.813,12.201000000000022,500.0,2.5,0.0,0.01,12.201000000000022,12.201000000000022,2.4402000000000044,4.880400000000009,2.3999065,True,False,False
2000,500,415,2026-04-16 16:40:00,4796.36,10.476999999999862,500.0,2.5,0.0,0.01,10.476999999999862,10.476999999999862,2.095399999999972,4.190799999999944,2.39818,True,False,False
2000,500,416,2026-04-16 16:50:00,4787.991,10.570999999999913,500.0,2.5,0.0,0.01,10.570999999999913,10.570999999999913,2.1141999999999825,4.228399999999965,2.3939955,True,False,False
2000,500,417,2026-04-16 17:05:00,4792.226,9.49199999999928,500.0,2.5,0.0,0.01,9.49199999999928,9.49199999999928,1.8983999999998562,3.796799999999712,2.3961129999999997,True,False,False
2000,500,418,2026-04-16 17:10:00,4794.902,9.60400000000027,500.0,2.5,0.0,0.01,9.60400000000027,9.60400000000027,1.9208000000000538,3.8416000000001076,2.397451,True,False,False
2000,500,419,2026-04-16 17:20:00,4791.286,10.006000000000313,500.0,2.5,0.0,0.01,10.006000000000313,10.006000000000313,2.0012000000000625,4.002400000000125,2.395643,True,False,False
2000,500,420,2026-04-20 19:45:01,4812.192,23.39099999999962,500.0,2.5,0.0,0.01,23.39099999999962,23.39099999999962,4.678199999999924,9.356399999999848,2.406096,True,False,False
2000,500,421,2026-04-20 19:50:00,4812.438,22.673999999999975,500.0,2.5,0.0,0.01,22.673999999999975,22.673999999999975,4.534799999999995,9.06959999999999,2.406219,True,False,False
2000,500,422,2026-04-21 10:55:00,4789.784,22.514000000000124,500.0,2.5,0.0,0.01,22.514000000000124,22.514000000000124,4.502800000000025,9.00560000000005,2.394892,True,False,False
2000,500,423,2026-04-21 11:00:00,4789.5,22.79799999999977,500.0,2.5,0.0,0.01,22.79799999999977,22.79799999999977,4.559599999999954,9.119199999999909,2.39475,True,False,False
2000,500,424,2026-04-21 11:45:00,4793.205,22.420000000000076,500.0,2.5,0.0,0.01,22.420000000000076,22.420000000000076,4.484000000000015,8.96800000000003,2.3966024999999997,True,False,False
2000,500,425,2026-04-21 11:55:00,4793.792,21.83299999999963,500.0,2.5,0.0,0.01,21.83299999999963,21.83299999999963,4.366599999999926,8.73319999999985,2.3968960000000004,True,False,False
2000,500,426,2026-04-21 11:50:00,4795.802,19.82300000000032,500.0,2.5,0.0,0.01,19.82300000000032,19.82300000000032,3.964600000000064,7.929200000000128,2.397901,True,False,False
2000,500,427,2026-04-21 12:00:00,4794.67,20.954999999999927,500.0,2.5,0.0,0.01,20.954999999999927,20.954999999999927,4.190999999999986,8.381999999999971,2.397335,True,False,False
2000,500,428,2026-04-22 14:55:00,4737.841,22.410000000000764,500.0,2.5,0.0,0.01,22.410000000000764,22.410000000000764,4.482000000000152,8.964000000000306,2.3689205,True,False,False
2000,500,429,2026-04-22 19:40:00,4740.059,8.460000000000036,500.0,2.5,0.0,0.01,8.460000000000036,8.460000000000036,1.6920000000000073,3.3840000000000146,2.3700295000000002,True,False,False
2000,500,430,2026-04-24 15:50:00,4724.116,9.38299999999981,500.0,2.5,0.0,0.01,9.38299999999981,9.38299999999981,1.8765999999999623,3.753199999999924,2.362058,True,False,False
2000,500,431,2026-04-24 16:40:00,4723.989,9.925000000000182,500.0,2.5,0.0,0.01,9.925000000000182,9.925000000000182,1.9850000000000363,3.9700000000000726,2.3619944999999998,True,False,False
2000,500,432,2026-04-24 17:15:00,4727.626,6.778000000000247,500.0,2.5,0.0,0.01,6.778000000000247,6.778000000000247,1.3556000000000494,2.711200000000099,2.363813,True,False,False
2000,500,433,2026-04-24 17:10:01,4727.533,6.915999999999258,500.0,2.5,0.0,0.01,6.915999999999258,6.915999999999258,1.3831999999998517,2.7663999999997033,2.3637665,True,False,False
2000,500,434,2026-04-24 17:05:00,4728.0,7.338999999999942,500.0,2.5,0.0,0.01,7.338999999999942,7.338999999999942,1.4677999999999884,2.935599999999977,2.364,True,False,False
2000,500,435,2026-04-24 17:00:00,4726.688,7.605999999999767,500.0,2.5,0.0,0.01,7.605999999999767,7.605999999999767,1.5211999999999535,3.042399999999907,2.363344,True,False,False
2000,500,436,2026-04-24 16:55:00,4724.392,8.84900000000016,500.0,2.5,0.0,0.01,8.84900000000016,8.84900000000016,1.769800000000032,3.539600000000064,2.362196,True,False,False
2000,500,437,2026-04-24 17:20:00,4728.584,6.233000000000175,500.0,2.5,0.0,0.01,6.233000000000175,6.233000000000175,1.246600000000035,2.49320000000007,2.364292,True,False,False
2000,500,438,2026-04-24 16:50:00,4721.982,9.519000000000233,500.0,2.5,0.0,0.01,9.519000000000233,9.519000000000233,1.9038000000000463,3.807600000000093,2.360991,True,False,False
2000,500,439,2026-04-24 17:30:00,4722.894,6.23700000000008,500.0,2.5,0.0,0.01,6.23700000000008,6.23700000000008,1.247400000000016,2.494800000000032,2.361447,True,False,False
2000,500,440,2026-04-27 07:15:00,4717.233,12.417000000000373,500.0,2.5,0.0,0.01,12.417000000000373,12.417000000000373,2.483400000000074,4.966800000000149,2.3586165,True,False,False
2000,500,441,2026-04-27 07:25:00,4717.694,12.878000000000611,500.0,2.5,0.0,0.01,12.878000000000611,12.878000000000611,2.5756000000001222,5.1512000000002445,2.3588470000000004,True,False,False
2000,500,442,2026-04-27 07:35:00,4716.63,6.735999999999876,500.0,2.5,0.0,0.01,6.735999999999876,6.735999999999876,1.3471999999999753,2.6943999999999506,2.358315,True,False,False
2000,500,443,2026-04-27 07:50:00,4714.497,6.255000000000109,500.0,2.5,0.0,0.01,6.255000000000109,6.255000000000109,1.2510000000000219,2.5020000000000437,2.3572485000000003,True,False,False
2000,500,444,2026-04-27 08:10:00,4712.422,6.457999999999629,500.0,2.5,0.0,0.01,6.457999999999629,6.457999999999629,1.2915999999999257,2.5831999999998514,2.3562109999999996,True,False,False
2000,500,445,2026-04-29 10:40:00,4570.595,10.195000000000618,500.0,2.5,0.0,0.01,10.195000000000618,10.195000000000618,2.0390000000001236,4.078000000000247,2.2852975,True,False,False
2000,500,446,2026-05-01 12:30:00,4603.054,24.45600000000013,500.0,2.5,0.0,0.01,24.45600000000013,24.45600000000013,4.891200000000026,9.782400000000052,2.301527,True,False,False
2000,500,447,2026-05-01 17:40:00,4630.629,7.471000000000458,500.0,2.5,0.0,0.01,7.471000000000458,7.471000000000458,1.4942000000000917,2.9884000000001834,2.3153145,True,False,False
2000,500,448,2026-05-01 17:45:00,4628.139,7.2020000000002256,500.0,2.5,0.0,0.01,7.2020000000002256,7.2020000000002256,1.4404000000000452,2.8808000000000904,2.3140695,True,False,False
2000,500,449,2026-05-01 17:50:00,4627.578,7.053999999999178,500.0,2.5,0.0,0.01,7.053999999999178,7.053999999999178,1.4107999999998355,2.821599999999671,2.3137890000000003,True,False,False
2000,500,450,2026-05-01 19:40:01,4617.158,14.733999999999469,500.0,2.5,0.0,0.01,14.733999999999469,14.733999999999469,2.9467999999998935,5.893599999999788,2.3085790000000004,True,False,False
2000,500,451,2026-05-01 19:45:00,4611.655,20.23700000000008,500.0,2.5,0.0,0.01,20.23700000000008,20.23700000000008,4.0474000000000165,8.094800000000031,2.3058275,True,False,False
2000,500,452,2026-05-01 19:50:00,4615.03,16.86200000000008,500.0,2.5,0.0,0.01,16.86200000000008,16.86200000000008,3.372400000000016,6.744800000000032,2.307515,True,False,False
2000,500,453,2026-05-01 19:55:00,4610.584,21.307999999999996,500.0,2.5,0.0,0.01,21.307999999999996,21.307999999999996,4.2616,8.5232,2.305292,True,False,False
2000,500,454,2026-05-04 10:10:00,4547.404,10.02600000000075,500.0,2.5,0.0,0.01,10.02600000000075,10.02600000000075,2.00520000000015,4.0104000000003,2.273702,True,False,False
2000,500,455,2026-05-07 17:40:00,4703.418,9.826999999999316,500.0,2.5,0.0,0.01,9.826999999999316,9.826999999999316,1.965399999999863,3.9307999999997265,2.351709,True,False,False
2000,500,456,2026-05-07 17:50:00,4699.835,15.188000000000102,500.0,2.5,0.0,0.01,15.188000000000102,15.188000000000102,3.0376000000000203,6.075200000000041,2.3499175,True,False,False
2000,500,457,2026-05-07 17:45:00,4699.647,15.073999999999614,500.0,2.5,0.0,0.01,15.073999999999614,15.073999999999614,3.014799999999923,6.029599999999846,2.3498235,True,False,False
2000,500,458,2026-05-07 18:00:00,4711.719,10.728000000000064,500.0,2.5,0.0,0.01,10.728000000000064,10.728000000000064,2.145600000000013,4.291200000000026,2.3558595,True,False,False
2000,500,459,2026-05-07 18:40:00,4713.099,13.399000000000342,500.0,2.5,0.0,0.01,13.399000000000342,13.399000000000342,2.679800000000068,5.359600000000137,2.3565495000000003,True,False,False
2000,500,460,2026-05-07 18:50:00,4700.699,7.675999999999476,500.0,2.5,0.0,0.01,7.675999999999476,7.675999999999476,1.535199999999895,3.0703999999997906,2.3503494999999996,True,False,False
2000,500,461,2026-05-07 19:25:00,4700.842,12.777999999999338,500.0,2.5,0.0,0.01,12.777999999999338,12.777999999999338,2.5555999999998678,5.1111999999997355,2.350421,True,False,False
2000,500,462,2026-05-07 19:30:00,4705.339,8.676000000000386,500.0,2.5,0.0,0.01,8.676000000000386,8.676000000000386,1.735200000000077,3.4704000000001543,2.3526695,True,False,False
2000,500,463,2026-05-07 19:45:00,4710.186,8.96599999999944,500.0,2.5,0.0,0.01,8.96599999999944,8.96599999999944,1.793199999999888,3.586399999999776,2.3550929999999997,True,False,False
2000,500,464,2026-05-07 19:50:00,4709.202,9.600000000000364,500.0,2.5,0.0,0.01,9.600000000000364,9.600000000000364,1.9200000000000728,3.8400000000001455,2.354601,True,False,False
2000,500,465,2026-05-07 19:55:00,4706.956,8.835000000000036,500.0,2.5,0.0,0.01,8.835000000000036,8.835000000000036,1.767000000000007,3.5340000000000145,2.353478,True,False,False
2000,500,466,2026-05-11 19:20:00,4724.726,5.182999999999993,500.0,2.5,0.0,0.01,5.182999999999993,5.182999999999993,1.0365999999999984,2.0731999999999973,2.3623629999999998,True,False,False
2000,500,467,2026-05-11 19:25:00,4723.846,5.004000000000815,500.0,2.5,0.0,0.01,5.004000000000815,5.004000000000815,1.0008000000001631,2.001600000000326,2.361923,True,False,False
2000,500,468,2026-05-11 19:30:00,4724.18,4.697000000000116,500.0,2.5,0.0,0.01,4.697000000000116,4.697000000000116,0.9394000000000232,1.8788000000000467,2.3620900000000002,True,False,False
2000,500,469,2026-05-11 19:35:00,4724.597,4.618000000000393,500.0,2.5,0.0,0.01,4.618000000000393,4.618000000000393,0.9236000000000786,1.8472000000001572,2.3622985,True,False,False
2000,500,470,2026-05-12 11:35:00,4699.019,10.101000000000568,500.0,2.5,0.0,0.01,10.101000000000568,10.101000000000568,2.0202000000001137,4.040400000000227,2.3495095,True,False,False
2000,500,471,2026-05-12 12:00:00,4706.89,22.57200000000012,500.0,2.5,0.0,0.01,22.57200000000012,22.57200000000012,4.514400000000024,9.028800000000048,2.3534450000000002,True,False,False
2000,500,472,2026-05-12 12:15:00,4705.444,23.462999999999735,500.0,2.5,0.0,0.01,23.462999999999735,23.462999999999735,4.692599999999947,9.385199999999895,2.3527220000000004,True,False,False
2000,500,473,2026-05-12 12:20:00,4704.264,24.64300000000003,500.0,2.5,0.0,0.01,24.64300000000003,24.64300000000003,4.928600000000006,9.857200000000011,2.352132,True,False,False
2000,500,474,2026-05-13 18:10:00,4690.745,20.02199999999993,500.0,2.5,0.0,0.01,20.02199999999993,20.02199999999993,4.004399999999986,8.008799999999972,2.3453725,True,False,False
2000,500,475,2026-05-13 18:15:00,4692.475,18.29199999999946,500.0,2.5,0.0,0.01,18.29199999999946,18.29199999999946,3.6583999999998924,7.316799999999785,2.3462375,True,False,False
2000,500,476,2026-05-13 18:20:00,4690.586,13.466999999999643,500.0,2.5,0.0,0.01,13.466999999999643,13.466999999999643,2.693399999999929,5.386799999999857,2.3452930000000003,True,False,False
2000,500,477,2026-05-13 18:25:00,4690.084,13.969000000000053,500.0,2.5,0.0,0.01,13.969000000000053,13.969000000000053,2.7938000000000107,5.587600000000021,2.345042,True,False,False
2000,500,478,2026-05-14 11:20:00,4695.147,10.725999999999658,500.0,2.5,0.0,0.01,10.725999999999658,10.725999999999658,2.1451999999999316,4.290399999999863,2.3475734999999998,True,False,False
2000,500,479,2026-05-14 11:35:00,4693.936,5.292999999999665,500.0,2.5,0.0,0.01,5.292999999999665,5.292999999999665,1.058599999999933,2.1171999999998663,2.346968,True,False,False
2000,500,480,2026-05-19 09:50:00,4540.881,6.903000000000247,500.0,2.5,0.0,0.01,6.903000000000247,6.903000000000247,1.3806000000000496,2.761200000000099,2.2704405000000003,True,False,False
2000,500,481,2026-05-21 13:05:00,4512.403,11.131000000000313,500.0,2.5,0.0,0.01,11.131000000000313,11.131000000000313,2.2262000000000626,4.452400000000125,2.2562015,True,False,False
2000,500,482,2026-05-22 09:10:00,4522.281,15.863000000000284,500.0,2.5,0.0,0.01,15.863000000000284,15.863000000000284,3.1726000000000565,6.345200000000114,2.2611404999999998,True,False,False
2000,500,483,2026-05-22 11:40:00,4519.048,7.777999999999338,500.0,2.5,0.0,0.01,7.777999999999338,7.777999999999338,1.5555999999998675,3.111199999999735,2.259524,True,False,False
2000,500,484,2026-05-22 12:50:00,4519.05,10.09900000000016,500.0,2.5,0.0,0.01,10.09900000000016,10.09900000000016,2.019800000000032,4.039600000000064,2.259525,True,False,False
2000,500,485,2026-05-22 13:05:00,4524.38,10.891999999999824,500.0,2.5,0.0,0.01,10.891999999999824,10.891999999999824,2.178399999999965,4.35679999999993,2.26219,True,False,False
2000,500,486,2026-05-22 13:30:00,4522.248,11.44799999999941,500.0,2.5,0.0,0.01,11.44799999999941,11.44799999999941,2.289599999999882,4.579199999999764,2.2611239999999997,True,False,False
2000,500,487,2026-05-22 13:50:00,4511.388,10.333999999999833,500.0,2.5,0.0,0.01,10.333999999999833,10.333999999999833,2.0667999999999664,4.133599999999933,2.255694,True,False,False
2000,500,488,2026-05-22 14:10:00,4510.202,12.018000000000027,500.0,2.5,0.0,0.01,12.018000000000027,12.018000000000027,2.4036000000000053,4.807200000000011,2.2551010000000002,True,False,False
2000,500,489,2026-05-28 14:15:00,4464.353,11.917000000000373,500.0,2.5,0.0,0.01,11.917000000000373,11.917000000000373,2.3834000000000746,4.766800000000149,2.2321765,True,False,False
2000,500,490,2026-05-28 14:20:00,4464.596,13.90100000000075,500.0,2.5,0.0,0.01,13.90100000000075,13.90100000000075,2.78020000000015,5.5604000000003,2.2322979999999997,True,False,False
2000,500,491,2026-05-28 15:05:00,4474.749,24.877000000000407,500.0,2.5,0.0,0.01,24.877000000000407,24.877000000000407,4.975400000000081,9.950800000000163,2.2373745,True,False,False
2000,500,492,2026-05-28 15:10:00,4473.582,24.67199999999957,500.0,2.5,0.0,0.01,24.67199999999957,24.67199999999957,4.934399999999914,9.868799999999828,2.236791,True,False,False
2000,500,493,2026-05-28 15:25:00,4476.267,19.603000000000065,500.0,2.5,0.0,0.01,19.603000000000065,19.603000000000065,3.9206000000000127,7.841200000000026,2.2381335,True,False,False
2000,500,494,2026-05-28 15:20:00,4472.701,23.33200000000033,500.0,2.5,0.0,0.01,23.33200000000033,23.33200000000033,4.666400000000066,9.332800000000132,2.2363505,True,False,False
2000,500,495,2026-05-28 15:15:00,4471.552,24.71900000000005,500.0,2.5,0.0,0.01,24.71900000000005,24.71900000000005,4.94380000000001,9.88760000000002,2.235776,True,False,False
2000,500,496,2026-05-28 15:30:00,4477.142,16.579999999999927,500.0,2.5,0.0,0.01,16.579999999999927,16.579999999999927,3.3159999999999856,6.631999999999971,2.238571,True,False,False
2000,500,497,2026-05-28 15:35:00,4480.827,15.224999999999454,500.0,2.5,0.0,0.01,15.224999999999454,15.224999999999454,3.0449999999998907,6.089999999999781,2.2404135000000003,True,False,False
2000,500,498,2026-06-02 14:10:00,4503.404,22.3070000000007,500.0,2.5,0.0,0.01,22.3070000000007,22.3070000000007,4.46140000000014,8.92280000000028,2.2517020000000003,True,False,False
2000,500,499,2026-06-02 15:25:00,4503.827,22.101000000000568,500.0,2.5,0.0,0.01,22.101000000000568,22.101000000000568,4.420200000000114,8.840400000000226,2.2519135,True,False,False
2000,500,500,2026-06-02 15:30:00,4505.886,24.160000000000764,500.0,2.5,0.0,0.01,24.160000000000764,24.160000000000764,4.832000000000153,9.664000000000305,2.252943,True,False,False
2000,500,501,2026-06-02 16:05:00,4501.38,22.162000000000265,500.0,2.5,0.0,0.01,22.162000000000265,22.162000000000265,4.432400000000053,8.864800000000105,2.25069,True,False,False
2000,500,502,2026-06-02 16:20:00,4495.17,18.640000000000327,500.0,2.5,0.0,0.01,18.640000000000327,18.640000000000327,3.7280000000000655,7.456000000000131,2.247585,True,False,False
2000,500,503,2026-06-02 16:30:00,4490.951,14.421000000000276,500.0,2.5,0.0,0.01,14.421000000000276,14.421000000000276,2.8842000000000554,5.768400000000111,2.2454755,True,False,False
2000,500,504,2026-06-02 16:45:00,4490.136,9.536000000000058,500.0,2.5,0.0,0.01,9.536000000000058,9.536000000000058,1.9072000000000116,3.814400000000023,2.2450680000000003,True,False,False
2000,500,505,2026-06-02 16:55:00,4489.79,9.1899999999996,500.0,2.5,0.0,0.01,9.1899999999996,9.1899999999996,1.83799999999992,3.67599999999984,2.244895,True,False,False
2000,500,506,2026-06-02 17:20:00,4487.641,14.083999999999833,500.0,2.5,0.0,0.01,14.083999999999833,14.083999999999833,2.8167999999999664,5.633599999999933,2.2438205,True,False,False
2000,500,507,2026-06-02 17:25:00,4488.498,14.940999999999804,500.0,2.5,0.0,0.01,14.940999999999804,14.940999999999804,2.988199999999961,5.976399999999922,2.244249,True,False,False
2000,500,508,2026-06-04 07:40:00,4463.921,16.766999999999825,500.0,2.5,0.0,0.01,16.766999999999825,16.766999999999825,3.3533999999999646,6.70679999999993,2.2319605,True,False,False
2000,500,509,2026-06-04 08:15:00,4460.77,21.19700000000012,500.0,2.5,0.0,0.01,21.19700000000012,21.19700000000012,4.239400000000024,8.478800000000048,2.230385,True,False,False
2000,500,510,2026-06-04 08:40:00,4461.223,21.64999999999964,500.0,2.5,0.0,0.01,21.64999999999964,21.64999999999964,4.329999999999927,8.659999999999856,2.2306115,True,False,False
2000,500,511,2026-06-04 17:40:00,4478.299,21.48700000000008,500.0,2.5,0.0,0.01,21.48700000000008,21.48700000000008,4.297400000000016,8.594800000000031,2.2391495,True,False,False
2000,500,512,2026-06-04 17:50:00,4479.018,22.20600000000013,500.0,2.5,0.0,0.01,22.20600000000013,22.20600000000013,4.441200000000026,8.882400000000052,2.239509,True,False,False
2000,500,513,2026-06-04 17:55:00,4478.827,22.015000000000327,500.0,2.5,0.0,0.01,22.015000000000327,22.015000000000327,4.403000000000065,8.80600000000013,2.2394135,True,False,False
2000,500,514,2026-06-04 18:05:00,4477.603,20.791000000000167,500.0,2.5,0.0,0.01,20.791000000000167,20.791000000000167,4.158200000000034,8.316400000000067,2.2388015,True,False,False
2000,500,515,2026-06-08 19:25:00,4327.005,6.532000000000153,500.0,2.5,0.0,0.01,6.532000000000153,6.532000000000153,1.3064000000000306,2.6128000000000613,2.1635025,True,False,False
2000,500,516,2026-06-08 19:30:00,4327.739,6.6850000000004,500.0,2.5,0.0,0.01,6.6850000000004,6.6850000000004,1.33700000000008,2.6740000000001602,2.1638694999999997,True,False,False
2000,500,517,2026-06-08 19:35:00,4327.438,6.605999999999767,500.0,2.5,0.0,0.01,6.605999999999767,6.605999999999767,1.3211999999999535,2.642399999999907,2.163719,True,False,False
2000,500,518,2026-06-08 19:55:00,4328.299,5.903000000000247,500.0,2.5,0.0,0.01,5.903000000000247,5.903000000000247,1.1806000000000494,2.3612000000000988,2.1641495,True,False,False
2000,500,519,2026-06-09 09:50:00,4330.022,8.76299999999992,500.0,2.5,0.0,0.01,8.76299999999992,8.76299999999992,1.752599999999984,3.505199999999968,2.165011,True,False,False
2000,500,520,2026-06-09 12:55:00,4337.702,13.478000000000064,500.0,2.5,0.0,0.01,13.478000000000064,13.478000000000064,2.6956000000000127,5.391200000000025,2.168851,True,False,False
2000,500,521,2026-06-15 19:40:00,4321.069,4.8700000000008,500.0,2.5,0.0,0.01,4.8700000000008,4.8700000000008,0.9740000000001602,1.9480000000003201,2.1605345000000002,True,False,False
2000,500,522,2026-06-15 19:45:00,4319.472,4.770999999999731,500.0,2.5,0.0,0.01,4.770999999999731,4.770999999999731,0.9541999999999462,1.9083999999998924,2.1597359999999997,True,False,False
2000,500,523,2026-06-15 19:55:00,4320.533,4.664999999999964,500.0,2.5,0.0,0.01,4.664999999999964,4.664999999999964,0.9329999999999927,1.8659999999999854,2.1602665,True,False,False
2000,500,524,2026-06-16 19:35:00,4339.518,23.99200000000019,500.0,2.5,0.0,0.01,23.99200000000019,23.99200000000019,4.798400000000038,9.596800000000076,2.169759,True,False,False
2000,500,525,2026-06-16 19:40:00,4337.929,22.403000000000247,500.0,2.5,0.0,0.01,22.403000000000247,22.403000000000247,4.48060000000005,8.9612000000001,2.1689645,True,False,False
2000,500,526,2026-06-16 19:55:00,4334.048,12.106999999999973,500.0,2.5,0.0,0.01,12.106999999999973,12.106999999999973,2.4213999999999944,4.842799999999989,2.167024,True,False,False
2000,500,527,2026-06-17 10:30:00,4328.852,11.015000000000327,500.0,2.5,0.0,0.01,11.015000000000327,11.015000000000327,2.203000000000065,4.406000000000131,2.1644259999999997,True,False,False
2000,500,528,2026-06-17 10:40:02,4329.511,10.355999999999767,500.0,2.5,0.0,0.01,10.355999999999767,10.355999999999767,2.071199999999953,4.142399999999907,2.1647555,True,False,False
2000,500,529,2026-06-17 12:00:00,4323.447,19.327000000000226,500.0,2.5,0.0,0.01,19.327000000000226,19.327000000000226,3.865400000000045,7.73080000000009,2.1617235,True,False,False
2000,500,530,2026-06-17 12:10:00,4323.253,19.75700000000052,500.0,2.5,0.0,0.01,19.75700000000052,19.75700000000052,3.951400000000104,7.902800000000208,2.1616264999999997,True,False,False
2000,500,531,2026-06-17 12:15:00,4323.21,19.800000000000185,500.0,2.5,0.0,0.01,19.800000000000185,19.800000000000185,3.9600000000000373,7.9200000000000745,2.161605,True,False,False
2000,500,532,2026-06-17 12:20:00,4324.177,18.83300000000054,500.0,2.5,0.0,0.01,18.83300000000054,18.83300000000054,3.7666000000001074,7.533200000000216,2.1620885,True,False,False
2000,500,533,2026-06-18 18:20:00,4228.652,8.024000000000342,500.0,2.5,0.0,0.01,8.024000000000342,8.024000000000342,1.6048000000000684,3.209600000000137,2.114326,True,False,False
2000,500,534,2026-06-18 18:25:00,4228.173,7.903999999999542,500.0,2.5,0.0,0.01,7.903999999999542,7.903999999999542,1.5807999999999083,3.1615999999998166,2.1140865,True,False,False
2000,500,535,2026-06-18 18:45:00,4224.865,7.264000000000124,500.0,2.5,0.0,0.01,7.264000000000124,7.264000000000124,1.4528000000000247,2.9056000000000495,2.1124324999999997,True,False,False
2000,500,536,2026-06-18 18:50:00,4221.849,7.204999999999927,500.0,2.5,0.0,0.01,7.204999999999927,7.204999999999927,1.4409999999999856,2.881999999999971,2.1109245,True,False,False
2000,500,537,2026-06-25 13:05:00,4029.073,17.44300000000021,500.0,2.5,0.0,0.01,17.44300000000021,17.44300000000021,3.4886000000000426,6.977200000000084,2.0145364999999997,True,False,False
2000,500,538,2026-06-25 13:15:00,4030.827,19.85699999999997,500.0,2.5,0.0,0.01,19.85699999999997,19.85699999999997,3.9713999999999943,7.9427999999999885,2.0154135,True,False,False
2000,500,539,2026-06-25 15:15:00,4008.023,10.5949999999998,500.0,2.5,0.0,0.01,10.5949999999998,10.5949999999998,2.1189999999999602,4.23799999999992,2.0040115000000003,True,False,False
2000,500,540,2026-06-26 09:05:00,4034.246,4.613000000000284,500.0,2.5,0.0,0.01,4.613000000000284,4.613000000000284,0.9226000000000567,1.8452000000001134,2.017123,True,False,False
2000,500,541,2026-06-26 09:35:00,4048.369,14.751999999999953,500.0,2.5,0.0,0.01,14.751999999999953,14.751999999999953,2.9503999999999904,5.900799999999981,2.0241845,True,False,False
2000,500,542,2026-06-29 07:55:00,4064.545,6.44399999999996,500.0,2.5,0.0,0.01,6.44399999999996,6.44399999999996,1.288799999999992,2.577599999999984,2.0322725,True,False,False
2000,500,543,2026-06-29 08:00:00,4061.846,6.563000000000102,500.0,2.5,0.0,0.01,6.563000000000102,6.563000000000102,1.3126000000000204,2.625200000000041,2.030923,True,False,False
2000,500,544,2026-06-29 08:10:00,4063.87,6.806999999999789,500.0,2.5,0.0,0.01,6.806999999999789,6.806999999999789,1.3613999999999578,2.7227999999999155,2.031935,True,False,False
2000,500,545,2026-06-29 08:40:00,4062.561,6.245000000000346,500.0,2.5,0.0,0.01,6.245000000000346,6.245000000000346,1.2490000000000692,2.4980000000001383,2.0312805000000003,True,False,False
2000,500,546,2026-06-29 08:45:00,4055.711,6.376999999999953,500.0,2.5,0.0,0.01,6.376999999999953,6.376999999999953,1.2753999999999905,2.550799999999981,2.0278555,True,False,False
2000,500,547,2026-06-30 12:45:00,4018.145,6.134000000000015,500.0,2.5,0.0,0.01,6.134000000000015,6.134000000000015,1.226800000000003,2.453600000000006,2.0090725,True,False,False
2000,500,548,2026-06-30 12:50:00,4014.734,5.980000000000018,500.0,2.5,0.0,0.01,5.980000000000018,5.980000000000018,1.1960000000000037,2.3920000000000075,2.007367,True,False,False
2000,500,549,2026-06-30 12:55:00,4014.19,5.657000000000153,500.0,2.5,0.0,0.01,5.657000000000153,5.657000000000153,1.1314000000000306,2.262800000000061,2.007095,True,False,False
2000,500,550,2026-06-30 13:25:00,4019.756,11.316000000000258,500.0,2.5,0.0,0.01,11.316000000000258,11.316000000000258,2.263200000000052,4.526400000000104,2.009878,True,False,False
2000,500,551,2026-06-30 14:00:00,4029.964,13.952000000000226,500.0,2.5,0.0,0.01,13.952000000000226,13.952000000000226,2.7904000000000453,5.580800000000091,2.0149820000000003,True,False,False
2000,500,552,2026-06-30 14:15:00,4043.41,17.11700000000019,500.0,2.5,0.0,0.01,17.11700000000019,17.11700000000019,3.4234000000000373,6.8468000000000755,2.0217050000000003,True,False,False
2000,500,553,2026-06-30 14:20:00,4048.8,17.458999999999833,500.0,2.5,0.0,0.01,17.458999999999833,17.458999999999833,3.4917999999999663,6.983599999999933,2.0244,True,False,False
2000,500,554,2026-07-01 13:35:00,4047.85,13.916000000000167,500.0,2.5,0.0,0.01,13.916000000000167,13.916000000000167,2.7832000000000336,5.566400000000067,2.0239249999999998,True,False,False
2000,500,555,2026-07-01 13:40:00,4071.39,15.861000000000333,500.0,2.5,0.0,0.01,15.861000000000333,15.861000000000333,3.1722000000000667,6.3444000000001335,2.035695,True,False,False
2000,500,556,2026-07-01 13:45:00,4097.992,21.503999999999905,500.0,2.5,0.0,0.01,21.503999999999905,21.503999999999905,4.300799999999981,8.601599999999962,2.0489960000000003,True,False,False
2000,500,557,2026-07-02 10:25:00,4066.888,6.472999999999956,500.0,2.5,0.0,0.01,6.472999999999956,6.472999999999956,1.2945999999999913,2.5891999999999826,2.033444,True,False,False
2000,500,558,2026-07-02 12:00:00,4065.687,7.9220000000000255,500.0,2.5,0.0,0.01,7.9220000000000255,7.9220000000000255,1.5844000000000054,3.1688000000000103,2.0328435000000002,True,False,False
2000,500,559,2026-07-02 12:05:00,4066.908,9.143000000000027,500.0,2.5,0.0,0.01,9.143000000000027,9.143000000000027,1.8286000000000056,3.657200000000011,2.033454,True,False,False
2000,500,560,2026-07-02 12:35:00,4126.381,16.174999999999272,500.0,2.5,0.0,0.01,16.174999999999272,16.174999999999272,3.2349999999998547,6.469999999999709,2.0631905,True,False,False
2000,500,561,2026-07-06 10:35:00,4154.138,18.027000000000044,500.0,2.5,0.0,0.01,18.027000000000044,18.027000000000044,3.6054000000000084,7.210800000000018,2.077069,True,False,False
2000,500,562,2026-07-06 11:25:00,4156.665,12.271999999999936,500.0,2.5,0.0,0.01,12.271999999999936,12.271999999999936,2.4543999999999873,4.9087999999999745,2.0783325,True,False,False
2000,500,563,2026-07-06 11:45:00,4153.594,20.725000000000364,500.0,2.5,0.0,0.01,20.725000000000364,20.725000000000364,4.145000000000073,8.290000000000145,2.076797,True,False,False
2000,500,564,2026-07-06 11:55:00,4155.258,19.061000000000604,500.0,2.5,0.0,0.01,19.061000000000604,19.061000000000604,3.812200000000121,7.624400000000241,2.077629,True,False,False
2000,500,565,2026-07-06 19:50:00,4162.92,6.381999999999607,500.0,2.5,0.0,0.01,6.381999999999607,6.381999999999607,1.2763999999999214,2.5527999999998428,2.08146,True,False,False
2000,500,566,2026-07-06 19:00:00,4163.877,12.415999999999258,500.0,2.5,0.0,0.01,12.415999999999258,12.415999999999258,2.4831999999998513,4.9663999999997035,2.0819385,True,False,False
2000,500,567,2026-07-06 19:45:00,4161.083,8.219000000000051,500.0,2.5,0.0,0.01,8.219000000000051,8.219000000000051,1.6438000000000101,3.2876000000000203,2.0805415,True,False,False
2000,500,568,2026-07-06 19:30:00,4162.896,13.396999999999936,500.0,2.5,0.0,0.01,13.396999999999936,13.396999999999936,2.6793999999999873,5.358799999999975,2.081448,True,False,False
2000,500,569,2026-07-06 19:40:00,4160.163,9.139000000000124,500.0,2.5,0.0,0.01,9.139000000000124,9.139000000000124,1.827800000000025,3.6556000000000495,2.0800815,True,False,False
2000,500,570,2026-07-06 19:35:00,4161.903,7.398999999999432,500.0,2.5,0.0,0.01,7.398999999999432,7.398999999999432,1.4797999999998863,2.9595999999997726,2.0809515000000003,True,False,False
2000,500,571,2026-07-06 19:05:01,4161.753,14.539999999999964,500.0,2.5,0.0,0.01,14.539999999999964,14.539999999999964,2.907999999999993,5.815999999999986,2.0808765,True,False,False
2000,500,572,2026-07-06 19:25:00,4162.099,14.193999999999503,500.0,2.5,0.0,0.01,14.193999999999503,14.193999999999503,2.838799999999901,5.677599999999801,2.0810495,True,False,False
2000,500,573,2026-07-06 19:20:00,4161.241,15.05199999999968,500.0,2.5,0.0,0.01,15.05199999999968,15.05199999999968,3.0103999999999362,6.020799999999872,2.0806205,True,False,False
2000,500,574,2026-07-06 19:10:01,4160.959,15.333999999999833,500.0,2.5,0.0,0.01,15.333999999999833,15.333999999999833,3.0667999999999664,6.133599999999933,2.0804795,True,False,False
2000,500,575,2026-07-06 19:15:00,4159.293,17.0,500.0,2.5,0.0,0.01,17.0,17.0,3.4000000000000004,6.8,2.0796465,True,False,False
2000,500,576,2026-07-06 19:55:00,4163.798,5.503999999999905,500.0,2.5,0.0,0.01,5.503999999999905,5.503999999999905,1.1007999999999811,2.2015999999999623,2.081899,True,False,False
2000,500,577,2026-07-07 11:40:00,4145.524,22.10399999999936,500.0,2.5,0.0,0.01,22.10399999999936,22.10399999999936,4.420799999999872,8.841599999999744,2.072762,True,False,False
2000,500,578,2026-07-07 16:10:00,4140.372,22.45299999999952,500.0,2.5,0.0,0.01,22.45299999999952,22.45299999999952,4.490599999999904,8.981199999999808,2.070186,True,False,False
2000,500,579,2026-07-07 16:15:00,4141.071,21.753999999999905,500.0,2.5,0.0,0.01,21.753999999999905,21.753999999999905,4.350799999999981,8.701599999999962,2.0705355,True,False,False
2000,500,580,2026-07-07 17:35:00,4145.875,3.395000000000437,500.0,2.5,0.0,0.01,3.395000000000437,3.395000000000437,0.6790000000000874,1.3580000000001748,2.0729375,True,False,False
2000,500,581,2026-07-07 17:30:00,4145.977,3.481999999999971,500.0,2.5,0.0,0.01,3.481999999999971,3.481999999999971,0.6963999999999941,1.3927999999999883,2.0729885,True,False,False
2000,500,582,2026-07-07 17:25:00,4145.18,8.768000000000029,500.0,2.5,0.0,0.01,8.768000000000029,8.768000000000029,1.7536000000000058,3.5072000000000116,2.07259,True,False,False
2000,500,583,2026-07-07 17:45:00,4146.883,4.869000000000597,500.0,2.5,0.0,0.01,4.869000000000597,4.869000000000597,0.9738000000001193,1.9476000000002387,2.0734415,True,False,False
2000,500,584,2026-07-07 17:55:00,4143.713,3.2210000000004584,500.0,2.5,0.0,0.01,3.2210000000004584,3.2210000000004584,0.6442000000000917,1.2884000000001834,2.0718565,True,False,False
2000,500,585,2026-07-07 17:50:00,4145.119,3.1700000000000728,500.0,2.5,0.0,0.01,3.1700000000000728,3.1700000000000728,0.6340000000000146,1.268000000000029,2.0725594999999997,True,False,False
2000,500,586,2026-07-07 17:40:00,4146.036,3.342999999999847,500.0,2.5,0.0,0.01,3.342999999999847,3.342999999999847,0.6685999999999694,1.3371999999999389,2.0730180000000002,True,False,False
2000,500,587,2026-07-07 18:20:00,4141.759,3.1229999999995925,500.0,2.5,0.0,0.01,3.1229999999995925,3.1229999999995925,0.6245999999999186,1.249199999999837,2.0708795,True,False,False
2000,500,588,2026-07-07 16:20:00,4144.186,18.639000000000124,500.0,2.5,0.0,0.01,18.639000000000124,18.639000000000124,3.7278000000000246,7.455600000000049,2.0720929999999997,True,False,False
2000,500,589,2026-07-07 18:25:00,4142.849,3.106999999999971,500.0,2.5,0.0,0.01,3.106999999999971,3.106999999999971,0.6213999999999942,1.2427999999999884,2.0714245,True,False,False
2000,500,590,2026-07-07 18:15:00,4142.158,4.173999999999978,500.0,2.5,0.0,0.01,4.173999999999978,4.173999999999978,0.8347999999999957,1.6695999999999913,2.071079,True,False,False
2000,500,591,2026-07-07 18:40:00,4141.449,3.233000000000174,500.0,2.5,0.0,0.01,3.233000000000174,3.233000000000174,0.6466000000000348,1.2932000000000696,2.0707245,True,False,False
2000,500,592,2026-07-07 16:25:00,4144.868,17.956999999999425,500.0,2.5,0.0,0.01,17.956999999999425,17.956999999999425,3.591399999999885,7.18279999999977,2.0724340000000003,True,False,False
2000,500,593,2026-07-07 18:00:00,4144.583,3.129000000000815,500.0,2.5,0.0,0.01,3.129000000000815,3.129000000000815,0.6258000000001629,1.251600000000326,2.0722915,True,False,False
2000,500,594,2026-07-07 18:10:00,4141.852,4.480000000000473,500.0,2.5,0.0,0.01,4.480000000000473,4.480000000000473,0.8960000000000946,1.7920000000001892,2.070926,True,False,False
2000,500,595,2026-07-07 18:05:00,4142.472,3.860000000000582,500.0,2.5,0.0,0.01,3.860000000000582,3.860000000000582,0.7720000000001165,1.5440000000002327,2.071236,True,False,False
2000,500,596,2026-07-07 17:00:00,4145.172,17.653000000000247,500.0,2.5,0.0,0.01,17.653000000000247,17.653000000000247,3.5306000000000495,7.061200000000099,2.072586,True,False,False
2000,500,597,2026-07-07 17:05:00,4145.817,8.131000000000313,500.0,2.5,0.0,0.01,8.131000000000313,8.131000000000313,1.6262000000000627,3.252400000000125,2.0729085,True,False,False
2000,500,598,2026-07-07 17:20:00,4143.071,10.877000000000407,500.0,2.5,0.0,0.01,10.877000000000407,10.877000000000407,2.1754000000000815,4.350800000000163,2.0715355,True,False,False
2000,500,599,2026-07-07 18:35:00,4138.769,5.877999999999702,500.0,2.5,0.0,0.01,5.877999999999702,5.877999999999702,1.1755999999999405,2.3511999999998805,2.0693845,True,False,False
2000,500,600,2026-07-07 16:30:00,4145.786,17.03899999999976,500.0,2.5,0.0,0.01,17.03899999999976,17.03899999999976,3.407799999999952,6.815599999999904,2.072893,True,False,False
2000,500,601,2026-07-07 17:10:00,4145.544,8.404000000000451,500.0,2.5,0.0,0.01,8.404000000000451,8.404000000000451,1.6808000000000902,3.3616000000001804,2.072772,True,False,False
2000,500,602,2026-07-07 17:15:00,4143.1,10.847999999999956,500.0,2.5,0.0,0.01,10.847999999999956,10.847999999999956,2.1695999999999915,4.339199999999982,2.0715500000000002,True,False,False
2000,500,603,2026-07-07 18:45:00,4141.868,3.3289999999997235,500.0,2.5,0.0,0.01,3.3289999999997235,3.3289999999997235,0.6657999999999448,1.3315999999998893,2.0709340000000003,True,False,False
2000,500,604,2026-07-07 16:35:00,4143.313,19.51199999999972,500.0,2.5,0.0,0.01,19.51199999999972,19.51199999999972,3.902399999999944,7.804799999999888,2.0716565,True,False,False
2000,500,605,2026-07-07 16:55:00,4144.704,18.12100000000009,500.0,2.5,0.0,0.01,18.12100000000009,18.12100000000009,3.6242000000000183,7.248400000000037,2.072352,True,False,False
2000,500,606,2026-07-07 16:40:00,4144.287,18.53799999999956,500.0,2.5,0.0,0.01,18.53799999999956,18.53799999999956,3.707599999999912,7.415199999999824,2.0721435,True,False,False
2000,500,607,2026-07-07 16:45:00,4143.44,19.38500000000022,500.0,2.5,0.0,0.01,19.38500000000022,19.38500000000022,3.8770000000000437,7.7540000000000875,2.07172,True,False,False
2000,500,608,2026-07-07 16:50:00,4144.517,18.307999999999996,500.0,2.5,0.0,0.01,18.307999999999996,18.307999999999996,3.6615999999999995,7.323199999999998,2.0722585,True,False,False
2000,500,609,2026-07-07 18:30:00,4141.873,2.8770000000004075,500.0,2.5,0.0,0.01,2.8770000000004075,2.8770000000004075,0.5754000000000815,1.150800000000163,2.0709364999999997,True,False,False
2000,500,610,2026-07-07 18:50:00,4134.859,10.337999999999738,500.0,2.5,0.0,0.01,10.337999999999738,10.337999999999738,2.0675999999999477,4.135199999999895,2.0674295000000003,True,False,False
2000,500,611,2026-07-07 18:55:00,4127.286,17.911000000000058,500.0,2.5,0.0,0.01,17.911000000000058,17.911000000000058,3.582200000000012,7.164400000000024,2.063643,True,False,False
2000,500,612,2026-07-07 19:00:00,4126.797,13.254000000000817,500.0,2.5,0.0,0.01,13.254000000000817,13.254000000000817,2.6508000000001632,5.3016000000003265,2.0633985,True,False,False
2000,500,613,2026-07-07 19:05:00,4121.911,18.140000000000327,500.0,2.5,0.0,0.01,18.140000000000327,18.140000000000327,3.6280000000000654,7.256000000000131,2.0609555,True,False,False
2000,500,614,2026-07-07 19:10:00,4111.234,28.817000000000007,500.0,2.5,0.0,0.01,28.817000000000007,28.817000000000007,5.763400000000001,11.526800000000003,2.0556170000000002,True,False,False
2000,500,615,2026-07-09 13:00:00,4107.934,29.748000000000047,500.0,2.5,0.0,0.01,29.748000000000047,29.748000000000047,5.94960000000001,11.899200000000018,2.053967,True,False,False
2000,500,616,2026-07-14 12:35:00,4095.959,14.19000000000051,500.0,2.5,0.0,0.01,14.19000000000051,14.19000000000051,2.8380000000001018,5.6760000000002035,2.0479795,True,False,False
2000,500,617,2026-07-15 14:30:00,4058.625,9.766000000000076,500.0,2.5,0.0,0.01,9.766000000000076,9.766000000000076,1.9532000000000154,3.9064000000000307,2.0293125,True,False,False
2000,500,618,2026-07-15 14:35:00,4062.149,9.787000000000262,500.0,2.5,0.0,0.01,9.787000000000262,9.787000000000262,1.9574000000000524,3.914800000000105,2.0310745,True,False,False
2000,500,619,2026-07-15 14:40:00,4062.192,9.233000000000176,500.0,2.5,0.0,0.01,9.233000000000176,9.233000000000176,1.8466000000000353,3.6932000000000706,2.031096,True,False,False
2000,500,620,2026-07-15 14:45:00,4057.382,9.389000000000124,500.0,2.5,0.0,0.01,9.389000000000124,9.389000000000124,1.8778000000000246,3.7556000000000496,2.0286910000000002,True,False,False
2000,500,621,2026-07-15 15:05:00,4059.239,9.38799999999992,500.0,2.5,0.0,0.01,9.38799999999992,9.38799999999992,1.8775999999999842,3.755199999999968,2.0296195000000004,True,False,False
2000,500,622,2026-07-15 14:55:00,4055.954,9.7199999999998,500.0,2.5,0.0,0.01,9.7199999999998,9.7199999999998,1.94399999999996,3.88799999999992,2.027977,True,False,False
2000,500,623,2026-07-15 14:50:00,4059.824,9.371000000000096,500.0,2.5,0.0,0.01,9.371000000000096,9.371000000000096,1.8742000000000192,3.7484000000000384,2.0299120000000004,True,False,False
2000,500,624,2026-07-15 15:00:00,4060.529,9.371999999999844,500.0,2.5,0.0,0.01,9.371999999999844,9.371999999999844,1.8743999999999688,3.7487999999999375,2.0302645000000004,True,False,False
2000,500,625,2026-07-15 15:10:00,4054.666,6.384999999999764,500.0,2.5,0.0,0.01,6.384999999999764,6.384999999999764,1.2769999999999528,2.5539999999999057,2.0273330000000005,True,False,False
2000,500,626,2026-07-15 15:15:00,4044.285,11.917000000000373,500.0,2.5,0.0,0.01,11.917000000000373,11.917000000000373,2.3834000000000746,4.766800000000149,2.0221425,True,False,False
2000,500,627,2026-07-15 15:45:00,4049.378,7.152999999999793,500.0,2.5,0.0,0.01,7.152999999999793,7.152999999999793,1.4305999999999586,2.861199999999917,2.024689,True,False,False
2000,500,628,2026-07-15 15:20:00,4045.793,10.409000000000106,500.0,2.5,0.0,0.01,10.409000000000106,10.409000000000106,2.081800000000021,4.163600000000042,2.0228965,True,False,False
2000,500,629,2026-07-15 15:40:00,4048.609,7.593000000000302,500.0,2.5,0.0,0.01,7.593000000000302,7.593000000000302,1.5186000000000603,3.0372000000001207,2.0243045,True,False,False
2000,500,630,2026-07-15 15:30:00,4049.277,7.395999999999731,500.0,2.5,0.0,0.01,7.395999999999731,7.395999999999731,1.4791999999999461,2.9583999999998922,2.0246385,True,False,False
2000,500,631,2026-07-15 15:35:00,4048.153,8.049000000000433,500.0,2.5,0.0,0.01,8.049000000000433,8.049000000000433,1.6098000000000865,3.219600000000173,2.0240765,True,False,False
2000,500,632,2026-07-15 15:25:00,4044.94,11.262000000000173,500.0,2.5,0.0,0.01,11.262000000000173,11.262000000000173,2.2524000000000344,4.504800000000069,2.02247,True,False,False
2000,500,633,2026-07-15 15:55:00,4050.356,6.603999999999815,500.0,2.5,0.0,0.01,6.603999999999815,6.603999999999815,1.3207999999999631,2.6415999999999262,2.025178,True,False,False
2000,500,634,2026-07-15 16:00:00,4046.871,9.331000000000133,500.0,2.5,0.0,0.01,9.331000000000133,9.331000000000133,1.8662000000000265,3.732400000000053,2.0234355,True,False,False
2000,500,635,2026-07-15 16:05:00,4043.555,12.64700000000039,500.0,2.5,0.0,0.01,12.64700000000039,12.64700000000039,2.5294000000000776,5.058800000000156,2.0217775000000002,True,False,False
2000,500,636,2026-07-15 16:10:00,4042.223,14.018000000000027,500.0,2.5,0.0,0.01,14.018000000000027,14.018000000000027,2.803600000000005,5.607200000000011,2.0211115,True,False,False
2000,500,637,2026-07-15 16:15:00,4038.265,17.976000000000113,500.0,2.5,0.0,0.01,17.976000000000113,17.976000000000113,3.595200000000023,7.190400000000045,2.0191325,True,False,False
2000,500,638,2026-07-15 16:20:00,4034.041,22.199999999999815,500.0,2.5,0.0,0.01,22.199999999999815,22.199999999999815,4.439999999999963,8.879999999999926,2.0170205,True,False,False
2000,500,639,2026-07-15 16:25:00,4035.745,20.49600000000009,500.0,2.5,0.0,0.01,20.49600000000009,20.49600000000009,4.099200000000018,8.198400000000037,2.0178724999999997,True,False,False
2000,500,640,2026-07-15 16:30:00,4034.905,21.335999999999785,500.0,2.5,0.0,0.01,21.335999999999785,21.335999999999785,4.267199999999957,8.534399999999914,2.0174525,True,False,False
2000,500,641,2026-07-15 16:35:00,4031.04,27.53800000000001,500.0,2.5,0.0,0.01,27.53800000000001,27.53800000000001,5.507600000000002,11.015200000000004,2.01552,True,False,False
2000,500,642,2026-07-15 16:40:00,4030.192,28.385999999999967,500.0,2.5,0.0,0.01,28.385999999999967,28.385999999999967,5.677199999999994,11.354399999999988,2.015096,True,False,False
2000,500,643,2026-07-15 16:45:00,4028.47,30.10800000000017,500.0,2.5,0.0,0.01,30.10800000000017,30.10800000000017,6.021600000000034,12.043200000000068,2.014235,True,False,False
2000,500,644,2026-07-15 16:50:00,4035.262,23.315999999999804,500.0,2.5,0.0,0.01,23.315999999999804,23.315999999999804,4.663199999999961,9.326399999999921,2.017631,True,False,False
2000,500,645,2026-07-15 16:55:00,4034.001,24.57699999999977,500.0,2.5,0.0,0.01,24.57699999999977,24.57699999999977,4.915399999999954,9.830799999999908,2.0170005000000004,True,False,False
2000,500,646,2026-07-15 17:00:00,4034.102,24.476000000000116,500.0,2.5,0.0,0.01,24.476000000000116,24.476000000000116,4.895200000000023,9.790400000000046,2.0170510000000004,True,False,False
2000,500,647,2026-07-15 17:05:00,4037.433,24.597000000000207,500.0,2.5,0.0,0.01,24.597000000000207,24.597000000000207,4.919400000000042,9.838800000000083,2.0187165,True,False,False
2000,500,648,2026-07-15 17:10:00,4036.772,25.258000000000266,500.0,2.5,0.0,0.01,25.258000000000266,25.258000000000266,5.051600000000053,10.103200000000106,2.018386,True,False,False
2000,500,649,2026-07-17 17:15:00,4013.528,25.67599999999993,500.0,2.5,0.0,0.01,25.67599999999993,25.67599999999993,5.135199999999986,10.270399999999972,2.006764,True,False,False
2000,500,650,2026-07-17 17:55:01,4009.744,21.89200000000028,500.0,2.5,0.0,0.01,21.89200000000028,21.89200000000028,4.378400000000056,8.756800000000112,2.004872,True,False,False
2000,500,651,2026-07-17 18:15:01,4010.641,31.50500000000011,500.0,2.5,0.0,0.01,31.50500000000011,31.50500000000011,6.3010000000000215,12.602000000000043,2.0053205000000003,True,False,False
2000,500,652,2026-07-17 18:35:00,4013.471,33.784000000000106,500.0,2.5,0.0,0.01,33.784000000000106,33.784000000000106,6.7568000000000215,13.513600000000043,2.0067355,True,False,False
2000,500,653,2026-07-17 19:10:00,4005.69,9.6550000000002,500.0,2.5,0.0,0.01,9.6550000000002,9.6550000000002,1.93100000000004,3.86200000000008,2.002845,True,False,False
2000,500,654,2026-07-17 19:30:00,4005.63,9.595000000000256,500.0,2.5,0.0,0.01,9.595000000000256,9.595000000000256,1.919000000000051,3.8380000000001027,2.002815,True,False,False
2000,500,655,2026-07-17 19:35:00,4006.639,10.60400000000027,500.0,2.5,0.0,0.01,10.60400000000027,10.60400000000027,2.1208000000000538,4.2416000000001075,2.0033195,True,False,False
2000,500,656,2026-07-20 07:05:00,4005.598,11.98700000000008,500.0,2.5,0.0,0.01,11.98700000000008,11.98700000000008,2.3974000000000157,4.794800000000032,2.002799,True,False,False
2000,500,657,2026-07-20 07:20:00,4003.946,10.335000000000036,500.0,2.5,0.0,0.01,10.335000000000036,10.335000000000036,2.0670000000000073,4.1340000000000146,2.001973,True,False,False
2000,500,658,2026-07-20 07:25:00,4008.605,14.994000000000142,500.0,2.5,0.0,0.01,14.994000000000142,14.994000000000142,2.9988000000000286,5.997600000000057,2.0043025,True,False,False
2000,500,659,2026-07-20 09:55:00,4020.737,8.070000000000164,500.0,2.5,0.0,0.01,8.070000000000164,8.070000000000164,1.6140000000000327,3.2280000000000655,2.0103685000000002,True,False,False
2000,500,660,2026-07-20 07:50:00,4017.906,25.82200000000012,500.0,2.5,0.0,0.01,25.82200000000012,25.82200000000012,5.164400000000024,10.328800000000047,2.008953,True,False,False
2000,500,661,2026-07-20 09:20:00,4019.463,8.769999999999982,500.0,2.5,0.0,0.01,8.769999999999982,8.769999999999982,1.7539999999999965,3.507999999999993,2.0097315000000004,True,False,False
2000,500,662,2026-07-20 08:45:00,4022.07,11.376999999999953,500.0,2.5,0.0,0.01,11.376999999999953,11.376999999999953,2.2753999999999905,4.550799999999981,2.011035,True,False,False
2000,500,663,2026-07-20 08:15:00,4024.292,31.677999999999884,500.0,2.5,0.0,0.01,31.677999999999884,31.677999999999884,6.335599999999977,12.671199999999953,2.012146,True,False,False
2000,500,664,2026-07-20 10:05:00,4020.401,7.733999999999924,500.0,2.5,0.0,0.01,7.733999999999924,7.733999999999924,1.5467999999999846,3.0935999999999693,2.0102005,True,False,False
2000,500,665,2026-07-22 17:10:00,4144.534,33.03699999999935,500.0,2.5,0.0,0.01,33.03699999999935,33.03699999999935,6.6073999999998705,13.214799999999741,2.0722669999999996,True,False,False
2000,500,666,2026-07-22 17:30:00,4145.974,34.47699999999986,500.0,2.5,0.0,0.01,34.47699999999986,34.47699999999986,6.895399999999972,13.790799999999944,2.072987,True,False,False
2000,500,667,2026-07-22 17:40:00,4139.325,27.82799999999952,500.0,2.5,0.0,0.01,27.82799999999952,27.82799999999952,5.565599999999904,11.131199999999808,2.0696624999999997,True,False,False
2000,500,668,2026-07-22 18:25:00,4137.075,19.64599999999973,500.0,2.5,0.0,0.01,19.64599999999973,19.64599999999973,3.929199999999946,7.858399999999892,2.0685374999999997,True,False,False
2000,500,669,2026-07-22 18:45:00,4136.188,9.949000000000524,500.0,2.5,0.0,0.01,9.949000000000524,9.949000000000524,1.9898000000001046,3.9796000000002096,2.068094,True,False,False
2000,500,670,2026-07-22 18:55:00,4137.656,11.417000000000373,500.0,2.5,0.0,0.01,11.417000000000373,11.417000000000373,2.2834000000000745,4.566800000000149,2.068828,True,False,False
2000,500,671,2026-07-22 17:55:00,4142.381,24.952000000000226,500.0,2.5,0.0,0.01,24.952000000000226,24.952000000000226,4.990400000000045,9.980800000000091,2.0711905,True,False,False
2000,500,672,2026-07-22 18:00:00,4142.822,25.39300000000003,500.0,2.5,0.0,0.01,25.39300000000003,25.39300000000003,5.078600000000006,10.157200000000012,2.071411,True,False,False
2000,500,673,2026-07-22 19:50:00,4135.248,9.009000000000016,500.0,2.5,0.0,0.01,9.009000000000016,9.009000000000016,1.8018000000000034,3.6036000000000064,2.067624,True,False,False
2000,500,674,2026-07-29 09:10:00,4037.761,4.416000000000167,500.0,2.5,0.0,0.01,4.416000000000167,4.416000000000167,0.8832000000000334,1.766400000000067,2.0188805,True,False,False
2000,500,675,2026-07-29 09:15:00,4036.476,4.374000000000251,500.0,2.5,0.0,0.01,4.374000000000251,4.374000000000251,0.8748000000000502,1.7496000000001004,2.018238,True,False,False
2000,500,676,2026-07-29 09:20:00,4037.212,4.373999999999796,500.0,2.5,0.0,0.01,4.373999999999796,4.373999999999796,0.8747999999999593,1.7495999999999186,2.018606,True,False,False
2000,500,677,2026-07-30 15:40:00,4099.351,9.812999999999647,500.0,2.5,0.0,0.01,9.812999999999647,9.812999999999647,1.9625999999999293,3.925199999999859,2.0496754999999998,True,False,False
2000,500,678,2026-07-30 18:00:00,4102.819,6.979999999999563,500.0,2.5,0.0,0.01,6.979999999999563,6.979999999999563,1.3959999999999129,2.7919999999998253,2.0514095,True,False,False
2000,500,679,2026-07-30 18:40:00,4104.651,24.794999999999614,500.0,2.5,0.0,0.01,24.794999999999614,24.794999999999614,4.958999999999923,9.917999999999846,2.0523255,True,False,False
2000,500,680,2026-07-30 18:45:00,4105.169,25.312999999999647,500.0,2.5,0.0,0.01,25.312999999999647,25.312999999999647,5.06259999999993,10.12519999999986,2.0525845,True,False,False
2000,500,681,2026-08-03 13:25:00,4034.245,9.281999999999698,500.0,2.5,0.0,0.01,9.281999999999698,9.281999999999698,1.8563999999999397,3.7127999999998793,2.0171225,True,False,False
2000,500,682,2026-08-04 09:35:00,4049.806,15.184999999999944,500.0,2.5,0.0,0.01,15.184999999999944,15.184999999999944,3.036999999999989,6.073999999999978,2.024903,True,False,False
2000,500,683,2026-08-04 10:10:00,4047.463,14.333000000000084,500.0,2.5,0.0,0.01,14.333000000000084,14.333000000000084,2.866600000000017,5.733200000000034,2.0237315000000002,True,False,False
2000,500,684,2026-08-04 10:15:00,4049.016,15.885999999999967,500.0,2.5,0.0,0.01,15.885999999999967,15.885999999999967,3.1771999999999934,6.354399999999987,2.0245080000000004,True,False,False
2000,500,685,2026-08-04 11:30:00,4061.034,31.5590000000002,500.0,2.5,0.0,0.01,31.5590000000002,31.5590000000002,6.31180000000004,12.62360000000008,2.030517,True,False,False
2000,500,686,2026-08-04 18:00:00,4086.263,30.50500000000011,500.0,2.5,0.0,0.01,30.50500000000011,30.50500000000011,6.101000000000021,12.202000000000044,2.0431315,True,False,False
2000,500,687,2026-08-04 18:25:00,4087.131,31.373000000000047,500.0,2.5,0.0,0.01,31.373000000000047,31.373000000000047,6.274600000000009,12.549200000000019,2.0435655,True,False,False
2000,500,688,2026-08-04 18:40:00,4079.171,23.46000000000004,500.0,2.5,0.0,0.01,23.46000000000004,23.46000000000004,4.692000000000008,9.384000000000016,2.0395855,True,False,False
2000,500,689,2026-08-04 18:50:00,4079.773,24.062000000000356,500.0,2.5,0.0,0.01,24.062000000000356,24.062000000000356,4.812400000000071,9.624800000000143,2.0398865,True,False,False
2000,500,690,2026-08-04 19:00:00,4080.041,23.55200000000013,500.0,2.5,0.0,0.01,23.55200000000013,23.55200000000013,4.710400000000027,9.420800000000053,2.0400205000000002,True,False,False
2000,500,691,2026-08-04 19:10:00,4084.038,27.548999999999975,500.0,2.5,0.0,0.01,27.548999999999975,27.548999999999975,5.509799999999995,11.01959999999999,2.042019,True,False,False
2000,500,692,2026-08-04 19:50:00,4079.962,28.909000000000106,500.0,2.5,0.0,0.01,28.909000000000106,28.909000000000106,5.781800000000021,11.563600000000042,2.039981,True,False,False
2000,500,693,2026-08-10 07:10:00,4354.087,26.713000000000648,500.0,2.5,0.0,0.01,26.713000000000648,26.713000000000648,5.342600000000129,10.68520000000026,2.1770435000000004,True,False,False
2000,500,694,2026-08-10 08:20:01,4355.391,15.416999999999462,500.0,2.5,0.0,0.01,15.416999999999462,15.416999999999462,3.0833999999998927,6.1667999999997845,2.1776955,True,False,False
2000,500,695,2026-08-10 08:55:00,4346.653,6.3400000000001455,500.0,2.5,0.0,0.01,6.3400000000001455,6.3400000000001455,1.268000000000029,2.536000000000058,2.1733265,True,False,False
2000,500,696,2026-08-10 09:15:00,4349.849,11.50500000000011,500.0,2.5,0.0,0.01,11.50500000000011,11.50500000000011,2.301000000000022,4.602000000000044,2.1749245,True,False,False
2000,500,697,2026-08-10 09:25:00,4348.032,9.688000000000102,500.0,2.5,0.0,0.01,9.688000000000102,9.688000000000102,1.9376000000000202,3.875200000000041,2.174016,True,False,False
2000,500,698,2026-08-11 14:30:00,4384.669,13.480999999999767,500.0,2.5,0.0,0.01,13.480999999999767,13.480999999999767,2.6961999999999535,5.392399999999907,2.1923345,True,False,False
2000,500,699,2026-08-11 14:45:00,4393.633,13.028999999999542,500.0,2.5,0.0,0.01,13.028999999999542,13.028999999999542,2.605799999999908,5.211599999999817,2.1968164999999997,True,False,False
2000,500,700,2026-08-11 15:35:00,4378.312,10.420000000000073,500.0,2.5,0.0,0.01,10.420000000000073,10.420000000000073,2.0840000000000147,4.1680000000000295,2.189156,True,False,False
2000,500,701,2026-08-11 16:05:00,4381.078,11.760000000000218,500.0,2.5,0.0,0.01,11.760000000000218,11.760000000000218,2.352000000000044,4.704000000000088,2.1905390000000002,True,False,False
2000,500,702,2026-08-11 16:35:00,4382.507,9.287999999999556,500.0,2.5,0.0,0.01,9.287999999999556,9.287999999999556,1.8575999999999113,3.7151999999998226,2.1912534999999997,True,False,False
2000,500,703,2026-08-11 17:10:00,4384.693,5.280999999999949,500.0,2.5,0.0,0.01,5.280999999999949,5.280999999999949,1.0561999999999898,2.1123999999999796,2.1923465,True,False,False
2000,500,704,2026-08-11 17:15:00,4381.28,5.243999999999687,500.0,2.5,0.0,0.01,5.243999999999687,5.243999999999687,1.0487999999999376,2.0975999999998747,2.1906399999999997,True,False,False
2000,500,705,2026-08-11 17:35:00,4377.106,5.793999999999869,500.0,2.5,0.0,0.01,5.793999999999869,5.793999999999869,1.1587999999999736,2.3175999999999477,2.1885529999999997,True,False,False
2000,500,706,2026-08-12 07:05:00,4401.564,12.8100000000004,500.0,2.5,0.0,0.01,12.8100000000004,12.8100000000004,2.56200000000008,5.12400000000016,2.2007820000000002,True,False,False
2000,500,707,2026-08-12 07:10:00,4402.467,21.423999999999975,500.0,2.5,0.0,0.01,21.423999999999975,21.423999999999975,4.284799999999995,8.56959999999999,2.2012335,True,False,False
2000,500,708,2026-08-12 07:15:00,4401.708,20.664999999999964,500.0,2.5,0.0,0.01,20.664999999999964,20.664999999999964,4.132999999999993,8.265999999999986,2.2008539999999996,True,False,False
2000,500,709,2026-08-12 07:40:00,4407.602,26.039999999999964,500.0,2.5,0.0,0.01,26.039999999999964,26.039999999999964,5.207999999999992,10.415999999999986,2.203801,True,False,False
2000,500,710,2026-08-12 07:50:00,4408.999,27.436999999999895,500.0,2.5,0.0,0.01,27.436999999999895,27.436999999999895,5.487399999999979,10.974799999999957,2.2044995,True,False,False
2000,500,711,2026-08-12 19:00:00,4413.305,15.521999999999936,500.0,2.5,0.0,0.01,15.521999999999936,15.521999999999936,3.104399999999987,6.208799999999974,2.2066525,True,False,False
2000,500,712,2026-08-12 19:30:00,4416.852,12.305999999999583,500.0,2.5,0.0,0.01,12.305999999999583,12.305999999999583,2.461199999999917,4.922399999999834,2.208426,True,False,False
2000,500,713,2026-08-12 19:40:00,4412.182,7.635999999999512,500.0,2.5,0.0,0.01,7.635999999999512,7.635999999999512,1.5271999999999022,3.054399999999805,2.206091,True,False,False
2000,500,714,2026-08-12 19:55:00,4411.435,10.853000000000064,500.0,2.5,0.0,0.01,10.853000000000064,10.853000000000064,2.1706000000000127,4.3412000000000255,2.2057175,True,False,False
2000,500,715,2026-08-12 18:05:00,4398.973,13.706000000000133,500.0,2.5,0.0,0.01,13.706000000000133,13.706000000000133,2.7412000000000267,5.4824000000000535,2.1994865,True,False,False
2000,500,716,2026-08-12 18:00:00,4399.591,14.324000000000524,500.0,2.5,0.0,0.01,14.324000000000524,14.324000000000524,2.8648000000001046,5.729600000000209,2.1997955,True,False,False
2000,500,717,2026-08-12 17:35:00,4410.343,25.076000000000025,500.0,2.5,0.0,0.01,25.076000000000025,25.076000000000025,5.015200000000005,10.03040000000001,2.2051715,True,False,False
2000,500,718,2026-08-12 18:25:00,4410.82,13.036999999999352,500.0,2.5,0.0,0.01,13.036999999999352,13.036999999999352,2.6073999999998705,5.214799999999741,2.2054099999999996,True,False,False
2000,500,719,2026-08-12 18:15:00,4405.882,8.09899999999925,500.0,2.5,0.0,0.01,8.09899999999925,8.09899999999925,1.6197999999998502,3.2395999999997,2.2029409999999996,True,False,False
2000,500,720,2026-08-12 09:00:00,4401.893,32.96299999999974,500.0,2.5,0.0,0.01,32.96299999999974,32.96299999999974,6.592599999999947,13.185199999999895,2.2009465,True,False,False
2000,500,721,2026-08-12 18:45:00,4413.942,16.15899999999965,500.0,2.5,0.0,0.01,16.15899999999965,16.15899999999965,3.23179999999993,6.46359999999986,2.206971,True,False,False
2000,500,722,2026-08-12 18:30:00,4408.748,10.964999999999236,500.0,2.5,0.0,0.01,10.964999999999236,10.964999999999236,2.1929999999998473,4.385999999999695,2.2043739999999996,True,False,False
2000,500,723,2026-08-12 17:20:00,4403.883,26.36499999999978,500.0,2.5,0.0,0.01,26.36499999999978,26.36499999999978,5.272999999999956,10.545999999999912,2.2019414999999998,True,False,False
2000,500,724,2026-08-12 16:55:00,4405.471,27.95299999999952,500.0,2.5,0.0,0.01,27.95299999999952,27.95299999999952,5.590599999999904,11.181199999999809,2.2027354999999997,True,False,False
2000,500,725,2026-08-12 17:10:00,4406.504,28.98599999999988,500.0,2.5,0.0,0.01,28.98599999999988,28.98599999999988,5.797199999999976,11.594399999999952,2.203252,True,False,False
2000,500,726,2026-08-12 17:15:00,4403.922,26.40399999999954,500.0,2.5,0.0,0.01,26.40399999999954,26.40399999999954,5.280799999999909,10.561599999999817,2.201961,True,False,False
2000,500,727,2026-08-12 19:45:00,4413.415,8.868999999999687,500.0,2.5,0.0,0.01,8.868999999999687,8.868999999999687,1.7737999999999376,3.547599999999875,2.2067075,True,False,False
2000,500,728,2026-08-13 09:55:00,4380.343,27.22699999999986,500.0,2.5,0.0,0.01,27.22699999999986,27.22699999999986,5.445399999999973,10.890799999999945,2.1901715,True,False,False
2000,500,729,2026-08-13 10:00:00,4384.472,23.09799999999996,500.0,2.5,0.0,0.01,23.09799999999996,23.09799999999996,4.619599999999992,9.239199999999984,2.192236,True,False,False
2000,500,730,2026-08-13 10:05:00,4384.709,22.86099999999988,500.0,2.5,0.0,0.01,22.86099999999988,22.86099999999988,4.5721999999999765,9.144399999999951,2.1923545,True,False,False
2000,500,731,2026-08-13 10:10:00,4383.868,23.70199999999932,500.0,2.5,0.0,0.01,23.70199999999932,23.70199999999932,4.740399999999864,9.480799999999729,2.1919340000000003,True,False,False
2000,500,732,2026-08-13 10:50:00,4390.208,21.29400000000078,500.0,2.5,0.0,0.01,21.29400000000078,21.29400000000078,4.258800000000155,8.51760000000031,2.1951039999999997,True,False,False
2000,500,733,2026-08-13 10:40:00,4388.385,23.11700000000019,500.0,2.5,0.0,0.01,23.11700000000019,23.11700000000019,4.6234000000000375,9.246800000000075,2.1941925,True,False,False
2000,500,734,2026-08-13 10:45:00,4390.425,21.077000000000226,500.0,2.5,0.0,0.01,21.077000000000226,21.077000000000226,4.215400000000045,8.43080000000009,2.1952125000000002,True,False,False
2000,500,735,2026-08-13 11:10:00,4390.455,27.45799999999963,500.0,2.5,0.0,0.01,27.45799999999963,27.45799999999963,5.491599999999925,10.98319999999985,2.1952275,True,False,False
2000,500,736,2026-08-13 10:25:01,4384.571,22.9989999999998,500.0,2.5,0.0,0.01,22.9989999999998,22.9989999999998,4.59979999999996,9.19959999999992,2.1922855,True,False,False
2000,500,737,2026-08-13 10:55:00,4392.483,19.019000000000236,500.0,2.5,0.0,0.01,19.019000000000236,19.019000000000236,3.8038000000000474,7.607600000000095,2.1962415,True,False,False
2000,500,738,2026-08-13 11:15:00,4394.018,23.894999999999527,500.0,2.5,0.0,0.01,23.894999999999527,23.894999999999527,4.778999999999906,9.557999999999812,2.197009,True,False,False
2000,500,739,2026-08-13 10:35:00,4385.15,22.420000000000076,500.0,2.5,0.0,0.01,22.420000000000076,22.420000000000076,4.484000000000015,8.96800000000003,2.1925749999999997,True,False,False
2000,500,740,2026-08-13 11:20:00,4393.032,24.880999999999403,500.0,2.5,0.0,0.01,24.880999999999403,24.880999999999403,4.9761999999998805,9.952399999999761,2.196516,True,False,False
2000,500,741,2026-08-13 10:30:00,4387.016,20.554000000000087,500.0,2.5,0.0,0.01,20.554000000000087,20.554000000000087,4.110800000000017,8.221600000000034,2.193508,True,False,False
2000,500,742,2026-08-13 10:15:00,4381.705,25.86499999999978,500.0,2.5,0.0,0.01,25.86499999999978,25.86499999999978,5.1729999999999565,10.345999999999913,2.1908525,True,False,False
2000,500,743,2026-08-13 10:20:00,4385.05,22.519999999999527,500.0,2.5,0.0,0.01,22.519999999999527,22.519999999999527,4.503999999999905,9.00799999999981,2.1925250000000003,True,False,False
2000,500,744,2026-08-13 11:05:00,4389.246,22.256000000000316,500.0,2.5,0.0,0.01,22.256000000000316,22.256000000000316,4.451200000000063,8.902400000000126,2.194623,True,False,False
2000,500,745,2026-08-13 11:25:00,4392.341,25.571999999999207,500.0,2.5,0.0,0.01,25.571999999999207,25.571999999999207,5.114399999999842,10.228799999999683,2.1961705,True,False,False
2000,500,746,2026-08-13 12:05:00,4387.008,30.904999999999745,500.0,2.5,0.0,0.01,30.904999999999745,30.904999999999745,6.180999999999949,12.361999999999899,2.193504,True,False,False
2000,500,747,2026-08-13 11:30:00,4388.123,29.789999999999964,500.0,2.5,0.0,0.01,29.789999999999964,29.789999999999964,5.957999999999992,11.915999999999986,2.1940614999999997,True,False,False
2000,500,748,2026-08-13 11:50:00,4384.323,33.58999999999924,500.0,2.5,0.0,0.01,33.58999999999924,33.58999999999924,6.717999999999849,13.435999999999698,2.1921615,True,False,False
2000,500,749,2026-08-13 12:10:00,4390.616,27.29699999999957,500.0,2.5,0.0,0.01,27.29699999999957,27.29699999999957,5.459399999999914,10.918799999999829,2.195308,True,False,False
2000,500,750,2026-08-13 11:55:00,4384.817,33.09599999999955,500.0,2.5,0.0,0.01,33.09599999999955,33.09599999999955,6.61919999999991,13.23839999999982,2.1924085,True,False,False
2000,500,751,2026-08-13 12:00:00,4387.604,30.308999999999287,500.0,2.5,0.0,0.01,30.308999999999287,30.308999999999287,6.061799999999858,12.123599999999715,2.1938020000000003,True,False,False
2000,500,752,2026-08-13 12:15:00,4389.043,28.86999999999989,500.0,2.5,0.0,0.01,28.86999999999989,28.86999999999989,5.773999999999979,11.547999999999956,2.1945215,True,False,False
2000,500,753,2026-08-13 12:20:00,4386.44,31.96100000000024,500.0,2.5,0.0,0.01,31.96100000000024,31.96100000000024,6.392200000000048,12.784400000000096,2.1932199999999997,True,False,False
2000,500,754,2026-08-13 12:25:00,4385.76,32.64099999999962,500.0,2.5,0.0,0.01,32.64099999999962,32.64099999999962,6.5281999999999245,13.056399999999849,2.19288,True,False,False
2000,500,755,2026-08-14 15:30:00,4385.1,10.299999999999272,500.0,2.5,0.0,0.01,10.299999999999272,10.299999999999272,2.0599999999998544,4.119999999999709,2.19255,True,False,False
2000,500,756,2026-08-14 15:35:00,4387.434,10.49200000000019,500.0,2.5,0.0,0.01,10.49200000000019,10.49200000000019,2.0984000000000376,4.196800000000076,2.193717,True,False,False
2000,500,757,2026-08-14 15:40:01,4387.456,10.359999999999673,500.0,2.5,0.0,0.01,10.359999999999673,10.359999999999673,2.071999999999935,4.143999999999869,2.193728,True,False,False
2000,500,758,2026-08-14 15:55:00,4390.456,9.725999999999658,500.0,2.5,0.0,0.01,9.725999999999658,9.725999999999658,1.9451999999999317,3.8903999999998633,2.195228,True,False,False
2000,500,759,2026-08-14 16:00:00,4391.918,9.25,500.0,2.5,0.0,0.01,9.25,9.25,1.8499999999999999,3.7,2.1959589999999998,True,False,False
