trade_id,entry_time,trig,direction,volume,entry_price,sl,tp,exit_price,planned_risk,net_pnl,r_multiple
2,2026.08.02 23:20:01,stop_loss,sell,0.02,4075.349,4072.086,4063.273,4072.086,6.526000000000749,6.526000000000749,1.0
8,2026.08.03 00:18:29,take_profit,sell,0.03,4077.825,4081.756,4069.963,4069.963,11.79300000000012,23.585999999998876,1.9999999999998843
3,2026.08.03 00:27:15,take_profit,sell,0.01,4075.012,4068.657,4062.262,4062.262,6.355000000000019,12.75,2.006294256490946
4,2026.08.03 00:27:15,take_profit,sell,0.02,4076.274,4083.31,4062.202,4062.202,14.072000000000118,28.143999999999323,1.9999999999999352
7,2026.08.03 00:37:19,take_profit,sell,0.02,4074.839,4081.61,4061.297,4061.297,13.542000000000371,27.083999999999836,1.9999999999999332
12,2026.08.03 00:37:19,take_profit,sell,0.03,4070.079,4074.607,4061.023,4061.023,13.583999999999378,27.16800000000012,2.0000000000001004
9,2026.08.03 00:47:34,take_profit,sell,0.01,4073.304,4081.61,4056.692,4056.692,8.30600000000004,16.61200000000008,2.0
10,2026.08.03 01:00:19,take_profit,sell,0.01,4071.819,4081.61,4052.237,4052.237,9.791000000000167,19.58199999999988,1.9999999999999536
5,2026.08.03 01:01:38,stop_loss,sell,0.01,4069.097,4059.873,4040.671,4059.873,9.22400000000016,9.22400000000016,1.0
33,2026.08.03 02:47:08,stop_loss,sell,0.02,4055.721,4061.633,4043.897,4061.633,11.823999999999614,-11.823999999999614,-1.0
16,2026.08.03 02:48:31,stop_loss,sell,0.01,4064.439,4062.634,4044.717,4062.634,1.8049999999998363,1.8049999999998363,1.0
28,2026.08.03 02:49:01,stop_loss,sell,0.01,4055.786,4064.446,4038.466,4064.446,8.659999999999854,-8.659999999999854,-1.0
29,2026.08.03 02:49:01,stop_loss,sell,0.01,4055.616,4064.446,4037.956,4064.446,8.829999999999927,-8.829999999999927,-1.0
31,2026.08.03 02:49:01,stop_loss,sell,0.01,4055.331,4064.446,4037.101,4064.446,9.114999999999782,-9.114999999999782,-1.0
27,2026.08.03 02:49:02,stop_loss,sell,0.02,4059.481,4066.12,4046.203,4066.12,13.277999999999338,-13.277999999999338,-1.0
34,2026.08.03 02:49:02,stop_loss,sell,0.01,4057.521,4066.482,4039.599,4066.482,8.960999999999785,-8.960999999999785,-1.0
30,2026.08.03 02:49:02,stop_loss,sell,0.02,4060.495,4066.958,4047.569,4066.958,12.926000000000387,-12.926000000000387,-1.0
32,2026.08.03 02:49:02,stop_loss,sell,0.01,4058.141,4067.221,4039.981,4067.221,9.079999999999927,-9.079999999999927,-1.0
17,2026.08.03 11:23:09,take_profit,sell,0.01,4064.703,4074.3,4045.509,4045.509,9.597000000000207,19.19399999999996,1.9999999999999527
20,2026.08.03 13:32:53,take_profit,sell,0.01,4059.754,4074.3,4030.662,4030.662,14.546000000000278,29.092000000000102,1.9999999999999687
26,2026.08.03 13:32:53,take_profit,sell,0.01,4059.682,4074.3,4030.446,4030.446,14.618000000000395,29.23599999999988,1.9999999999999378
23,2026.08.03 13:35:34,take_profit,sell,0.01,4058.691,4074.3,4027.473,4027.473,15.609000000000378,31.217999999999847,1.9999999999999418
21,2026.08.03 13:36:27,take_profit,sell,0.01,4058.398,4074.3,4026.594,4026.594,15.902000000000044,31.804000000000087,2.0
2,2026.08.02 23:20:01,stop_loss,sell,0.02,4075.349,4072.086,4063.273,4072.086,6.526000000000749,6.526000000000749,1.0
8,2026.08.03 00:18:29,take_profit,sell,0.03,4077.825,4081.756,4069.963,4069.963,11.79300000000012,23.585999999998876,1.9999999999998843
3,2026.08.03 00:27:15,take_profit,sell,0.01,4075.012,4068.657,4062.262,4062.262,6.355000000000019,12.75,2.006294256490946
4,2026.08.03 00:27:15,take_profit,sell,0.02,4076.274,4083.31,4062.202,4062.202,14.072000000000118,28.143999999999323,1.9999999999999352
7,2026.08.03 00:37:19,take_profit,sell,0.02,4074.839,4081.61,4061.297,4061.297,13.542000000000371,27.083999999999836,1.9999999999999332
12,2026.08.03 00:37:19,take_profit,sell,0.03,4070.079,4074.607,4061.023,4061.023,13.583999999999378,27.16800000000012,2.0000000000001004
9,2026.08.03 00:47:34,take_profit,sell,0.01,4073.304,4081.61,4056.692,4056.692,8.30600000000004,16.61200000000008,2.0
10,2026.08.03 01:00:19,take_profit,sell,0.01,4071.819,4081.61,4052.237,4052.237,9.791000000000167,19.58199999999988,1.9999999999999536
5,2026.08.03 01:01:38,stop_loss,sell,0.01,4069.097,4059.873,4040.671,4059.873,9.22400000000016,9.22400000000016,1.0
33,2026.08.03 02:47:08,stop_loss,sell,0.02,4055.721,4061.633,4043.897,4061.633,11.823999999999614,-11.823999999999614,-1.0
16,2026.08.03 02:48:31,stop_loss,sell,0.01,4064.439,4062.634,4044.717,4062.634,1.8049999999998363,1.8049999999998363,1.0
28,2026.08.03 02:49:01,stop_loss,sell,0.01,4055.786,4064.446,4038.466,4064.446,8.659999999999854,-8.659999999999854,-1.0
29,2026.08.03 02:49:01,stop_loss,sell,0.01,4055.616,4064.446,4037.956,4064.446,8.829999999999927,-8.829999999999927,-1.0
31,2026.08.03 02:49:01,stop_loss,sell,0.01,4055.331,4064.446,4037.101,4064.446,9.114999999999782,-9.114999999999782,-1.0
27,2026.08.03 02:49:02,stop_loss,sell,0.02,4059.481,4066.12,4046.203,4066.12,13.277999999999338,-13.277999999999338,-1.0
34,2026.08.03 02:49:02,stop_loss,sell,0.01,4057.521,4066.482,4039.599,4066.482,8.960999999999785,-8.960999999999785,-1.0
30,2026.08.03 02:49:02,stop_loss,sell,0.02,4060.495,4066.958,4047.569,4066.958,12.926000000000387,-12.926000000000387,-1.0
32,2026.08.03 02:49:02,stop_loss,sell,0.01,4058.141,4067.221,4039.981,4067.221,9.079999999999927,-9.079999999999927,-1.0
17,2026.08.03 11:23:09,take_profit,sell,0.01,4064.703,4074.3,4045.509,4045.509,9.597000000000207,19.19399999999996,1.9999999999999527
20,2026.08.03 13:32:53,take_profit,sell,0.01,4059.754,4074.3,4030.662,4030.662,14.546000000000278,29.092000000000102,1.9999999999999687
26,2026.08.03 13:32:53,take_profit,sell,0.01,4059.682,4074.3,4030.446,4030.446,14.618000000000395,29.23599999999988,1.9999999999999378
23,2026.08.03 13:35:34,take_profit,sell,0.01,4058.691,4074.3,4027.473,4027.473,15.609000000000378,31.217999999999847,1.9999999999999418
21,2026.08.03 13:36:27,take_profit,sell,0.01,4058.398,4074.3,4026.594,4026.594,15.902000000000044,31.804000000000087,2.0
2,2026.08.02 23:20:01,stop_loss,sell,0.02,4075.349,4072.086,4063.273,4072.086,6.526000000000749,6.526000000000749,1.0
8,2026.08.03 00:18:29,take_profit,sell,0.03,4077.825,4081.756,4069.963,4069.963,11.79300000000012,23.585999999998876,1.9999999999998843
3,2026.08.03 00:27:15,take_profit,sell,0.01,4075.012,4068.657,4062.262,4062.262,6.355000000000019,12.75,2.006294256490946
4,2026.08.03 00:27:15,take_profit,sell,0.02,4076.274,4083.31,4062.202,4062.202,14.072000000000118,28.143999999999323,1.9999999999999352
7,2026.08.03 00:37:19,take_profit,sell,0.02,4074.839,4081.61,4061.297,4061.297,13.542000000000371,27.083999999999836,1.9999999999999332
12,2026.08.03 00:37:19,take_profit,sell,0.03,4070.079,4074.607,4061.023,4061.023,13.583999999999378,27.16800000000012,2.0000000000001004
9,2026.08.03 00:47:34,take_profit,sell,0.01,4073.304,4081.61,4056.692,4056.692,8.30600000000004,16.61200000000008,2.0
10,2026.08.03 01:00:19,take_profit,sell,0.01,4071.819,4081.61,4052.237,4052.237,9.791000000000167,19.58199999999988,1.9999999999999536
5,2026.08.03 01:01:38,stop_loss,sell,0.01,4069.097,4059.873,4040.671,4059.873,9.22400000000016,9.22400000000016,1.0
33,2026.08.03 02:47:08,stop_loss,sell,0.02,4055.721,4061.633,4043.897,4061.633,11.823999999999614,-11.823999999999614,-1.0
16,2026.08.03 02:48:31,stop_loss,sell,0.01,4064.439,4062.634,4044.717,4062.634,1.8049999999998363,1.8049999999998363,1.0
28,2026.08.03 02:49:01,stop_loss,sell,0.01,4055.786,4064.446,4038.466,4064.446,8.659999999999854,-8.659999999999854,-1.0
29,2026.08.03 02:49:01,stop_loss,sell,0.01,4055.616,4064.446,4037.956,4064.446,8.829999999999927,-8.829999999999927,-1.0
31,2026.08.03 02:49:01,stop_loss,sell,0.01,4055.331,4064.446,4037.101,4064.446,9.114999999999782,-9.114999999999782,-1.0
27,2026.08.03 02:49:02,stop_loss,sell,0.02,4059.481,4066.12,4046.203,4066.12,13.277999999999338,-13.277999999999338,-1.0
34,2026.08.03 02:49:02,stop_loss,sell,0.01,4057.521,4066.482,4039.599,4066.482,8.960999999999785,-8.960999999999785,-1.0
30,2026.08.03 02:49:02,stop_loss,sell,0.02,4060.495,4066.958,4047.569,4066.958,12.926000000000387,-12.926000000000387,-1.0
32,2026.08.03 02:49:02,stop_loss,sell,0.01,4058.141,4067.221,4039.981,4067.221,9.079999999999927,-9.079999999999927,-1.0
17,2026.08.03 11:23:09,take_profit,sell,0.01,4064.703,4074.3,4045.509,4045.509,9.597000000000207,19.19399999999996,1.9999999999999527
20,2026.08.03 13:32:53,take_profit,sell,0.01,4059.754,4074.3,4030.662,4030.662,14.546000000000278,29.092000000000102,1.9999999999999687
26,2026.08.03 13:32:53,take_profit,sell,0.01,4059.682,4074.3,4030.446,4030.446,14.618000000000395,29.23599999999988,1.9999999999999378
23,2026.08.03 13:35:34,take_profit,sell,0.01,4058.691,4074.3,4027.473,4027.473,15.609000000000378,31.217999999999847,1.9999999999999418
21,2026.08.03 13:36:27,take_profit,sell,0.01,4058.398,4074.3,4026.594,4026.594,15.902000000000044,31.804000000000087,2.0
2,2026.08.02 23:20:01,stop_loss,sell,0.02,4075.349,4072.086,4063.273,4072.086,6.526000000000749,6.526000000000749,1.0
8,2026.08.03 00:18:29,take_profit,sell,0.03,4077.825,4081.756,4069.963,4069.963,11.79300000000012,23.585999999998876,1.9999999999998843
3,2026.08.03 00:27:15,take_profit,sell,0.01,4075.012,4068.657,4062.262,4062.262,6.355000000000019,12.75,2.006294256490946
4,2026.08.03 00:27:15,take_profit,sell,0.02,4076.274,4083.31,4062.202,4062.202,14.072000000000118,28.143999999999323,1.9999999999999352
7,2026.08.03 00:37:19,take_profit,sell,0.02,4074.839,4081.61,4061.297,4061.297,13.542000000000371,27.083999999999836,1.9999999999999332
12,2026.08.03 00:37:19,take_profit,sell,0.03,4070.079,4074.607,4061.023,4061.023,13.583999999999378,27.16800000000012,2.0000000000001004
9,2026.08.03 00:47:34,take_profit,sell,0.01,4073.304,4081.61,4056.692,4056.692,8.30600000000004,16.61200000000008,2.0
10,2026.08.03 01:00:19,take_profit,sell,0.01,4071.819,4081.61,4052.237,4052.237,9.791000000000167,19.58199999999988,1.9999999999999536
5,2026.08.03 01:01:38,stop_loss,sell,0.01,4069.097,4059.873,4040.671,4059.873,9.22400000000016,9.22400000000016,1.0
33,2026.08.03 02:47:08,stop_loss,sell,0.02,4055.721,4061.633,4043.897,4061.633,11.823999999999614,-11.823999999999614,-1.0
16,2026.08.03 02:48:31,stop_loss,sell,0.01,4064.439,4062.634,4044.717,4062.634,1.8049999999998363,1.8049999999998363,1.0
28,2026.08.03 02:49:01,stop_loss,sell,0.01,4055.786,4064.446,4038.466,4064.446,8.659999999999854,-8.659999999999854,-1.0
29,2026.08.03 02:49:01,stop_loss,sell,0.01,4055.616,4064.446,4037.956,4064.446,8.829999999999927,-8.829999999999927,-1.0
31,2026.08.03 02:49:01,stop_loss,sell,0.01,4055.331,4064.446,4037.101,4064.446,9.114999999999782,-9.114999999999782,-1.0
27,2026.08.03 02:49:02,stop_loss,sell,0.02,4059.481,4066.12,4046.203,4066.12,13.277999999999338,-13.277999999999338,-1.0
34,2026.08.03 02:49:02,stop_loss,sell,0.01,4057.521,4066.482,4039.599,4066.482,8.960999999999785,-8.960999999999785,-1.0
30,2026.08.03 02:49:02,stop_loss,sell,0.02,4060.495,4066.958,4047.569,4066.958,12.926000000000387,-12.926000000000387,-1.0
32,2026.08.03 02:49:02,stop_loss,sell,0.01,4058.141,4067.221,4039.981,4067.221,9.079999999999927,-9.079999999999927,-1.0
54,2026.08.03 04:07:07,stop_loss,sell,0.02,4060.713,4067.869,4046.401,4067.869,14.3119999999999,-14.3119999999999,-1.0
55,2026.08.03 04:07:20,stop_loss,sell,0.02,4061.528,4068.387,4047.81,4068.387,13.718000000000757,-13.718000000000757,-1.0
53,2026.08.03 04:16:58,stop_loss,sell,0.02,4062.64,4069.84,4048.24,4069.84,14.400000000000546,-14.400000000000546,-1.0
50,2026.08.03 04:21:12,stop_loss,sell,0.01,4062.76,4071.029,4046.222,4071.029,8.268999999999778,-8.268999999999778,-1.0
52,2026.08.03 04:21:12,stop_loss,sell,0.02,4063.269,4070.9,4048.007,4070.9,15.262000000000626,-15.262000000000626,-1.0
59,2026.08.03 04:34:51,stop_loss,sell,0.02,4065.37,4071.396,4053.318,4071.396,12.05200000000059,-12.05200000000059,-1.0
45,2026.08.03 04:36:02,stop_loss,sell,0.01,4062.177,4071.689,4043.153,4071.689,9.511999999999716,-9.511999999999716,-1.0
46,2026.08.03 04:49:06,stop_loss,sell,0.01,4062.585,4071.917,4043.921,4071.917,9.33199999999988,-9.33199999999988,-1.0
51,2026.08.03 04:49:06,stop_loss,sell,0.01,4063.795,4071.972,4047.441,4071.972,8.177000000000135,-8.177000000000135,-1.0
17,2026.08.03 05:25:55,stop_loss,sell,0.01,4064.703,4060.594,4045.509,4060.594,4.108999999999924,4.108999999999924,1.0
56,2026.08.03 09:27:52,take_profit,sell,0.02,4065.977,4072.851,4052.229,4052.229,13.748000000000502,27.49600000000009,1.9999999999999336
49,2026.08.03 09:30:30,take_profit,sell,0.01,4067.487,4075.76,4050.941,4050.941,8.273000000000138,16.546000000000276,2.0
48,2026.08.03 09:32:24,take_profit,sell,0.01,4064.27,4072.646,4047.518,4047.518,8.376000000000204,16.751999999999953,1.9999999999999456
47,2026.08.03 10:52:11,take_profit,sell,0.01,4064.231,4073.278,4046.137,4046.137,9.04699999999957,18.09400000000005,2.0000000000001004
44,2026.08.03 12:40:33,take_profit,sell,0.01,4063.674,4073.317,4044.388,4044.388,9.643000000000029,19.286000000000058,2.0
20,2026.08.03 13:32:53,take_profit,sell,0.01,4059.754,4074.3,4030.662,4030.662,14.546000000000278,29.092000000000102,1.9999999999999687
26,2026.08.03 13:32:53,take_profit,sell,0.01,4059.682,4074.3,4030.446,4030.446,14.618000000000395,29.23599999999988,1.9999999999999378
23,2026.08.03 13:35:34,take_profit,sell,0.01,4058.691,4074.3,4027.473,4027.473,15.609000000000378,31.217999999999847,1.9999999999999418
21,2026.08.03 13:36:27,take_profit,sell,0.01,4058.398,4074.3,4026.594,4026.594,15.902000000000044,31.804000000000087,2.0
77,2026.08.04 00:13:23,stop_loss,buy,0.02,4059.796,4065.046,4075.212,4065.046,10.5,10.5,1.0
78,2026.08.04 00:57:18,stop_loss,buy,0.01,4067.394,4052.088,4098.006,4052.088,15.305999999999587,-15.305999999999587,-1.0
80,2026.08.04 00:57:18,stop_loss,buy,0.01,4064.011,4052.088,4087.857,4052.088,11.922999999999774,-11.922999999999774,-1.0
81,2026.08.04 00:57:18,stop_loss,buy,0.01,4063.18,4052.088,4085.364,4052.088,11.091999999999643,-11.091999999999643,-1.0
82,2026.08.04 00:57:18,stop_loss,buy,0.02,4059.492,4052.088,4074.3,4052.088,14.807999999999993,-14.807999999999993,-1.0
87,2026.08.04 02:38:39,stop_loss,sell,0.02,4056.692,4062.149,4045.778,4062.149,10.91399999999976,-10.91399999999976,-1.0
90,2026.08.04 03:21:13,stop_loss,sell,0.04,4057.833,4061.778,4049.943,4061.778,15.779999999998836,-15.779999999998836,-1.0
89,2026.08.04 04:14:46,stop_loss,sell,0.02,4058.89,4057.017,4047.092,4057.017,3.7460000000000946,3.7460000000000946,1.0
91,2026.08.04 04:33:00,stop_loss,sell,0.02,4058.18,4063.839,4046.862,4063.839,11.318000000000211,-11.318000000000211,-1.0
95,2026.08.05 01:27:40,stop_loss,buy,0.01,4072.522,4082.976,4100.164,4082.976,10.454000000000178,10.454000000000178,1.0
96,2026.08.05 01:55:58,take_profit,buy,0.01,4072.089,4058.701,4098.865,4098.865,13.38799999999992,26.77599999999984,2.0
99,2026.08.06 09:38:19,stop_loss,buy,0.01,4264.655,4276.142,4293.881,4276.142,11.48700000000008,11.48700000000008,1.0
101,2026.08.06 11:53:44,stop_loss,buy,0.01,4268.957,4254.433,4298.005,4254.433,14.524000000000342,-14.524000000000342,-1.0
102,2026.08.06 11:53:44,stop_loss,buy,0.01,4266.354,4254.433,4290.196,4254.433,11.921000000000276,-11.921000000000276,-1.0
103,2026.08.06 11:53:44,stop_loss,buy,0.01,4264.686,4254.433,4285.192,4254.433,10.252999999999702,-10.252999999999702,-1.0
104,2026.08.06 11:53:44,stop_loss,buy,0.02,4262.252,4254.433,4277.89,4254.433,15.63800000000083,-15.63800000000083,-1.0
105,2026.08.06 11:53:44,stop_loss,buy,0.02,4260.796,4254.433,4273.522,4254.433,12.726000000000568,-12.726000000000568,-1.0
106,2026.08.06 12:09:03,stop_loss,buy,0.03,4256.537,4257.922,4266.785,4257.922,4.154999999997926,4.154999999997926,1.0
113,2026.08.06 12:16:46,stop_loss,buy,0.01,4263.334,4254.433,4281.136,4254.433,8.90099999999984,-8.90099999999984,-1.0
112,2026.08.06 12:31:46,take_profit,buy,0.02,4257.025,4251.779,4267.517,4267.517,10.49199999999837,20.98400000000038,2.000000000000347
115,2026.08.06 13:05:37,stop_loss,buy,0.01,4258.013,4246.275,4281.489,4246.275,11.738000000000284,-11.738000000000284,-1.0
119,2026.08.07 00:24:43,take_profit,sell,0.02,4252.394,4245.609,4240.832,4240.832,13.56999999999971,23.123999999999796,1.7040530582166757
120,2026.08.07 00:40:52,take_profit,sell,0.01,4249.795,4258.175,4233.035,4233.035,8.38000000000011,16.76000000000022,2.0
121,2026.08.07 00:41:06,take_profit,sell,0.01,4249.088,4258.175,4230.914,4230.914,9.087000000000444,18.173999999999978,1.9999999999998999
122,2026.08.07 01:44:19,stop_loss,sell,0.01,4244.665,4258.175,4217.645,4258.175,13.510000000000218,-13.510000000000218,-1.0
127,2026.08.07 05:10:41,stop_loss,sell,0.01,4256.74,4268.386,4228.784,4268.386,11.64600000000064,-11.64600000000064,-1.0
128,2026.08.07 05:11:04,stop_loss,sell,0.01,4259.189,4271.089,4235.389,4271.089,11.899999999999636,-11.899999999999636,-1.0
134,2026.08.07 05:32:54,stop_loss,sell,0.02,4264.644,4271.648,4250.636,4271.648,14.007999999999813,-14.007999999999813,-1.0
133,2026.08.07 05:33:17,stop_loss,sell,0.03,4267.779,4272.633,4258.071,4272.633,14.56199999999808,-14.56199999999808,-1.0
129,2026.08.07 05:33:40,stop_loss,sell,0.02,4265.863,4273.402,4250.785,4273.402,15.07799999999952,-15.07799999999952,-1.0
130,2026.08.07 05:33:40,stop_loss,sell,0.01,4262.286,4273.402,4240.054,4273.402,11.115999999999985,-11.115999999999985,-1.0
131,2026.08.07 05:33:40,stop_loss,sell,0.02,4265.799,4273.402,4250.593,4273.402,15.206000000000131,-15.206000000000131,-1.0
132,2026.08.07 05:33:40,stop_loss,sell,0.01,4264.986,4273.402,4248.154,4273.402,8.416000000000167,-8.416000000000167,-1.0
146,2026.08.07 08:01:20,stop_loss,sell,0.01,4285.319,4293.304,4269.349,4293.304,7.984999999999673,-7.984999999999673,-1.0
145,2026.08.07 08:05:31,stop_loss,sell,0.01,4285.207,4294.076,4267.469,4294.076,8.868999999999687,-8.868999999999687,-1.0
144,2026.08.07 08:06:20,stop_loss,sell,0.01,4285.379,4294.358,4267.421,4294.358,8.97900000000027,-8.97900000000027,-1.0
143,2026.08.07 08:12:29,stop_loss,sell,0.01,4287.446,4296.856,4268.626,4296.856,9.409999999999854,-9.409999999999854,-1.0
151,2026.08.10 04:40:20,stop_loss,buy,0.01,4319.501,4331.562,4342.687,4331.562,12.060999999999694,12.060999999999694,1.0
153,2026.08.10 05:40:29,take_profit,buy,0.01,4325.18,4316.19,4343.16,4343.16,8.990000000000691,17.979999999999563,1.9999999999997977
152,2026.08.10 05:47:51,take_profit,buy,0.01,4320.239,4307.908,4344.901,4344.901,12.330999999999221,24.662000000000262,2.0000000000001474
157,2026.08.10 05:47:51,take_profit,buy,0.01,4325.898,4316.19,4345.314,4345.314,9.708000000000538,19.416000000000167,1.9999999999999063
156,2026.08.10 05:51:11,take_profit,buy,0.01,4326.963,4316.19,4348.509,4348.509,10.773000000000138,21.546000000000276,2.0
154,2026.08.10 05:51:23,take_profit,buy,0.01,4327.099,4316.19,4348.917,4348.917,10.90900000000056,21.81800000000021,1.9999999999999167
155,2026.08.10 05:51:23,take_profit,buy,0.01,4327.147,4316.19,4349.061,4349.061,10.957000000000335,21.91399999999976,1.999999999999917
158,2026.08.10 05:51:48,take_profit,buy,0.01,4328.023,4316.19,4351.689,4351.689,11.833000000000538,23.666000000000167,1.9999999999999232
171,2026.08.10 06:43:41,take_profit,buy,0.02,4343.061,4337.35,4354.483,4354.483,11.421999999998661,22.84400000000096,2.0000000000003184
174,2026.08.10 06:43:41,take_profit,buy,0.02,4343.51,4337.586,4355.358,4355.358,11.847999999999956,23.695999999999913,2.0
160,2026.08.10 07:13:24,stop_loss,buy,0.01,4332.353,4351.265,4363.097,4351.265,18.912000000000262,18.912000000000262,1.0
175,2026.08.10 07:39:28,take_profit,buy,0.02,4345.854,4338.801,4359.96,4359.96,14.105999999999769,28.211999999999538,2.0
161,2026.08.10 07:45:15,take_profit,buy,0.01,4333.926,4320.743,4360.292,4360.292,13.182999999999993,26.365999999999985,2.0
172,2026.08.10 07:45:15,take_profit,buy,0.02,4346.201,4338.801,4361.001,4361.001,14.799999999999272,29.600000000000364,2.000000000000123
193,2026.08.10 08:42:20,stop_loss,buy,0.03,4350.824,4346.186,4360.1,4346.186,13.91399999999976,-13.91399999999976,-1.0
194,2026.08.10 08:56:21,stop_loss,buy,0.03,4348.721,4343.991,4358.181,4343.991,14.18999999999869,-14.18999999999869,-1.0
200,2026.08.10 09:30:32,stop_loss,buy,0.03,4347.003,4342.782,4355.445,4342.782,12.662999999998647,-12.662999999998647,-1.0
198,2026.08.10 09:36:21,stop_loss,buy,0.02,4346.653,4340.313,4359.333,4340.313,12.680000000000291,-12.680000000000291,-1.0
186,2026.08.10 10:00:03,stop_loss,buy,0.01,4355.757,4340.195,4386.881,4340.195,15.561999999999898,-15.561999999999898,-1.0
187,2026.08.10 10:00:03,stop_loss,buy,0.01,4355.828,4340.195,4387.094,4340.195,15.633000000000722,-15.633000000000722,-1.0
188,2026.08.10 10:00:03,stop_loss,buy,0.01,4352.793,4340.195,4377.989,4340.195,12.597999999999956,-12.597999999999956,-1.0
189,2026.08.10 10:00:03,stop_loss,buy,0.01,4354.474,4340.195,4383.032,4340.195,14.279000000000453,-14.279000000000453,-1.0
190,2026.08.10 10:00:20,stop_loss,buy,0.01,4355.391,4339.974,4386.225,4339.974,15.416999999999462,-15.416999999999462,-1.0
191,2026.08.10 10:00:20,stop_loss,buy,0.01,4353.301,4339.974,4379.955,4339.974,13.327000000000226,-13.327000000000226,-1.0
192,2026.08.10 10:00:20,stop_loss,buy,0.01,4355.723,4339.974,4387.221,4339.974,15.748999999999796,-15.748999999999796,-1.0
197,2026.08.10 10:00:35,stop_loss,buy,0.02,4346.599,4339.851,4360.095,4339.851,13.496000000001004,-13.496000000001004,-1.0
196,2026.08.10 10:00:35,stop_loss,buy,0.02,4346.724,4339.786,4360.6,4339.786,13.876000000000206,-13.876000000000206,-1.0
170,2026.08.10 10:37:49,stop_loss,buy,0.01,4347.641,4338.801,4365.321,4338.801,8.839999999999236,-8.839999999999236,-1.0
173,2026.08.10 10:37:49,stop_loss,buy,0.01,4347.749,4338.801,4365.645,4338.801,8.94799999999941,-8.94799999999941,-1.0
176,2026.08.10 10:37:49,stop_loss,buy,0.01,4348.523,4338.801,4367.967,4338.801,9.721999999999753,-9.721999999999753,-1.0
177,2026.08.10 10:37:49,stop_loss,buy,0.01,4347.825,4338.801,4365.873,4338.801,9.023999999999432,-9.023999999999432,-1.0
178,2026.08.10 10:37:49,stop_loss,buy,0.01,4349.028,4338.801,4369.482,4338.801,10.226999999999862,-10.226999999999862,-1.0
181,2026.08.10 10:37:49,stop_loss,buy,0.01,4355.366,4338.801,4388.496,4338.801,16.5649999999996,-16.5649999999996,-1.0
201,2026.08.10 10:38:15,stop_loss,buy,0.01,4348.643,4338.344,4369.241,4338.344,10.298999999999978,-10.298999999999978,-1.0
202,2026.08.10 10:38:15,stop_loss,buy,0.01,4347.941,4338.344,4367.135,4338.344,9.596999999999753,-9.596999999999753,-1.0
203,2026.08.10 10:38:15,stop_loss,buy,0.01,4349.849,4338.344,4372.859,4338.344,11.50500000000011,-11.50500000000011,-1.0
204,2026.08.10 10:38:15,stop_loss,buy,0.01,4347.457,4338.344,4365.683,4338.344,9.113000000000284,-9.113000000000284,-1.0
205,2026.08.10 10:38:15,stop_loss,buy,0.01,4348.202,4338.344,4367.918,4338.344,9.858000000000175,-9.858000000000175,-1.0
206,2026.08.10 10:38:15,stop_loss,buy,0.01,4347.294,4338.344,4365.194,4338.344,8.949999999999818,-8.949999999999818,-1.0
228,2026.08.10 11:09:22,stop_loss,buy,0.01,4342.496,4333.585,4360.318,4333.585,8.911000000000058,-8.911000000000058,-1.0
241,2026.08.10 11:09:22,stop_loss,buy,0.02,4339.995,4333.585,4352.815,4333.585,12.819999999999709,-12.819999999999709,-1.0
242,2026.08.10 11:09:22,stop_loss,buy,0.03,4338.34,4333.585,4347.85,4333.585,14.265000000000327,-14.265000000000327,-1.0
208,2026.08.10 11:12:38,stop_loss,buy,0.01,4344.336,4332.664,4367.68,4332.664,11.67200000000048,-11.67200000000048,-1.0
210,2026.08.10 11:12:38,stop_loss,buy,0.01,4342.398,4332.664,4361.866,4332.664,9.734000000000378,-9.734000000000378,-1.0
211,2026.08.10 11:12:38,stop_loss,buy,0.01,4344.469,4332.664,4368.079,4332.664,11.805000000000291,-11.805000000000291,-1.0
212,2026.08.10 11:12:38,stop_loss,buy,0.01,4342.767,4332.664,4362.973,4332.664,10.103000000000065,-10.103000000000065,-1.0
213,2026.08.10 11:12:38,stop_loss,buy,0.01,4342.543,4332.664,4362.301,4332.664,9.878999999999905,-9.878999999999905,-1.0
214,2026.08.10 11:12:38,stop_loss,buy,0.01,4341.23,4332.664,4358.362,4332.664,8.565999999999804,-8.565999999999804,-1.0
243,2026.08.10 11:17:19,stop_loss,buy,0.01,4338.607,4329.569,4356.683,4329.569,9.037999999999556,-9.037999999999556,-1.0
244,2026.08.10 11:17:19,stop_loss,buy,0.01,4338.455,4329.569,4356.227,4329.569,8.885999999999513,-8.885999999999513,-1.0
224,2026.08.10 12:22:28,stop_loss,buy,0.01,4340.803,4327.747,4366.915,4327.747,13.055999999999585,-13.055999999999585,-1.0
225,2026.08.10 12:22:28,stop_loss,buy,0.01,4340.685,4327.747,4366.561,4327.747,12.938000000000102,-12.938000000000102,-1.0
226,2026.08.10 12:22:28,stop_loss,buy,0.01,4340.782,4327.747,4366.852,4327.747,13.034999999999854,-13.034999999999854,-1.0
227,2026.08.10 12:22:28,stop_loss,buy,0.01,4341.903,4327.747,4370.215,4327.747,14.155999999999949,-14.155999999999949,-1.0
162,2026.08.10 13:57:20,stop_loss,buy,0.01,4336.322,4320.743,4367.48,4320.743,15.578999999999724,-15.578999999999724,-1.0
263,2026.08.11 13:11:19,take_profit,buy,0.02,4389.473,4383.715,4400.989,4400.989,11.515999999999622,23.031999999999243,2.0
261,2026.08.11 13:15:05,stop_loss,buy,0.01,4387.733,4391.96,4416.107,4391.96,4.226999999999862,4.226999999999862,1.0
265,2026.08.11 13:45:11,take_profit,buy,0.02,4390.226,4383.981,4402.716,4402.716,12.489999999999782,24.980000000001382,2.0000000000001457
266,2026.08.11 13:45:11,take_profit,buy,0.02,4390.003,4383.711,4402.587,4402.587,12.583999999998923,25.168000000001484,2.000000000000289
262,2026.08.11 13:48:44,stop_loss,buy,0.01,4396.037,4393.09,4419.355,4393.09,2.9470000000001164,-2.9470000000001164,-1.0
279,2026.08.11 13:53:54,stop_loss,buy,0.01,4399.807,4388.711,4421.999,4388.711,11.095999999999549,-11.095999999999549,-1.0
280,2026.08.11 13:53:54,stop_loss,buy,0.01,4400.044,4388.711,4422.71,4388.711,11.332999999999629,-11.332999999999629,-1.0
271,2026.08.11 13:54:17,stop_loss,buy,0.01,4399.198,4385.576,4426.442,4385.576,13.622000000000298,-13.622000000000298,-1.0
273,2026.08.11 13:54:17,stop_loss,buy,0.01,4394.044,4385.576,4410.98,4385.576,8.467999999999847,-8.467999999999847,-1.0
275,2026.08.11 13:54:17,stop_loss,buy,0.01,4394.404,4385.576,4412.06,4385.576,8.82800000000043,-8.82800000000043,-1.0
276,2026.08.11 13:54:17,stop_loss,buy,0.01,4398.106,4385.576,4423.166,4385.576,12.529999999999747,-12.529999999999747,-1.0
277,2026.08.11 13:54:17,stop_loss,buy,0.01,4398.043,4385.576,4422.977,4385.576,12.466999999999643,-12.466999999999643,-1.0
278,2026.08.11 13:54:24,stop_loss,buy,0.01,4392.591,4385.365,4407.043,4385.365,7.226000000000568,-7.226000000000568,-1.0
264,2026.08.11 14:02:14,stop_loss,buy,0.01,4391.557,4384.378,4405.915,4384.378,7.179000000000088,-7.179000000000088,-1.0
267,2026.08.11 14:02:14,stop_loss,buy,0.01,4397.377,4384.378,4423.375,4384.378,12.999000000000708,-12.999000000000708,-1.0
268,2026.08.11 14:02:14,stop_loss,buy,0.01,4394.14,4384.378,4413.664,4384.378,9.762000000000626,-9.762000000000626,-1.0
269,2026.08.11 14:02:14,stop_loss,buy,0.01,4392.833,4384.378,4409.743,4384.378,8.454999999999927,-8.454999999999927,-1.0
270,2026.08.11 14:02:14,stop_loss,buy,0.01,4393.175,4384.378,4410.769,4384.378,8.79700000000048,-8.79700000000048,-1.0
298,2026.08.12 00:12:26,stop_loss,sell,0.02,4368.902,4373.914,4358.878,4373.914,10.023999999999432,-10.023999999999432,-1.0
299,2026.08.12 00:14:44,stop_loss,sell,0.01,4370.879,4378.273,4356.091,4378.273,7.394000000000232,-7.394000000000232,-1.0
297,2026.08.12 00:14:45,stop_loss,sell,0.01,4371.477,4379.173,4356.085,4379.173,7.695999999999913,-7.695999999999913,-1.0
308,2026.08.12 01:03:46,stop_loss,sell,0.02,4378.187,4384.8,4364.961,4384.8,13.226000000000568,-13.226000000000568,-1.0
303,2026.08.12 01:03:46,stop_loss,sell,0.01,4377.834,4385.268,4362.966,4385.268,7.4340000000001965,-7.4340000000001965,-1.0
305,2026.08.12 01:05:52,stop_loss,sell,0.01,4378.642,4386.254,4363.418,4386.254,7.61200000000008,-7.61200000000008,-1.0
304,2026.08.12 01:06:07,stop_loss,sell,0.01,4379.886,4387.663,4364.332,4387.663,7.776999999999134,-7.776999999999134,-1.0
306,2026.08.12 01:10:03,stop_loss,sell,0.01,4380.625,4387.904,4366.067,4387.904,7.279000000000452,-7.279000000000452,-1.0
307,2026.08.12 01:10:03,stop_loss,sell,0.01,4381.171,4388.071,4367.371,4388.071,6.899999999999637,-6.899999999999637,-1.0
315,2026.08.13 02:33:50,stop_loss,buy,0.01,4413.124,4401.57,4436.232,4401.57,11.554000000000087,-11.554000000000087,-1.0
318,2026.08.13 02:33:50,stop_loss,buy,0.01,4413.138,4401.57,4436.274,4401.57,11.568000000000211,-11.568000000000211,-1.0
319,2026.08.13 02:33:50,stop_loss,buy,0.01,4411.948,4401.57,4432.704,4401.57,10.378000000000611,-10.378000000000611,-1.0
316,2026.08.13 02:36:23,stop_loss,buy,0.01,4408.699,4399.291,4427.515,4399.291,9.407999999999447,-9.407999999999447,-1.0
317,2026.08.13 02:36:24,stop_loss,buy,0.01,4408.282,4398.961,4426.924,4398.961,9.320999999999913,-9.320999999999913,-1.0
320,2026.08.13 04:00:28,stop_loss,buy,0.01,4406.981,4398.171,4424.601,4398.171,8.80999999999949,-8.80999999999949,-1.0
327,2026.08.14 11:39:11,stop_loss,sell,0.01,4351.77,4363.729,4327.852,4363.729,11.958999999999833,-11.958999999999833,-1.0
328,2026.08.14 11:39:11,stop_loss,sell,0.01,4351.176,4363.729,4326.07,4363.729,12.552999999999884,-12.552999999999884,-1.0
329,2026.08.14 11:39:11,stop_loss,sell,0.01,4351.179,4363.729,4326.079,4363.729,12.550000000000184,-12.550000000000184,-1.0
330,2026.08.14 11:39:11,stop_loss,sell,0.01,4355.405,4363.729,4338.757,4363.729,8.324000000000524,-8.324000000000524,-1.0
331,2026.08.14 11:39:11,stop_loss,sell,0.01,4354.035,4363.729,4334.647,4363.729,9.694000000000415,-9.694000000000415,-1.0
332,2026.08.14 11:39:11,stop_loss,sell,0.01,4356.589,4363.729,4342.309,4363.729,7.140000000000328,-7.140000000000328,-1.0
333,2026.08.14 11:50:39,stop_loss,sell,0.03,4361.426,4365.336,4353.606,4365.336,11.729999999999563,-11.729999999999563,-1.0
341,2026.08.17 10:30:56,stop_loss,buy,0.01,4395.471,4399.609,4409.177,4399.609,4.1380000000008295,4.1380000000008295,1.0
342,2026.08.17 12:26:36,stop_loss,buy,0.01,4396.422,4388.618,4412.03,4388.618,7.803999999999178,-7.803999999999178,-1.0
343,2026.08.17 12:26:36,stop_loss,buy,0.01,4399.208,4388.618,4420.388,4388.618,10.589999999999236,-10.589999999999236,-1.0
344,2026.08.17 12:26:36,stop_loss,buy,0.01,4398.387,4388.618,4417.925,4388.618,9.768999999999323,-9.768999999999323,-1.0
345,2026.08.17 12:26:36,stop_loss,buy,0.01,4396.948,4388.618,4413.608,4388.618,8.329999999999927,-8.329999999999927,-1.0
346,2026.08.17 12:26:36,stop_loss,buy,0.01,4397.236,4388.618,4414.472,4388.618,8.617999999999483,-8.617999999999483,-1.0
347,2026.08.17 12:26:36,stop_loss,buy,0.01,4396.546,4388.618,4412.402,4388.618,7.927999999999884,-7.927999999999884,-1.0
348,2026.08.17 12:26:36,stop_loss,buy,0.02,4394.714,4388.618,4406.906,4388.618,12.191999999999098,-12.191999999999098,-1.0
2,2026.08.02 23:20:01,stop_loss,sell,0.02,4075.349,4072.086,4063.273,4072.086,6.526000000000749,6.526000000000749,1.0
8,2026.08.03 00:18:29,take_profit,sell,0.03,4077.825,4081.756,4069.963,4069.963,11.79300000000012,23.585999999998876,1.9999999999998843
3,2026.08.03 00:27:15,take_profit,sell,0.01,4075.012,4068.657,4062.262,4062.262,6.355000000000019,12.75,2.006294256490946
4,2026.08.03 00:27:15,take_profit,sell,0.02,4076.274,4083.31,4062.202,4062.202,14.072000000000118,28.143999999999323,1.9999999999999352
7,2026.08.03 00:37:19,take_profit,sell,0.02,4074.839,4081.61,4061.297,4061.297,13.542000000000371,27.083999999999836,1.9999999999999332
12,2026.08.03 00:37:19,take_profit,sell,0.03,4070.079,4074.607,4061.023,4061.023,13.583999999999378,27.16800000000012,2.0000000000001004
9,2026.08.03 00:47:34,take_profit,sell,0.01,4073.304,4081.61,4056.692,4056.692,8.30600000000004,16.61200000000008,2.0
10,2026.08.03 01:00:19,take_profit,sell,0.01,4071.819,4081.61,4052.237,4052.237,9.791000000000167,19.58199999999988,1.9999999999999536
5,2026.08.03 01:01:38,stop_loss,sell,0.01,4069.097,4059.873,4040.671,4059.873,9.22400000000016,9.22400000000016,1.0
33,2026.08.03 02:47:08,stop_loss,sell,0.02,4055.721,4061.633,4043.897,4061.633,11.823999999999614,-11.823999999999614,-1.0
16,2026.08.03 02:48:31,stop_loss,sell,0.01,4064.439,4062.634,4044.717,4062.634,1.8049999999998363,1.8049999999998363,1.0
28,2026.08.03 02:49:01,stop_loss,sell,0.01,4055.786,4064.446,4038.466,4064.446,8.659999999999854,-8.659999999999854,-1.0
29,2026.08.03 02:49:01,stop_loss,sell,0.01,4055.616,4064.446,4037.956,4064.446,8.829999999999927,-8.829999999999927,-1.0
31,2026.08.03 02:49:01,stop_loss,sell,0.01,4055.331,4064.446,4037.101,4064.446,9.114999999999782,-9.114999999999782,-1.0
27,2026.08.03 02:49:02,stop_loss,sell,0.02,4059.481,4066.12,4046.203,4066.12,13.277999999999338,-13.277999999999338,-1.0
34,2026.08.03 02:49:02,stop_loss,sell,0.01,4057.521,4066.482,4039.599,4066.482,8.960999999999785,-8.960999999999785,-1.0
30,2026.08.03 02:49:02,stop_loss,sell,0.02,4060.495,4066.958,4047.569,4066.958,12.926000000000387,-12.926000000000387,-1.0
32,2026.08.03 02:49:02,stop_loss,sell,0.01,4058.141,4067.221,4039.981,4067.221,9.079999999999927,-9.079999999999927,-1.0
54,2026.08.03 04:07:07,stop_loss,sell,0.02,4060.713,4067.869,4046.401,4067.869,14.3119999999999,-14.3119999999999,-1.0
55,2026.08.03 04:07:20,stop_loss,sell,0.02,4061.528,4068.387,4047.81,4068.387,13.718000000000757,-13.718000000000757,-1.0
53,2026.08.03 04:16:58,stop_loss,sell,0.02,4062.64,4069.84,4048.24,4069.84,14.400000000000546,-14.400000000000546,-1.0
50,2026.08.03 04:21:12,stop_loss,sell,0.01,4062.76,4071.029,4046.222,4071.029,8.268999999999778,-8.268999999999778,-1.0
52,2026.08.03 04:21:12,stop_loss,sell,0.02,4063.269,4070.9,4048.007,4070.9,15.262000000000626,-15.262000000000626,-1.0
59,2026.08.03 04:34:51,stop_loss,sell,0.02,4065.37,4071.396,4053.318,4071.396,12.05200000000059,-12.05200000000059,-1.0
45,2026.08.03 04:36:02,stop_loss,sell,0.01,4062.177,4071.689,4043.153,4071.689,9.511999999999716,-9.511999999999716,-1.0
46,2026.08.03 04:49:06,stop_loss,sell,0.01,4062.585,4071.917,4043.921,4071.917,9.33199999999988,-9.33199999999988,-1.0
51,2026.08.03 04:49:06,stop_loss,sell,0.01,4063.795,4071.972,4047.441,4071.972,8.177000000000135,-8.177000000000135,-1.0
17,2026.08.03 05:25:55,stop_loss,sell,0.01,4064.703,4060.594,4045.509,4060.594,4.108999999999924,4.108999999999924,1.0
56,2026.08.03 09:27:52,take_profit,sell,0.02,4065.977,4072.851,4052.229,4052.229,13.748000000000502,27.49600000000009,1.9999999999999336
49,2026.08.03 09:30:30,take_profit,sell,0.01,4067.487,4075.76,4050.941,4050.941,8.273000000000138,16.546000000000276,2.0
48,2026.08.03 09:32:24,take_profit,sell,0.01,4064.27,4072.646,4047.518,4047.518,8.376000000000204,16.751999999999953,1.9999999999999456
47,2026.08.03 10:52:11,take_profit,sell,0.01,4064.231,4073.278,4046.137,4046.137,9.04699999999957,18.09400000000005,2.0000000000001004
44,2026.08.03 12:40:33,take_profit,sell,0.01,4063.674,4073.317,4044.388,4044.388,9.643000000000029,19.286000000000058,2.0
20,2026.08.03 13:32:53,take_profit,sell,0.01,4059.754,4074.3,4030.662,4030.662,14.546000000000278,29.092000000000102,1.9999999999999687
26,2026.08.03 13:32:53,take_profit,sell,0.01,4059.682,4074.3,4030.446,4030.446,14.618000000000395,29.23599999999988,1.9999999999999378
23,2026.08.03 13:35:34,take_profit,sell,0.01,4058.691,4074.3,4027.473,4027.473,15.609000000000378,31.217999999999847,1.9999999999999418
21,2026.08.03 13:36:27,take_profit,sell,0.01,4058.398,4074.3,4026.594,4026.594,15.902000000000044,31.804000000000087,2.0
77,2026.08.04 00:13:23,stop_loss,buy,0.02,4059.796,4065.046,4075.212,4065.046,10.5,10.5,1.0
78,2026.08.04 00:57:18,stop_loss,buy,0.01,4067.394,4052.088,4098.006,4052.088,15.305999999999587,-15.305999999999587,-1.0
80,2026.08.04 00:57:18,stop_loss,buy,0.01,4064.011,4052.088,4087.857,4052.088,11.922999999999774,-11.922999999999774,-1.0
81,2026.08.04 00:57:18,stop_loss,buy,0.01,4063.18,4052.088,4085.364,4052.088,11.091999999999643,-11.091999999999643,-1.0
82,2026.08.04 00:57:18,stop_loss,buy,0.02,4059.492,4052.088,4074.3,4052.088,14.807999999999993,-14.807999999999993,-1.0
87,2026.08.04 02:38:39,stop_loss,sell,0.02,4056.692,4062.149,4045.778,4062.149,10.91399999999976,-10.91399999999976,-1.0
90,2026.08.04 03:21:13,stop_loss,sell,0.04,4057.833,4061.778,4049.943,4061.778,15.779999999998836,-15.779999999998836,-1.0
89,2026.08.04 04:14:46,stop_loss,sell,0.02,4058.89,4057.017,4047.092,4057.017,3.7460000000000946,3.7460000000000946,1.0
91,2026.08.04 04:33:00,stop_loss,sell,0.02,4058.18,4063.839,4046.862,4063.839,11.318000000000211,-11.318000000000211,-1.0
95,2026.08.05 01:27:40,stop_loss,buy,0.01,4072.522,4082.976,4100.164,4082.976,10.454000000000178,10.454000000000178,1.0
96,2026.08.05 01:55:58,take_profit,buy,0.01,4072.089,4058.701,4098.865,4098.865,13.38799999999992,26.77599999999984,2.0
99,2026.08.06 09:38:19,stop_loss,buy,0.01,4264.655,4276.142,4293.881,4276.142,11.48700000000008,11.48700000000008,1.0
101,2026.08.06 11:53:44,stop_loss,buy,0.01,4268.957,4254.433,4298.005,4254.433,14.524000000000342,-14.524000000000342,-1.0
102,2026.08.06 11:53:44,stop_loss,buy,0.01,4266.354,4254.433,4290.196,4254.433,11.921000000000276,-11.921000000000276,-1.0
103,2026.08.06 11:53:44,stop_loss,buy,0.01,4264.686,4254.433,4285.192,4254.433,10.252999999999702,-10.252999999999702,-1.0
104,2026.08.06 11:53:44,stop_loss,buy,0.02,4262.252,4254.433,4277.89,4254.433,15.63800000000083,-15.63800000000083,-1.0
105,2026.08.06 11:53:44,stop_loss,buy,0.02,4260.796,4254.433,4273.522,4254.433,12.726000000000568,-12.726000000000568,-1.0
106,2026.08.06 12:09:03,stop_loss,buy,0.03,4256.537,4257.922,4266.785,4257.922,4.154999999997926,4.154999999997926,1.0
113,2026.08.06 12:16:46,stop_loss,buy,0.01,4263.334,4254.433,4281.136,4254.433,8.90099999999984,-8.90099999999984,-1.0
112,2026.08.06 12:31:46,take_profit,buy,0.02,4257.025,4251.779,4267.517,4267.517,10.49199999999837,20.98400000000038,2.000000000000347
115,2026.08.06 13:05:37,stop_loss,buy,0.01,4258.013,4246.275,4281.489,4246.275,11.738000000000284,-11.738000000000284,-1.0
119,2026.08.07 00:24:43,take_profit,sell,0.02,4252.394,4245.609,4240.832,4240.832,13.56999999999971,23.123999999999796,1.7040530582166757
120,2026.08.07 00:40:52,take_profit,sell,0.01,4249.795,4258.175,4233.035,4233.035,8.38000000000011,16.76000000000022,2.0
121,2026.08.07 00:41:06,take_profit,sell,0.01,4249.088,4258.175,4230.914,4230.914,9.087000000000444,18.173999999999978,1.9999999999998999
122,2026.08.07 01:44:19,stop_loss,sell,0.01,4244.665,4258.175,4217.645,4258.175,13.510000000000218,-13.510000000000218,-1.0
127,2026.08.07 05:10:41,stop_loss,sell,0.01,4256.74,4268.386,4228.784,4268.386,11.64600000000064,-11.64600000000064,-1.0
128,2026.08.07 05:11:04,stop_loss,sell,0.01,4259.189,4271.089,4235.389,4271.089,11.899999999999636,-11.899999999999636,-1.0
134,2026.08.07 05:32:54,stop_loss,sell,0.02,4264.644,4271.648,4250.636,4271.648,14.007999999999813,-14.007999999999813,-1.0
133,2026.08.07 05:33:17,stop_loss,sell,0.03,4267.779,4272.633,4258.071,4272.633,14.56199999999808,-14.56199999999808,-1.0
129,2026.08.07 05:33:40,stop_loss,sell,0.02,4265.863,4273.402,4250.785,4273.402,15.07799999999952,-15.07799999999952,-1.0
130,2026.08.07 05:33:40,stop_loss,sell,0.01,4262.286,4273.402,4240.054,4273.402,11.115999999999985,-11.115999999999985,-1.0
131,2026.08.07 05:33:40,stop_loss,sell,0.02,4265.799,4273.402,4250.593,4273.402,15.206000000000131,-15.206000000000131,-1.0
132,2026.08.07 05:33:40,stop_loss,sell,0.01,4264.986,4273.402,4248.154,4273.402,8.416000000000167,-8.416000000000167,-1.0
146,2026.08.07 08:01:20,stop_loss,sell,0.01,4285.319,4293.304,4269.349,4293.304,7.984999999999673,-7.984999999999673,-1.0
145,2026.08.07 08:05:31,stop_loss,sell,0.01,4285.207,4294.076,4267.469,4294.076,8.868999999999687,-8.868999999999687,-1.0
144,2026.08.07 08:06:20,stop_loss,sell,0.01,4285.379,4294.358,4267.421,4294.358,8.97900000000027,-8.97900000000027,-1.0
143,2026.08.07 08:12:29,stop_loss,sell,0.01,4287.446,4296.856,4268.626,4296.856,9.409999999999854,-9.409999999999854,-1.0
151,2026.08.10 04:40:20,stop_loss,buy,0.01,4319.501,4331.562,4342.687,4331.562,12.060999999999694,12.060999999999694,1.0
153,2026.08.10 05:40:29,take_profit,buy,0.01,4325.18,4316.19,4343.16,4343.16,8.990000000000691,17.979999999999563,1.9999999999997977
152,2026.08.10 05:47:51,take_profit,buy,0.01,4320.239,4307.908,4344.901,4344.901,12.330999999999221,24.662000000000262,2.0000000000001474
157,2026.08.10 05:47:51,take_profit,buy,0.01,4325.898,4316.19,4345.314,4345.314,9.708000000000538,19.416000000000167,1.9999999999999063
156,2026.08.10 05:51:11,take_profit,buy,0.01,4326.963,4316.19,4348.509,4348.509,10.773000000000138,21.546000000000276,2.0
154,2026.08.10 05:51:23,take_profit,buy,0.01,4327.099,4316.19,4348.917,4348.917,10.90900000000056,21.81800000000021,1.9999999999999167
155,2026.08.10 05:51:23,take_profit,buy,0.01,4327.147,4316.19,4349.061,4349.061,10.957000000000335,21.91399999999976,1.999999999999917
158,2026.08.10 05:51:48,take_profit,buy,0.01,4328.023,4316.19,4351.689,4351.689,11.833000000000538,23.666000000000167,1.9999999999999232
171,2026.08.10 06:43:41,take_profit,buy,0.02,4343.061,4337.35,4354.483,4354.483,11.421999999998661,22.84400000000096,2.0000000000003184
174,2026.08.10 06:43:41,take_profit,buy,0.02,4343.51,4337.586,4355.358,4355.358,11.847999999999956,23.695999999999913,2.0
160,2026.08.10 07:13:24,stop_loss,buy,0.01,4332.353,4351.265,4363.097,4351.265,18.912000000000262,18.912000000000262,1.0
175,2026.08.10 07:39:28,take_profit,buy,0.02,4345.854,4338.801,4359.96,4359.96,14.105999999999769,28.211999999999538,2.0
161,2026.08.10 07:45:15,take_profit,buy,0.01,4333.926,4320.743,4360.292,4360.292,13.182999999999993,26.365999999999985,2.0
172,2026.08.10 07:45:15,take_profit,buy,0.02,4346.201,4338.801,4361.001,4361.001,14.799999999999272,29.600000000000364,2.000000000000123
193,2026.08.10 08:42:20,stop_loss,buy,0.03,4350.824,4346.186,4360.1,4346.186,13.91399999999976,-13.91399999999976,-1.0
194,2026.08.10 08:56:21,stop_loss,buy,0.03,4348.721,4343.991,4358.181,4343.991,14.18999999999869,-14.18999999999869,-1.0
200,2026.08.10 09:30:32,stop_loss,buy,0.03,4347.003,4342.782,4355.445,4342.782,12.662999999998647,-12.662999999998647,-1.0
198,2026.08.10 09:36:21,stop_loss,buy,0.02,4346.653,4340.313,4359.333,4340.313,12.680000000000291,-12.680000000000291,-1.0
186,2026.08.10 10:00:03,stop_loss,buy,0.01,4355.757,4340.195,4386.881,4340.195,15.561999999999898,-15.561999999999898,-1.0
187,2026.08.10 10:00:03,stop_loss,buy,0.01,4355.828,4340.195,4387.094,4340.195,15.633000000000722,-15.633000000000722,-1.0
188,2026.08.10 10:00:03,stop_loss,buy,0.01,4352.793,4340.195,4377.989,4340.195,12.597999999999956,-12.597999999999956,-1.0
189,2026.08.10 10:00:03,stop_loss,buy,0.01,4354.474,4340.195,4383.032,4340.195,14.279000000000453,-14.279000000000453,-1.0
190,2026.08.10 10:00:20,stop_loss,buy,0.01,4355.391,4339.974,4386.225,4339.974,15.416999999999462,-15.416999999999462,-1.0
191,2026.08.10 10:00:20,stop_loss,buy,0.01,4353.301,4339.974,4379.955,4339.974,13.327000000000226,-13.327000000000226,-1.0
192,2026.08.10 10:00:20,stop_loss,buy,0.01,4355.723,4339.974,4387.221,4339.974,15.748999999999796,-15.748999999999796,-1.0
197,2026.08.10 10:00:35,stop_loss,buy,0.02,4346.599,4339.851,4360.095,4339.851,13.496000000001004,-13.496000000001004,-1.0
196,2026.08.10 10:00:35,stop_loss,buy,0.02,4346.724,4339.786,4360.6,4339.786,13.876000000000206,-13.876000000000206,-1.0
170,2026.08.10 10:37:49,stop_loss,buy,0.01,4347.641,4338.801,4365.321,4338.801,8.839999999999236,-8.839999999999236,-1.0
173,2026.08.10 10:37:49,stop_loss,buy,0.01,4347.749,4338.801,4365.645,4338.801,8.94799999999941,-8.94799999999941,-1.0
176,2026.08.10 10:37:49,stop_loss,buy,0.01,4348.523,4338.801,4367.967,4338.801,9.721999999999753,-9.721999999999753,-1.0
177,2026.08.10 10:37:49,stop_loss,buy,0.01,4347.825,4338.801,4365.873,4338.801,9.023999999999432,-9.023999999999432,-1.0
178,2026.08.10 10:37:49,stop_loss,buy,0.01,4349.028,4338.801,4369.482,4338.801,10.226999999999862,-10.226999999999862,-1.0
181,2026.08.10 10:37:49,stop_loss,buy,0.01,4355.366,4338.801,4388.496,4338.801,16.5649999999996,-16.5649999999996,-1.0
201,2026.08.10 10:38:15,stop_loss,buy,0.01,4348.643,4338.344,4369.241,4338.344,10.298999999999978,-10.298999999999978,-1.0
202,2026.08.10 10:38:15,stop_loss,buy,0.01,4347.941,4338.344,4367.135,4338.344,9.596999999999753,-9.596999999999753,-1.0
203,2026.08.10 10:38:15,stop_loss,buy,0.01,4349.849,4338.344,4372.859,4338.344,11.50500000000011,-11.50500000000011,-1.0
204,2026.08.10 10:38:15,stop_loss,buy,0.01,4347.457,4338.344,4365.683,4338.344,9.113000000000284,-9.113000000000284,-1.0
205,2026.08.10 10:38:15,stop_loss,buy,0.01,4348.202,4338.344,4367.918,4338.344,9.858000000000175,-9.858000000000175,-1.0
206,2026.08.10 10:38:15,stop_loss,buy,0.01,4347.294,4338.344,4365.194,4338.344,8.949999999999818,-8.949999999999818,-1.0
228,2026.08.10 11:09:22,stop_loss,buy,0.01,4342.496,4333.585,4360.318,4333.585,8.911000000000058,-8.911000000000058,-1.0
241,2026.08.10 11:09:22,stop_loss,buy,0.02,4339.995,4333.585,4352.815,4333.585,12.819999999999709,-12.819999999999709,-1.0
242,2026.08.10 11:09:22,stop_loss,buy,0.03,4338.34,4333.585,4347.85,4333.585,14.265000000000327,-14.265000000000327,-1.0
208,2026.08.10 11:12:38,stop_loss,buy,0.01,4344.336,4332.664,4367.68,4332.664,11.67200000000048,-11.67200000000048,-1.0
210,2026.08.10 11:12:38,stop_loss,buy,0.01,4342.398,4332.664,4361.866,4332.664,9.734000000000378,-9.734000000000378,-1.0
211,2026.08.10 11:12:38,stop_loss,buy,0.01,4344.469,4332.664,4368.079,4332.664,11.805000000000291,-11.805000000000291,-1.0
212,2026.08.10 11:12:38,stop_loss,buy,0.01,4342.767,4332.664,4362.973,4332.664,10.103000000000065,-10.103000000000065,-1.0
213,2026.08.10 11:12:38,stop_loss,buy,0.01,4342.543,4332.664,4362.301,4332.664,9.878999999999905,-9.878999999999905,-1.0
214,2026.08.10 11:12:38,stop_loss,buy,0.01,4341.23,4332.664,4358.362,4332.664,8.565999999999804,-8.565999999999804,-1.0
243,2026.08.10 11:17:19,stop_loss,buy,0.01,4338.607,4329.569,4356.683,4329.569,9.037999999999556,-9.037999999999556,-1.0
244,2026.08.10 11:17:19,stop_loss,buy,0.01,4338.455,4329.569,4356.227,4329.569,8.885999999999513,-8.885999999999513,-1.0
224,2026.08.10 12:22:28,stop_loss,buy,0.01,4340.803,4327.747,4366.915,4327.747,13.055999999999585,-13.055999999999585,-1.0
225,2026.08.10 12:22:28,stop_loss,buy,0.01,4340.685,4327.747,4366.561,4327.747,12.938000000000102,-12.938000000000102,-1.0
226,2026.08.10 12:22:28,stop_loss,buy,0.01,4340.782,4327.747,4366.852,4327.747,13.034999999999854,-13.034999999999854,-1.0
227,2026.08.10 12:22:28,stop_loss,buy,0.01,4341.903,4327.747,4370.215,4327.747,14.155999999999949,-14.155999999999949,-1.0
162,2026.08.10 13:57:20,stop_loss,buy,0.01,4336.322,4320.743,4367.48,4320.743,15.578999999999724,-15.578999999999724,-1.0
263,2026.08.11 13:11:19,take_profit,buy,0.02,4389.473,4383.715,4400.989,4400.989,11.515999999999622,23.031999999999243,2.0
261,2026.08.11 13:15:05,stop_loss,buy,0.01,4387.733,4391.96,4416.107,4391.96,4.226999999999862,4.226999999999862,1.0
265,2026.08.11 13:45:11,take_profit,buy,0.02,4390.226,4383.981,4402.716,4402.716,12.489999999999782,24.980000000001382,2.0000000000001457
266,2026.08.11 13:45:11,take_profit,buy,0.02,4390.003,4383.711,4402.587,4402.587,12.583999999998923,25.168000000001484,2.000000000000289
262,2026.08.11 13:48:44,stop_loss,buy,0.01,4396.037,4393.09,4419.355,4393.09,2.9470000000001164,-2.9470000000001164,-1.0
279,2026.08.11 13:53:54,stop_loss,buy,0.01,4399.807,4388.711,4421.999,4388.711,11.095999999999549,-11.095999999999549,-1.0
280,2026.08.11 13:53:54,stop_loss,buy,0.01,4400.044,4388.711,4422.71,4388.711,11.332999999999629,-11.332999999999629,-1.0
271,2026.08.11 13:54:17,stop_loss,buy,0.01,4399.198,4385.576,4426.442,4385.576,13.622000000000298,-13.622000000000298,-1.0
273,2026.08.11 13:54:17,stop_loss,buy,0.01,4394.044,4385.576,4410.98,4385.576,8.467999999999847,-8.467999999999847,-1.0
275,2026.08.11 13:54:17,stop_loss,buy,0.01,4394.404,4385.576,4412.06,4385.576,8.82800000000043,-8.82800000000043,-1.0
276,2026.08.11 13:54:17,stop_loss,buy,0.01,4398.106,4385.576,4423.166,4385.576,12.529999999999747,-12.529999999999747,-1.0
277,2026.08.11 13:54:17,stop_loss,buy,0.01,4398.043,4385.576,4422.977,4385.576,12.466999999999643,-12.466999999999643,-1.0
278,2026.08.11 13:54:24,stop_loss,buy,0.01,4392.591,4385.365,4407.043,4385.365,7.226000000000568,-7.226000000000568,-1.0
264,2026.08.11 14:02:14,stop_loss,buy,0.01,4391.557,4384.378,4405.915,4384.378,7.179000000000088,-7.179000000000088,-1.0
267,2026.08.11 14:02:14,stop_loss,buy,0.01,4397.377,4384.378,4423.375,4384.378,12.999000000000708,-12.999000000000708,-1.0
268,2026.08.11 14:02:14,stop_loss,buy,0.01,4394.14,4384.378,4413.664,4384.378,9.762000000000626,-9.762000000000626,-1.0
269,2026.08.11 14:02:14,stop_loss,buy,0.01,4392.833,4384.378,4409.743,4384.378,8.454999999999927,-8.454999999999927,-1.0
270,2026.08.11 14:02:14,stop_loss,buy,0.01,4393.175,4384.378,4410.769,4384.378,8.79700000000048,-8.79700000000048,-1.0
298,2026.08.12 00:12:26,stop_loss,sell,0.02,4368.902,4373.914,4358.878,4373.914,10.023999999999432,-10.023999999999432,-1.0
299,2026.08.12 00:14:44,stop_loss,sell,0.01,4370.879,4378.273,4356.091,4378.273,7.394000000000232,-7.394000000000232,-1.0
297,2026.08.12 00:14:45,stop_loss,sell,0.01,4371.477,4379.173,4356.085,4379.173,7.695999999999913,-7.695999999999913,-1.0
308,2026.08.12 01:03:46,stop_loss,sell,0.02,4378.187,4384.8,4364.961,4384.8,13.226000000000568,-13.226000000000568,-1.0
303,2026.08.12 01:03:46,stop_loss,sell,0.01,4377.834,4385.268,4362.966,4385.268,7.4340000000001965,-7.4340000000001965,-1.0
305,2026.08.12 01:05:52,stop_loss,sell,0.01,4378.642,4386.254,4363.418,4386.254,7.61200000000008,-7.61200000000008,-1.0
304,2026.08.12 01:06:07,stop_loss,sell,0.01,4379.886,4387.663,4364.332,4387.663,7.776999999999134,-7.776999999999134,-1.0
306,2026.08.12 01:10:03,stop_loss,sell,0.01,4380.625,4387.904,4366.067,4387.904,7.279000000000452,-7.279000000000452,-1.0
307,2026.08.12 01:10:03,stop_loss,sell,0.01,4381.171,4388.071,4367.371,4388.071,6.899999999999637,-6.899999999999637,-1.0
315,2026.08.13 02:33:50,stop_loss,buy,0.01,4413.124,4401.57,4436.232,4401.57,11.554000000000087,-11.554000000000087,-1.0
318,2026.08.13 02:33:50,stop_loss,buy,0.01,4413.138,4401.57,4436.274,4401.57,11.568000000000211,-11.568000000000211,-1.0
319,2026.08.13 02:33:50,stop_loss,buy,0.01,4411.948,4401.57,4432.704,4401.57,10.378000000000611,-10.378000000000611,-1.0
316,2026.08.13 02:36:23,stop_loss,buy,0.01,4408.699,4399.291,4427.515,4399.291,9.407999999999447,-9.407999999999447,-1.0
317,2026.08.13 02:36:24,stop_loss,buy,0.01,4408.282,4398.961,4426.924,4398.961,9.320999999999913,-9.320999999999913,-1.0
320,2026.08.13 04:00:28,stop_loss,buy,0.01,4406.981,4398.171,4424.601,4398.171,8.80999999999949,-8.80999999999949,-1.0
327,2026.08.14 11:39:11,stop_loss,sell,0.01,4351.77,4363.729,4327.852,4363.729,11.958999999999833,-11.958999999999833,-1.0
328,2026.08.14 11:39:11,stop_loss,sell,0.01,4351.176,4363.729,4326.07,4363.729,12.552999999999884,-12.552999999999884,-1.0
329,2026.08.14 11:39:11,stop_loss,sell,0.01,4351.179,4363.729,4326.079,4363.729,12.550000000000184,-12.550000000000184,-1.0
330,2026.08.14 11:39:11,stop_loss,sell,0.01,4355.405,4363.729,4338.757,4363.729,8.324000000000524,-8.324000000000524,-1.0
331,2026.08.14 11:39:11,stop_loss,sell,0.01,4354.035,4363.729,4334.647,4363.729,9.694000000000415,-9.694000000000415,-1.0
332,2026.08.14 11:39:11,stop_loss,sell,0.01,4356.589,4363.729,4342.309,4363.729,7.140000000000328,-7.140000000000328,-1.0
333,2026.08.14 11:50:39,stop_loss,sell,0.03,4361.426,4365.336,4353.606,4365.336,11.729999999999563,-11.729999999999563,-1.0
341,2026.08.17 10:30:56,stop_loss,buy,0.01,4395.471,4399.609,4409.177,4399.609,4.1380000000008295,4.1380000000008295,1.0
342,2026.08.17 12:26:36,stop_loss,buy,0.01,4396.422,4388.618,4412.03,4388.618,7.803999999999178,-7.803999999999178,-1.0
343,2026.08.17 12:26:36,stop_loss,buy,0.01,4399.208,4388.618,4420.388,4388.618,10.589999999999236,-10.589999999999236,-1.0
344,2026.08.17 12:26:36,stop_loss,buy,0.01,4398.387,4388.618,4417.925,4388.618,9.768999999999323,-9.768999999999323,-1.0
345,2026.08.17 12:26:36,stop_loss,buy,0.01,4396.948,4388.618,4413.608,4388.618,8.329999999999927,-8.329999999999927,-1.0
346,2026.08.17 12:26:36,stop_loss,buy,0.01,4397.236,4388.618,4414.472,4388.618,8.617999999999483,-8.617999999999483,-1.0
347,2026.08.17 12:26:36,stop_loss,buy,0.01,4396.546,4388.618,4412.402,4388.618,7.927999999999884,-7.927999999999884,-1.0
348,2026.08.17 12:26:36,stop_loss,buy,0.02,4394.714,4388.618,4406.906,4388.618,12.191999999999098,-12.191999999999098,-1.0
3,2026.08.03 11:17:26,stop_loss,buy,0.02,4052.207,4047.13,4062.361,4047.13,10.153999999999542,-10.153999999999542,-1.0
4,2026.08.03 11:21:42,stop_loss,buy,0.04,4050.418,4046.837,4057.58,4046.837,14.324000000000526,-14.324000000000526,-1.0
2,2026.08.03 11:23:05,stop_loss,buy,0.04,4049.241,4046.192,4056.272,4046.192,12.195999999999913,-12.195999999999913,-1.0
8,2026.08.03 11:43:06,take_profit,buy,0.04,4047.975,4049.313,4054.851,4054.851,5.352000000000771,27.504000000000815,5.1390134529142095
9,2026.08.03 11:48:46,take_profit,buy,0.04,4048.785,4045.21,4055.935,4055.935,14.299999999999272,28.600000000000364,2.000000000000127
10,2026.08.03 11:49:55,take_profit,buy,0.03,4051.039,4047.13,4058.707,4058.707,11.727000000000317,23.003999999998996,1.961627014581596
11,2026.08.03 11:49:59,take_profit,buy,0.03,4051.485,4047.13,4060.15,4060.15,13.065000000000055,25.99499999999989,1.9896670493685253
13,2026.08.03 12:32:23,stop_loss,buy,0.02,4053.751,4048.005,4065.243,4048.005,11.49200000000019,-11.49200000000019,-1.0
17,2026.08.03 12:32:23,stop_loss,buy,0.01,4061.42,4048.005,4087.686,4048.005,13.414999999999964,-13.414999999999964,-1.0
18,2026.08.03 12:32:23,stop_loss,buy,0.01,4061.252,4048.005,4087.746,4048.005,13.246999999999845,-13.246999999999845,-1.0
19,2026.08.03 12:32:23,stop_loss,buy,0.01,4062.652,4048.005,4091.946,4048.005,14.646999999999935,-14.646999999999935,-1.0
20,2026.08.03 12:32:23,stop_loss,buy,0.01,4060.993,4048.005,4087.134,4048.005,12.98799999999983,-12.98799999999983,-1.0
21,2026.08.03 12:37:05,stop_loss,buy,0.01,4060.101,4046.77,4086.592,4046.77,13.331000000000131,-13.331000000000131,-1.0
22,2026.08.03 12:37:05,stop_loss,buy,0.01,4056.37,4046.77,4075.201,4046.77,9.599999999999909,-9.599999999999909,-1.0
24,2026.08.03 12:37:05,stop_loss,buy,0.02,4052.954,4046.77,4064.947,4046.77,12.368000000000393,-12.368000000000393,-1.0
23,2026.08.03 12:38:17,stop_loss,buy,0.03,4051.187,4046.405,4061.354,4046.405,14.345999999999092,-14.345999999999092,-1.0
31,2026.08.03 12:38:17,stop_loss,buy,0.02,4051.678,4046.42,4062.35,4046.42,10.515999999999622,-10.515999999999622,-1.0
25,2026.08.03 12:38:26,stop_loss,buy,0.02,4050.92,4045.919,4061.795,4045.919,10.002000000000407,-10.002000000000407,-1.0
38,2026.08.04 11:42:46,stop_loss,buy,0.01,4047.766,4059.989,4073.378,4059.989,12.222999999999956,12.222999999999956,1.0
39,2026.08.04 11:48:01,take_profit,buy,0.01,4047.463,4033.13,4076.129,4076.129,14.333000000000084,28.665999999999713,1.9999999999999682
40,2026.08.04 12:57:07,stop_loss,buy,0.01,4062.756,4073.164,4088.018,4073.164,10.408000000000357,10.408000000000357,1.0
45,2026.08.04 13:23:36,take_profit,buy,0.01,4062.504,4050.125,4087.112,4087.112,12.378999999999905,24.608000000000175,1.9878827045803669
41,2026.08.04 13:23:40,take_profit,buy,0.01,4063.677,4073.463,4090.781,4090.781,9.786000000000058,27.103999999999818,2.7696709585121253
44,2026.08.04 13:23:40,take_profit,buy,0.01,4063.73,4050.125,4090.79,4090.79,13.60500000000002,27.059999999999945,1.9889746416758476
50,2026.08.04 13:23:40,take_profit,buy,0.01,4063.678,4050.125,4090.991,4090.991,13.552999999999885,27.313000000000105,2.0152733712093513
49,2026.08.04 13:48:36,take_profit,buy,0.01,4064.386,4050.125,4092.068,4092.068,14.260999999999967,27.682000000000244,1.9410980997125242
47,2026.08.04 13:49:02,take_profit,buy,0.01,4064.357,4050.125,4093.142,4093.142,14.231999999999973,28.784999999999854,2.02255480607082
48,2026.08.04 17:00:13,take_profit,buy,0.01,4064.877,4050.125,4094.198,4094.198,14.751999999999954,29.320999999999913,1.9875949023861172
58,2026.08.06 09:38:19,stop_loss,buy,0.01,4264.645,4276.142,4293.881,4276.142,11.496999999999389,11.496999999999389,1.0
60,2026.08.06 11:53:44,stop_loss,buy,0.01,4268.957,4254.433,4298.005,4254.433,14.524000000000342,-14.524000000000342,-1.0
61,2026.08.06 11:53:44,stop_loss,buy,0.01,4266.488,4254.433,4290.196,4254.433,12.055000000000291,-12.055000000000291,-1.0
62,2026.08.06 11:53:44,stop_loss,buy,0.01,4264.686,4254.433,4285.192,4254.433,10.252999999999702,-10.252999999999702,-1.0
63,2026.08.06 11:53:44,stop_loss,buy,0.02,4262.252,4254.433,4277.89,4254.433,15.63800000000083,-15.63800000000083,-1.0
64,2026.08.06 11:53:44,stop_loss,buy,0.02,4260.908,4254.433,4273.522,4254.433,12.950000000000728,-12.950000000000728,-1.0
65,2026.08.06 12:09:03,stop_loss,buy,0.03,4256.537,4257.922,4266.785,4257.922,4.154999999997926,4.154999999997926,1.0
72,2026.08.06 12:16:46,stop_loss,buy,0.01,4263.593,4254.433,4281.136,4254.433,9.159999999999854,-9.159999999999854,-1.0
71,2026.08.06 12:31:46,take_profit,buy,0.02,4257.082,4251.779,4267.517,4267.517,10.605999999999767,20.86999999999898,1.9677541014519555
74,2026.08.06 13:05:37,stop_loss,buy,0.01,4258.013,4246.275,4281.489,4246.275,11.738000000000284,-11.738000000000284,-1.0
81,2026.08.07 08:01:20,stop_loss,sell,0.01,4285.319,4293.304,4269.349,4293.304,7.984999999999673,-7.984999999999673,-1.0
80,2026.08.07 08:05:31,stop_loss,sell,0.01,4285.319,4294.076,4267.469,4294.076,8.756999999999607,-8.756999999999607,-1.0
79,2026.08.07 08:06:20,stop_loss,sell,0.01,4285.379,4294.358,4267.421,4294.358,8.97900000000027,-8.97900000000027,-1.0
78,2026.08.07 08:12:29,stop_loss,sell,0.01,4287.446,4296.856,4268.626,4296.856,9.409999999999854,-9.409999999999854,-1.0
82,2026.08.07 08:12:50,stop_loss,sell,0.02,4289.983,4297.661,4274.819,4297.661,15.355999999999767,-15.355999999999767,-1.0
84,2026.08.07 08:13:14,stop_loss,sell,0.02,4292.553,4300.225,4277.209,4300.225,15.34400000000096,-15.34400000000096,-1.0
87,2026.08.07 08:33:51,stop_loss,sell,0.02,4294.412,4301.842,4279.723,4301.842,14.859999999998763,-14.859999999998763,-1.0
95,2026.08.10 08:42:20,stop_loss,buy,0.03,4350.824,4346.186,4360.1,4346.186,13.91399999999976,-13.91399999999976,-1.0
96,2026.08.10 08:56:21,stop_loss,buy,0.03,4348.721,4343.991,4358.181,4343.991,14.18999999999869,-14.18999999999869,-1.0
100,2026.08.10 09:36:21,stop_loss,buy,0.02,4346.653,4340.313,4359.333,4340.313,12.680000000000291,-12.680000000000291,-1.0
92,2026.08.10 10:00:03,stop_loss,buy,0.01,4352.719,4340.195,4377.989,4340.195,12.524000000000344,-12.524000000000344,-1.0
93,2026.08.10 10:00:03,stop_loss,buy,0.01,4354.679,4340.195,4383.032,4340.195,14.48400000000038,-14.48400000000038,-1.0
94,2026.08.10 10:00:20,stop_loss,buy,0.01,4353.301,4339.974,4379.955,4339.974,13.327000000000226,-13.327000000000226,-1.0
99,2026.08.10 10:00:35,stop_loss,buy,0.02,4346.599,4339.851,4360.095,4339.851,13.496000000001004,-13.496000000001004,-1.0
98,2026.08.10 10:00:35,stop_loss,buy,0.02,4346.78,4339.786,4360.6,4339.786,13.987999999999376,-13.987999999999376,-1.0
112,2026.08.11 13:11:19,take_profit,buy,0.02,4389.362,4383.715,4400.989,4400.989,11.293999999999869,23.253999999998996,2.0589693642641462
108,2026.08.11 13:15:05,stop_loss,buy,0.01,4387.861,4391.96,4416.107,4391.96,4.09900000000016,4.09900000000016,1.0
114,2026.08.11 13:45:11,take_profit,buy,0.02,4390.226,4383.981,4402.716,4402.716,12.489999999999782,24.980000000001382,2.0000000000001457
115,2026.08.11 13:45:11,take_profit,buy,0.02,4390.332,4383.711,4402.587,4402.587,13.24200000000019,24.51000000000022,1.8509288627095506
109,2026.08.11 13:48:44,stop_loss,buy,0.01,4387.8,4393.09,4416.842,4393.09,5.289999999999964,5.289999999999964,1.0
120,2026.08.11 13:54:17,stop_loss,buy,0.01,4399.497,4385.576,4426.442,4385.576,13.921000000000278,-13.921000000000278,-1.0
122,2026.08.11 13:54:17,stop_loss,buy,0.01,4393.869,4385.576,4410.98,4385.576,8.292999999999665,-8.292999999999665,-1.0
124,2026.08.11 13:54:17,stop_loss,buy,0.01,4394.404,4385.576,4412.06,4385.576,8.82800000000043,-8.82800000000043,-1.0
125,2026.08.11 13:54:17,stop_loss,buy,0.01,4397.934,4385.576,4423.166,4385.576,12.358000000000175,-12.358000000000175,-1.0
126,2026.08.11 13:54:17,stop_loss,buy,0.01,4398.335,4385.576,4422.977,4385.576,12.759000000000015,-12.759000000000015,-1.0
127,2026.08.11 13:54:24,stop_loss,buy,0.02,4392.66,4385.365,4407.043,4385.365,14.590000000000144,-14.590000000000144,-1.0
111,2026.08.11 14:02:14,stop_loss,buy,0.01,4396.316,4384.378,4419.355,4384.378,11.938000000000102,-11.938000000000102,-1.0
113,2026.08.11 14:02:14,stop_loss,buy,0.02,4391.7,4384.378,4405.915,4384.378,14.644000000000231,-14.644000000000231,-1.0
116,2026.08.11 14:02:14,stop_loss,buy,0.01,4397.325,4384.378,4423.375,4384.378,12.947000000000116,-12.947000000000116,-1.0
117,2026.08.11 14:02:14,stop_loss,buy,0.01,4394.14,4384.378,4413.664,4384.378,9.762000000000626,-9.762000000000626,-1.0
118,2026.08.11 14:02:14,stop_loss,buy,0.01,4392.833,4384.378,4409.743,4384.378,8.454999999999927,-8.454999999999927,-1.0
119,2026.08.11 14:02:14,stop_loss,buy,0.01,4393.239,4384.378,4410.769,4384.378,8.860999999999876,-8.860999999999876,-1.0
110,2026.08.11 15:39:26,stop_loss,buy,0.01,4387.815,4373.546,4416.353,4373.546,14.268999999999323,-14.268999999999323,-1.0
144,2026.08.12 09:27:42,stop_loss,buy,0.01,4401.564,4415.729,4426.602,4415.729,14.164999999999964,14.164999999999964,1.0
147,2026.08.12 18:48:39,take_profit,buy,0.02,4404.282,4397.783,4417.28,4417.28,12.997999999999593,25.995999999999185,2.0
146,2026.08.12 19:49:10,stop_loss,buy,0.01,4398.973,4409.919,4426.385,4409.919,10.945999999999913,10.945999999999913,1.0
155,2026.08.12 22:05:12,stop_loss,buy,0.01,4416.126,4404.546,4439.286,4404.546,11.579999999999927,-11.579999999999927,-1.0
156,2026.08.12 22:05:12,stop_loss,buy,0.01,4416.616,4404.546,4440.756,4404.546,12.069999999999709,-12.069999999999709,-1.0
157,2026.08.12 22:05:12,stop_loss,buy,0.01,4417.487,4404.546,4443.702,4404.546,12.940999999999804,-12.940999999999804,-1.0
158,2026.08.12 22:05:12,stop_loss,buy,0.01,4416.448,4404.546,4440.252,4404.546,11.902000000000044,-11.902000000000044,-1.0
159,2026.08.12 22:05:12,stop_loss,buy,0.01,4416.852,4404.546,4441.464,4404.546,12.305999999999585,-12.305999999999585,-1.0
160,2026.08.12 22:05:12,stop_loss,buy,0.01,4413.771,4404.546,4432.221,4404.546,9.224999999999454,-9.224999999999454,-1.0
161,2026.08.12 22:05:12,stop_loss,buy,0.01,4412.182,4404.546,4427.454,4404.546,7.6359999999995125,-7.6359999999995125,-1.0
162,2026.08.12 22:05:12,stop_loss,buy,0.01,4413.415,4404.546,4431.354,4404.546,8.868999999999687,-8.868999999999687,-1.0
164,2026.08.12 22:05:12,stop_loss,buy,0.02,4410.188,4404.546,4421.295,4404.546,11.28399999999965,-11.28399999999965,-1.0
165,2026.08.12 22:26:15,stop_loss,buy,0.01,4411.435,4400.582,4433.075,4400.582,10.853000000000065,-10.853000000000065,-1.0
148,2026.08.13 00:09:14,take_profit,buy,0.01,4405.882,4415.67,4422.281,4422.281,9.788000000000466,16.399000000000342,1.6754188802615
149,2026.08.13 00:19:31,take_profit,buy,0.01,4408.159,4397.783,4428.911,4428.911,10.375999999999294,20.752000000000407,2.0000000000001754
151,2026.08.13 00:20:26,take_profit,buy,0.01,4408.748,4397.783,4430.738,4430.738,10.964999999999236,21.99000000000069,2.005471956224553
150,2026.08.13 00:23:43,take_profit,buy,0.01,4410.82,4397.783,4436.894,4436.894,13.036999999999352,26.074000000000524,2.0000000000001394
153,2026.08.13 00:34:10,take_profit,buy,0.01,4411.251,4397.783,4438.817,4438.817,13.467999999999847,27.565999999999804,2.0467775467775553
152,2026.08.13 00:34:12,take_profit,buy,0.01,4412.736,4397.783,4441.547,4441.547,14.95299999999952,28.81099999999969,1.9267705477162185
182,2026.08.13 13:34:20,take_profit,sell,0.01,4402.227,4388.111,4377.311,4377.311,14.115999999999987,24.916000000000167,1.7650892604137285
184,2026.08.14 11:39:11,stop_loss,sell,0.01,4351.717,4363.729,4327.852,4363.729,12.012000000000626,-12.012000000000626,-1.0
185,2026.08.14 11:39:11,stop_loss,sell,0.01,4351.176,4363.729,4326.07,4363.729,12.552999999999884,-12.552999999999884,-1.0
186,2026.08.14 11:39:11,stop_loss,sell,0.01,4351.114,4363.729,4326.079,4363.729,12.615000000000693,-12.615000000000693,-1.0
187,2026.08.14 11:39:11,stop_loss,sell,0.01,4349.776,4363.729,4320.94,4363.729,13.95300000000043,-13.95300000000043,-1.0
188,2026.08.14 11:39:11,stop_loss,sell,0.01,4349.136,4363.729,4319.95,4363.729,14.592999999999847,-14.592999999999847,-1.0
189,2026.08.14 11:39:11,stop_loss,sell,0.01,4355.457,4363.729,4338.757,4363.729,8.271999999999935,-8.271999999999935,-1.0
190,2026.08.14 11:39:11,stop_loss,sell,0.01,4354.035,4363.729,4334.647,4363.729,9.694000000000415,-9.694000000000415,-1.0
191,2026.08.14 11:39:11,stop_loss,sell,0.02,4356.589,4363.729,4342.309,4363.729,14.280000000000657,-14.280000000000657,-1.0
200,2026.08.17 10:30:56,stop_loss,buy,0.01,4396.764,4399.576,4424.924,4399.576,2.811999999999898,2.811999999999898,1.0
201,2026.08.17 12:26:36,stop_loss,buy,0.02,4395.661,4388.618,4409.177,4388.618,14.085999999999329,-14.085999999999329,-1.0
202,2026.08.17 12:26:36,stop_loss,buy,0.01,4396.422,4388.618,4412.03,4388.618,7.803999999999178,-7.803999999999178,-1.0
203,2026.08.17 12:26:36,stop_loss,buy,0.01,4399.293,4388.618,4420.388,4388.618,10.674999999999272,-10.674999999999272,-1.0
204,2026.08.17 12:26:36,stop_loss,buy,0.01,4398.323,4388.618,4417.925,4388.618,9.704999999999927,-9.704999999999927,-1.0
205,2026.08.17 12:26:36,stop_loss,buy,0.01,4397.068,4388.618,4413.608,4388.618,8.449999999999818,-8.449999999999818,-1.0
206,2026.08.17 12:26:36,stop_loss,buy,0.01,4397.291,4388.618,4414.472,4388.618,8.672999999999774,-8.672999999999774,-1.0
207,2026.08.17 12:26:36,stop_loss,buy,0.01,4396.634,4388.618,4412.402,4388.618,8.015999999999622,-8.015999999999622,-1.0
208,2026.08.17 12:26:36,stop_loss,buy,0.02,4394.714,4388.618,4406.906,4388.618,12.191999999999098,-12.191999999999098,-1.0
209,2026.08.17 12:42:11,stop_loss,buy,0.01,4393.738,4380.06,4420.896,4380.06,13.677999999999885,-13.677999999999885,-1.0
3,2026.08.03 11:17:26,stop_loss,buy,0.02,4052.207,4047.13,4062.361,4047.13,10.153999999999542,-10.153999999999542,-1.0
4,2026.08.03 11:21:42,stop_loss,buy,0.04,4050.418,4046.837,4057.58,4046.837,14.324000000000526,-14.324000000000526,-1.0
2,2026.08.03 11:23:05,stop_loss,buy,0.04,4049.241,4046.192,4056.272,4046.192,12.195999999999913,-12.195999999999913,-1.0
8,2026.08.03 11:48:46,take_profit,buy,0.04,4048.785,4049.903,4055.935,4055.935,4.471999999999753,28.600000000000364,6.395348837209737
10,2026.08.03 13:32:53,stop_loss,buy,0.01,4039.112,4029.874,4057.588,4029.874,9.238000000000284,-9.238000000000284,-1.0
11,2026.08.03 13:35:34,stop_loss,buy,0.01,4036.94,4027.231,4056.022,4027.231,9.708999999999833,-9.708999999999833,-1.0
12,2026.08.03 13:38:07,stop_loss,buy,0.01,4034.245,4024.963,4054.051,4024.963,9.281999999999698,-9.281999999999698,-1.0
16,2026.08.03 19:21:57,take_profit,buy,0.01,4027.602,4042.133,4050.82,4050.82,14.530999999999949,23.218000000000302,1.5978253389305885
17,2026.08.03 19:24:05,take_profit,buy,0.01,4037.082,4029.27,4052.718,4052.718,7.811999999999898,15.635999999999967,2.001536098310314
20,2026.08.04 11:42:46,stop_loss,buy,0.01,4047.463,4059.989,4076.129,4059.989,12.52599999999984,12.52599999999984,1.0
21,2026.08.04 13:23:37,take_profit,buy,0.01,4062.756,4050.125,4088.018,4088.018,12.630999999999858,25.262000000000175,2.0000000000000364
25,2026.08.10 08:42:20,stop_loss,buy,0.03,4350.824,4346.186,4360.1,4346.186,13.91399999999976,-13.91399999999976,-1.0
26,2026.08.10 08:56:21,stop_loss,buy,0.03,4348.721,4343.991,4358.181,4343.991,14.18999999999869,-14.18999999999869,-1.0
28,2026.08.10 09:36:21,stop_loss,buy,0.02,4346.653,4340.313,4359.333,4340.313,12.680000000000291,-12.680000000000291,-1.0
24,2026.08.10 10:00:20,stop_loss,buy,0.01,4353.301,4339.974,4379.955,4339.974,13.327000000000226,-13.327000000000226,-1.0
30,2026.08.10 10:38:15,stop_loss,buy,0.01,4348.643,4338.344,4369.241,4338.344,10.298999999999978,-10.298999999999978,-1.0
31,2026.08.10 10:38:15,stop_loss,buy,0.01,4347.941,4338.344,4367.135,4338.344,9.596999999999753,-9.596999999999753,-1.0
32,2026.08.10 10:38:15,stop_loss,buy,0.01,4349.849,4338.344,4372.859,4338.344,11.50500000000011,-11.50500000000011,-1.0
33,2026.08.10 10:38:15,stop_loss,buy,0.01,4347.014,4338.344,4365.683,4338.344,8.670000000000073,-8.670000000000073,-1.0
34,2026.08.10 10:38:15,stop_loss,buy,0.01,4348.032,4338.344,4367.918,4338.344,9.688000000000102,-9.688000000000102,-1.0
35,2026.08.10 10:38:15,stop_loss,buy,0.01,4347.06,4338.344,4365.194,4338.344,8.71600000000035,-8.71600000000035,-1.0
51,2026.08.11 15:08:28,stop_loss,buy,0.02,4397.262,4390.578,4410.63,4390.578,13.367999999998576,-13.367999999998576,-1.0
49,2026.08.11 15:17:02,stop_loss,buy,0.01,4395.382,4387.52,4410.734,4387.52,7.861999999999171,-7.861999999999171,-1.0
44,2026.08.11 15:18:36,stop_loss,buy,0.01,4384.669,4385.196,4411.124,4385.196,0.5270000000000437,0.5270000000000437,1.0
50,2026.08.11 15:19:01,stop_loss,buy,0.01,4394.178,4382.923,4416.688,4382.923,11.25500000000011,-11.25500000000011,-1.0
48,2026.08.11 15:34:28,stop_loss,buy,0.01,4393.598,4381.187,4418.42,4381.187,12.411000000000058,-12.411000000000058,-1.0
47,2026.08.11 15:34:28,stop_loss,buy,0.01,4393.633,4380.604,4419.691,4380.604,13.028999999999542,-13.028999999999542,-1.0
46,2026.08.11 15:34:40,stop_loss,buy,0.01,4392.171,4378.73,4419.053,4378.73,13.441000000000713,-13.441000000000713,-1.0
45,2026.08.11 15:34:53,stop_loss,buy,0.01,4390.801,4377.48,4417.443,4377.48,13.32100000000082,-13.32100000000082,-1.0
60,2026.08.12 09:27:42,stop_loss,buy,0.01,4401.564,4415.729,4426.602,4415.729,14.164999999999964,14.164999999999964,1.0
63,2026.08.12 18:48:39,take_profit,buy,0.02,4404.282,4397.783,4417.28,4417.28,12.997999999999593,25.995999999999185,2.0
62,2026.08.12 19:49:10,stop_loss,buy,0.01,4398.973,4409.919,4426.385,4409.919,10.945999999999913,10.945999999999913,1.0
70,2026.08.12 22:05:12,stop_loss,buy,0.01,4416.126,4404.546,4439.286,4404.546,11.579999999999927,-11.579999999999927,-1.0
71,2026.08.12 22:05:12,stop_loss,buy,0.01,4416.616,4404.546,4440.756,4404.546,12.069999999999709,-12.069999999999709,-1.0
72,2026.08.12 22:05:12,stop_loss,buy,0.01,4417.487,4404.546,4443.702,4404.546,12.940999999999804,-12.940999999999804,-1.0
73,2026.08.12 22:05:12,stop_loss,buy,0.01,4416.448,4404.546,4440.252,4404.546,11.902000000000044,-11.902000000000044,-1.0
74,2026.08.12 22:05:12,stop_loss,buy,0.01,4416.852,4404.546,4441.464,4404.546,12.305999999999585,-12.305999999999585,-1.0
75,2026.08.12 22:05:12,stop_loss,buy,0.01,4413.771,4404.546,4432.221,4404.546,9.224999999999454,-9.224999999999454,-1.0
76,2026.08.12 22:05:12,stop_loss,buy,0.01,4412.182,4404.546,4427.454,4404.546,7.6359999999995125,-7.6359999999995125,-1.0
77,2026.08.12 22:05:12,stop_loss,buy,0.01,4413.415,4404.546,4431.354,4404.546,8.868999999999687,-8.868999999999687,-1.0
79,2026.08.12 22:05:12,stop_loss,buy,0.02,4410.188,4404.546,4421.295,4404.546,11.28399999999965,-11.28399999999965,-1.0
80,2026.08.12 22:26:15,stop_loss,buy,0.01,4411.435,4400.582,4433.075,4400.582,10.853000000000065,-10.853000000000065,-1.0
64,2026.08.13 00:09:14,take_profit,buy,0.01,4405.882,4415.67,4422.281,4422.281,9.788000000000466,16.399000000000342,1.6754188802615
65,2026.08.13 00:19:31,take_profit,buy,0.01,4408.159,4397.783,4428.911,4428.911,10.375999999999294,20.752000000000407,2.0000000000001754
67,2026.08.13 00:20:26,take_profit,buy,0.01,4408.748,4397.783,4430.738,4430.738,10.964999999999236,21.99000000000069,2.005471956224553
66,2026.08.13 00:23:43,take_profit,buy,0.01,4410.82,4397.783,4436.894,4436.894,13.036999999999352,26.074000000000524,2.0000000000001394
68,2026.08.13 00:34:10,take_profit,buy,0.01,4411.251,4397.783,4438.817,4438.817,13.467999999999847,27.565999999999804,2.0467775467775553
96,2026.08.14 16:01:31,stop_loss,sell,0.01,4385.1,4395.4,4364.263,4395.4,10.299999999999272,-10.299999999999272,-1.0
100,2026.08.14 18:45:28,take_profit,sell,0.01,4391.918,4401.168,4372.875,4372.875,9.25,19.042999999999665,2.0587027027026665
102,2026.08.14 18:45:40,take_profit,sell,0.01,4390.671,4399.806,4372.401,4372.401,9.134999999999309,18.270000000000437,2.000000000000199
103,2026.08.14 18:45:40,take_profit,sell,0.02,4386.724,4393.842,4372.488,4372.488,14.235999999998967,28.471999999999753,2.000000000000128
104,2026.08.14 18:45:40,take_profit,sell,0.02,4386.309,4393.27,4372.387,4372.387,13.922000000000482,27.844000000000964,2.0
97,2026.08.14 19:52:13,stop_loss,sell,0.01,4387.434,4378.499,4366.279,4378.499,8.9350000000004,8.9350000000004,1.0
99,2026.08.16 23:32:41,take_profit,sell,0.01,4390.456,4400.182,4371.004,4371.004,9.725999999999658,19.452000000000226,2.0000000000000937
98,2026.08.17 00:44:27,stop_loss,sell,0.01,4387.456,4397.816,4366.736,4397.816,10.359999999999673,-10.359999999999673,-1.0
5,2025.10.01 18:00:30,stop_loss,buy,0.01,3871.078,3859.006,3895.222,3859.006,12.072000000000118,-12.072000000000118,-1.0
6,2025.10.01 18:00:30,stop_loss,buy,0.01,3869.5,3859.006,3890.488,3859.006,10.494000000000142,-10.494000000000142,-1.0
7,2025.10.01 18:00:30,stop_loss,buy,0.01,3870.055,3859.006,3892.153,3859.006,11.048999999999978,-11.048999999999978,-1.0
8,2025.10.01 18:00:30,stop_loss,buy,0.01,3870.367,3859.006,3893.089,3859.006,11.361000000000331,-11.361000000000331,-1.0
9,2025.10.01 18:00:30,stop_loss,buy,0.01,3871.554,3859.006,3896.65,3859.006,12.54800000000023,-12.54800000000023,-1.0
2,2025.10.01 18:00:37,stop_loss,buy,0.01,3870.692,3858.56,3894.956,3858.56,12.132000000000062,-12.132000000000062,-1.0
3,2025.10.01 18:00:37,stop_loss,buy,0.01,3870.031,3858.56,3892.973,3858.56,11.471000000000004,-11.471000000000004,-1.0
4,2025.10.01 18:00:37,stop_loss,buy,0.01,3871.021,3858.56,3895.943,3858.56,12.46100000000024,-12.46100000000024,-1.0
18,2025.10.02 08:57:15,stop_loss,sell,0.01,3866.973,3878.806,3843.307,3878.806,11.833000000000084,-11.833000000000084,-1.0
20,2025.10.03 03:43:15,stop_loss,sell,0.01,3856.465,3842.434,3830.439,3842.434,14.030999999999949,14.030999999999949,1.0
23,2025.10.07 09:17:34,take_profit,buy,0.01,3944.284,3936.537,3959.778,3959.778,7.747000000000298,15.493999999999689,1.9999999999998828
24,2025.10.07 09:17:54,take_profit,buy,0.01,3945.334,3937.689,3960.624,3960.624,7.644999999999983,15.289999999999965,2.0
27,2025.10.07 09:24:39,take_profit,buy,0.02,3950.837,3945.056,3962.399,3962.399,11.561999999999898,23.123999999999796,2.0
25,2025.10.07 09:24:39,take_profit,buy,0.01,3946.581,3938.658,3962.427,3962.427,7.92300000000023,15.846000000000004,1.9999999999999425
28,2025.10.07 09:25:41,take_profit,buy,0.02,3952.128,3946.475,3963.434,3963.434,11.306000000000495,22.61200000000008,1.9999999999999196
22,2025.10.07 09:52:28,stop_loss,buy,0.01,3951.5,3956.387,3974.028,3956.387,4.887000000000171,4.887000000000171,1.0
26,2025.10.07 11:44:19,take_profit,buy,0.02,3953.477,3947.904,3964.623,3964.623,11.14599999999973,22.29200000000037,2.0000000000000817
29,2025.10.07 12:43:41,take_profit,buy,0.01,3954.878,3945.753,3973.128,3973.128,9.125,18.25,2.0
37,2025.10.07 13:09:20,take_profit,buy,0.01,3958.457,3945.753,3983.865,3983.865,12.703999999999724,25.4079999999999,2.000000000000036
30,2025.10.07 13:09:42,take_profit,buy,0.01,3958.911,3945.753,3985.227,3985.227,13.157999999999904,26.315999999999807,2.0
33,2025.10.07 15:18:36,take_profit,buy,0.01,3960.314,3945.753,3989.436,3989.436,14.560999999999694,29.1220000000003,2.0000000000000626
40,2025.10.07 23:01:40,take_profit,buy,0.01,3971.234,3960.794,3992.108,3992.108,10.440000000000055,20.87400000000025,1.9994252873563354
46,2025.10.09 12:54:40,stop_loss,sell,0.01,4035.988,4049.983,4007.998,4049.983,13.995000000000346,-13.995000000000346,-1.0
48,2025.10.10 16:06:39,stop_loss,buy,0.01,3996.314,3984.438,4020.03,3984.438,11.875999999999749,-11.875999999999749,-1.0
50,2025.10.10 16:19:41,stop_loss,buy,0.01,3990.343,3978.223,4014.628,3978.223,12.11999999999989,-12.11999999999989,-1.0
51,2025.10.10 16:19:42,stop_loss,buy,0.01,3990.178,3977.827,4014.946,3977.827,12.350999999999658,-12.350999999999658,-1.0
54,2025.10.10 17:02:39,stop_loss,buy,0.01,3987.958,3975.963,4011.948,3975.963,11.99499999999989,-11.99499999999989,-1.0
57,2025.10.10 18:14:38,take_profit,buy,0.01,3976.393,3966.466,3996.286,3996.286,9.927000000000135,19.89300000000003,2.0039286793592987
56,2025.10.10 18:21:16,take_profit,buy,0.01,3980.637,3986.661,4000.603,4000.603,6.023999999999887,19.965999999999894,3.314409030544533
58,2025.10.10 18:21:40,take_profit,buy,0.01,3982.356,3972.483,4002.102,4002.102,9.873000000000047,19.74599999999964,1.999999999999954
59,2025.10.10 18:22:38,take_profit,buy,0.01,3984.195,3974.287,4004.011,4004.011,9.908000000000357,19.815999999999804,1.9999999999999083
60,2025.10.10 18:23:41,take_profit,buy,0.01,3986.433,3975.35,4008.599,4008.599,11.083000000000084,22.166000000000167,2.0
66,2025.10.14 13:00:30,stop_loss,buy,0.01,4110.78,4102.222,4127.851,4102.222,8.557999999999993,-8.557999999999993,-1.0
67,2025.10.14 13:00:30,stop_loss,buy,0.02,4109.749,4102.222,4124.803,4102.222,15.054000000000087,-15.054000000000087,-1.0
68,2025.10.14 13:00:30,stop_loss,buy,0.02,4109.098,4102.222,4122.817,4102.222,13.752000000000407,-13.752000000000407,-1.0
69,2025.10.14 13:00:39,stop_loss,buy,0.02,4107.193,4100.396,4120.787,4100.396,13.59400000000096,-13.59400000000096,-1.0
83,2025.10.14 19:36:20,stop_loss,buy,0.02,4150.12,4142.621,4165.118,4142.621,14.997999999999593,-14.997999999999593,-1.0
84,2025.10.14 19:36:20,stop_loss,buy,0.02,4148.414,4142.621,4160.0,4142.621,11.58599999999933,-11.58599999999933,-1.0
85,2025.10.14 19:36:20,stop_loss,buy,0.01,4150.698,4142.621,4166.852,4142.621,8.077000000000226,-8.077000000000226,-1.0
78,2025.10.14 19:36:42,stop_loss,buy,0.02,4145.715,4138.181,4160.783,4138.181,15.068000000001122,-15.068000000001122,-1.0
79,2025.10.14 19:36:42,stop_loss,buy,0.02,4145.994,4138.181,4161.62,4138.181,15.626000000000204,-15.626000000000204,-1.0
80,2025.10.14 19:36:42,stop_loss,buy,0.01,4146.169,4138.181,4162.145,4138.181,7.988000000000284,-7.988000000000284,-1.0
81,2025.10.14 19:36:42,stop_loss,buy,0.01,4147.361,4138.181,4165.721,4138.181,9.180000000000291,-9.180000000000291,-1.0
82,2025.10.14 19:36:42,stop_loss,buy,0.01,4148.603,4138.181,4169.447,4138.181,10.42200000000048,-10.42200000000048,-1.0
74,2025.10.14 22:22:38,stop_loss,buy,0.01,4145.409,4158.336,4171.969,4158.336,12.927000000000591,12.927000000000591,1.0
77,2025.10.15 01:02:42,take_profit,buy,0.01,4144.702,4132.129,4169.848,4169.848,12.57300000000032,25.14599999999973,1.9999999999999276
75,2025.10.15 01:05:21,take_profit,buy,0.01,4146.44,4132.129,4175.062,4175.062,14.310999999999693,28.6220000000003,2.000000000000064
76,2025.10.15 01:07:31,take_profit,buy,0.01,4147.776,4132.129,4179.07,4179.07,15.646999999999936,31.293999999999873,2.0
99,2025.10.24 20:00:41,take_profit,sell,0.02,4114.599,4120.757,4102.283,4102.283,12.315999999998894,24.631999999999607,2.000000000000148
100,2025.10.24 20:01:30,take_profit,sell,0.02,4114.238,4120.286,4102.142,4102.142,12.095999999999549,24.192000000000917,2.0000000000001505
98,2025.10.24 20:11:42,take_profit,sell,0.01,4110.857,4106.587,4096.775,4096.775,4.269999999999527,14.082000000000336,3.2978922716632075
105,2025.10.27 07:10:40,stop_loss,buy,0.02,4078.447,4071.562,4092.217,4071.562,13.770000000000437,-13.770000000000437,-1.0
108,2025.10.27 07:28:02,stop_loss,buy,0.02,4073.243,4066.389,4086.951,4066.389,13.707999999999629,-13.707999999999629,-1.0
107,2025.10.27 07:56:38,stop_loss,buy,0.02,4071.8,4064.702,4085.996,4064.702,14.195999999999914,-14.195999999999914,-1.0
112,2025.10.27 08:21:31,stop_loss,buy,0.02,4070.341,4063.37,4084.283,4063.37,13.942000000000007,-13.942000000000007,-1.0
109,2025.10.27 08:21:40,stop_loss,buy,0.02,4069.302,4062.668,4082.57,4062.668,13.268000000000029,-13.268000000000029,-1.0
113,2025.10.27 08:22:04,stop_loss,buy,0.02,4068.885,4062.099,4082.457,4062.099,13.572000000000116,-13.572000000000116,-1.0
111,2025.10.27 08:22:14,stop_loss,buy,0.02,4068.55,4061.605,4082.44,4061.605,13.890000000000327,-13.890000000000327,-1.0
120,2025.10.31 12:47:39,take_profit,buy,0.01,4017.99,4010.06,4033.85,4033.85,7.929999999999835,15.860000000000127,2.0000000000000577
119,2025.10.31 12:47:40,take_profit,buy,0.01,4007.92,4026.145,4034.271,4034.271,18.22499999999991,26.351000000000113,1.44587105624144
124,2025.10.31 13:32:40,stop_loss,buy,0.01,4029.406,4020.226,4047.766,4020.226,9.179999999999836,-9.179999999999836,-1.0
125,2025.10.31 13:32:40,stop_loss,buy,0.01,4031.385,4020.226,4053.703,4020.226,11.159000000000106,-11.159000000000106,-1.0
126,2025.10.31 13:32:40,stop_loss,buy,0.01,4029.293,4020.226,4047.427,4020.226,9.067000000000007,-9.067000000000007,-1.0
121,2025.10.31 13:37:40,stop_loss,buy,0.02,4026.362,4018.802,4041.482,4018.802,15.119999999999893,-15.119999999999893,-1.0
127,2025.10.31 13:39:15,stop_loss,buy,0.01,4026.923,4016.379,4047.963,4016.379,10.543999999999869,-10.543999999999869,-1.0
133,2025.11.03 09:09:37,stop_loss,sell,0.01,4014.604,4025.793,3992.226,4025.793,11.189000000000306,-11.189000000000306,-1.0
135,2025.11.03 12:34:30,stop_loss,sell,0.02,4003.882,4010.088,3991.47,4010.088,12.412000000000262,-12.412000000000262,-1.0
136,2025.11.03 12:48:29,stop_loss,sell,0.02,4005.091,4011.376,3992.521,4011.376,12.57000000000062,-12.57000000000062,-1.0
137,2025.11.03 12:48:42,stop_loss,sell,0.02,4006.819,4012.992,3994.473,4012.992,12.346000000000458,-12.346000000000458,-1.0
141,2025.11.03 14:33:04,take_profit,sell,0.02,4016.449,4010.411,4002.969,4002.969,12.076000000000022,26.96000000000004,2.232527326929446
143,2025.11.06 14:41:42,stop_loss,buy,0.01,3995.276,3995.165,4022.66,3995.165,0.11099999999987631,-0.11099999999987631,-1.0
144,2025.11.06 15:03:14,stop_loss,buy,0.01,3992.018,3981.584,4012.916,3981.584,10.434000000000196,-10.434000000000196,-1.0
146,2025.11.06 15:03:14,stop_loss,buy,0.01,3996.254,3981.56,4025.642,3981.56,14.69399999999996,-14.69399999999996,-1.0
149,2025.11.06 17:23:30,stop_loss,buy,0.01,3983.703,3969.492,4012.125,3969.492,14.210999999999785,-14.210999999999785,-1.0
151,2025.11.07 06:50:21,take_profit,buy,0.01,3977.917,3964.543,4004.665,4004.665,13.373999999999796,26.74800000000005,2.000000000000034
150,2025.11.07 06:53:32,take_profit,buy,0.01,3978.925,3964.543,4007.689,4007.689,14.382000000000062,28.76399999999967,1.9999999999999685
155,2025.11.12 14:33:42,stop_loss,buy,0.02,4133.018,4127.151,4144.752,4127.151,11.734000000000378,-11.734000000000378,-1.0
156,2025.11.12 14:33:42,stop_loss,buy,0.02,4132.771,4127.011,4144.291,4127.011,11.519999999998618,-11.519999999998618,-1.0
159,2025.11.12 15:09:42,take_profit,buy,0.01,4127.609,4135.845,4144.661,4144.661,8.235999999999876,17.05199999999968,2.07042253521126
160,2025.11.12 15:11:30,take_profit,buy,0.01,4135.777,4125.704,4155.965,4155.965,10.07300000000032,20.188000000000102,2.0041695621959157
161,2025.11.12 15:11:39,take_profit,buy,0.01,4136.396,4125.704,4157.78,4157.78,10.692000000000007,21.384000000000015,2.0
162,2025.11.12 15:11:42,take_profit,buy,0.01,4136.807,4125.704,4159.013,4159.013,11.103000000000065,22.20600000000013,2.0
167,2025.11.13 18:31:18,stop_loss,buy,0.01,4197.788,4186.573,4220.215,4186.573,11.214999999999236,-11.214999999999236,-1.0
168,2025.11.13 18:31:21,stop_loss,buy,0.01,4198.695,4183.505,4229.075,4183.505,15.189999999999602,-15.189999999999602,-1.0
171,2025.11.17 13:08:40,stop_loss,buy,0.01,4080.316,4083.463,4097.574,4083.463,3.1470000000003893,3.1470000000003893,1.0
172,2025.11.17 13:09:41,stop_loss,buy,0.02,4087.477,4081.863,4098.705,4081.863,11.228000000000065,-11.228000000000065,-1.0
175,2025.11.18 14:57:39,stop_loss,sell,0.01,4068.976,4070.691,4042.154,4070.691,1.7149999999996908,-1.7149999999996908,-1.0
176,2025.11.18 15:50:41,take_profit,sell,0.01,4077.634,4090.857,4051.218,4051.218,13.222999999999956,26.416000000000167,1.9977312258942943
178,2025.11.18 15:51:02,take_profit,sell,0.01,4074.894,4087.015,4050.646,4050.646,12.121000000000095,24.247999999999593,2.0004950086626025
177,2025.11.18 16:02:39,take_profit,sell,0.01,4073.305,4086.322,4047.235,4047.235,13.017000000000282,26.06999999999971,2.002765614196754
179,2025.11.18 17:40:39,stop_loss,sell,0.01,4061.53,4073.841,4036.98,4073.841,12.310999999999694,-12.310999999999694,-1.0
184,2025.11.18 17:43:32,stop_loss,sell,0.01,4066.154,4075.12,4048.222,4075.12,8.965999999999894,-8.965999999999894,-1.0
185,2025.11.18 18:39:41,stop_loss,sell,0.01,4070.54,4072.172,4052.678,4072.172,1.6320000000000618,-1.6320000000000618,-1.0
191,2025.11.18 19:13:31,stop_loss,sell,0.01,4069.435,4077.936,4052.433,4077.936,8.501000000000204,-8.501000000000204,-1.0
190,2025.11.18 19:18:36,stop_loss,sell,0.01,4071.481,4080.045,4054.353,4080.045,8.56399999999985,-8.56399999999985,-1.0
189,2025.11.18 19:58:35,stop_loss,sell,0.01,4072.742,4081.568,4055.09,4081.568,8.826000000000022,-8.826000000000022,-1.0
188,2025.11.18 19:58:39,stop_loss,sell,0.01,4073.099,4082.079,4055.139,4082.079,8.980000000000018,-8.980000000000018,-1.0
197,2025.11.25 18:59:32,stop_loss,buy,0.02,4139.605,4134.168,4150.479,4134.168,10.873999999999796,-10.873999999999796,-1.0
200,2025.11.26 18:45:38,stop_loss,buy,0.04,4162.122,4158.428,4169.51,4158.428,14.77600000000166,-14.77600000000166,-1.0
203,2025.11.26 19:21:29,take_profit,buy,0.03,4160.764,4156.723,4168.846,4168.846,12.123000000000502,24.245999999998276,1.9999999999997748
199,2025.11.26 19:21:40,take_profit,buy,0.03,4159.899,4164.677,4169.509,4169.509,14.333999999998012,28.829999999999018,2.0113017999164935
205,2025.11.27 01:05:31,stop_loss,buy,0.03,4164.816,4160.35,4173.748,4160.35,13.39799999999832,-13.39799999999832,-1.0
206,2025.11.27 01:05:31,stop_loss,buy,0.02,4166.931,4160.35,4180.093,4160.35,13.161999999998445,-13.161999999998445,-1.0
207,2025.11.27 01:05:31,stop_loss,buy,0.02,4167.565,4160.35,4181.995,4160.35,14.429999999998472,-14.429999999998472,-1.0
204,2025.11.27 01:05:42,stop_loss,buy,0.03,4163.341,4159.169,4171.685,4159.169,12.51600000000144,-12.51600000000144,-1.0
201,2025.11.27 01:16:42,stop_loss,buy,0.02,4159.542,4153.734,4171.158,4153.734,11.615999999999985,-11.615999999999985,-1.0
215,2025.11.28 10:33:29,stop_loss,buy,0.01,4162.27,4165.095,4179.857,4165.095,2.824999999999818,2.824999999999818,1.0
216,2025.11.28 11:54:39,stop_loss,buy,0.01,4166.222,4172.619,4189.077,4172.619,6.3969999999999345,6.3969999999999345,1.0
220,2025.11.28 14:00:36,take_profit,buy,0.01,4163.865,4152.732,4186.131,4186.131,11.13299999999981,22.26600000000053,2.0000000000000817
221,2025.11.28 14:00:37,take_profit,buy,0.01,4163.966,4152.732,4186.434,4186.434,11.234000000000378,22.467999999999847,1.999999999999919
217,2025.11.28 14:00:40,take_profit,buy,0.01,4161.768,4182.276,4187.002,4187.002,20.50799999999981,25.23400000000038,1.2304466549639463
219,2025.11.28 14:12:15,take_profit,buy,0.01,4165.54,4152.732,4191.156,4191.156,12.807999999999991,25.615999999999982,2.0
226,2025.11.28 14:22:40,take_profit,buy,0.01,4171.509,4158.35,4197.827,4197.827,13.15899999999965,26.318000000000215,2.0000000000000693
225,2025.11.28 14:23:31,take_profit,buy,0.01,4171.987,4158.35,4199.261,4199.261,13.636999999999716,27.274000000000342,2.0000000000000666
224,2025.11.28 14:23:40,take_profit,buy,0.01,4172.14,4158.35,4199.72,4199.72,13.789999999999964,27.579999999999927,2.0
227,2025.11.28 14:23:40,take_profit,buy,0.01,4169.675,4154.656,4199.713,4199.713,15.019000000000233,30.03799999999956,1.9999999999999396
222,2025.11.28 14:40:17,take_profit,buy,0.01,4173.398,4158.35,4203.494,4203.494,15.047999999999776,30.095999999999552,2.0
237,2025.11.28 19:16:27,stop_loss,buy,0.01,4199.709,4217.034,4232.949,4217.034,17.324999999999818,17.324999999999818,1.0
239,2025.12.01 19:43:25,stop_loss,buy,0.03,4238.913,4237.192,4248.689,4237.192,5.162999999998647,-5.162999999998647,-1.0
240,2025.12.01 19:44:53,stop_loss,buy,0.02,4240.419,4234.282,4252.693,4234.282,12.273999999999432,-12.273999999999432,-1.0
241,2025.12.01 19:45:41,stop_loss,buy,0.03,4237.853,4232.55,4248.459,4232.55,15.90899999999965,-15.90899999999965,-1.0
242,2025.12.01 19:45:41,stop_loss,buy,0.03,4237.873,4232.55,4248.519,4232.55,15.968999999998232,-15.968999999998232,-1.0
243,2025.12.01 19:45:41,stop_loss,buy,0.02,4238.802,4232.55,4251.306,4232.55,12.503999999998996,-12.503999999998996,-1.0
244,2025.12.01 19:45:41,stop_loss,buy,0.01,4241.759,4232.55,4260.177,4232.55,9.208999999999833,-9.208999999999833,-1.0
245,2025.12.01 19:45:41,stop_loss,buy,0.02,4239.865,4232.55,4254.495,4232.55,14.6299999999992,-14.6299999999992,-1.0
246,2025.12.01 19:45:41,stop_loss,buy,0.01,4241.765,4232.55,4260.195,4232.55,9.215000000000146,-9.215000000000146,-1.0
255,2025.12.05 14:57:05,stop_loss,buy,0.01,4223.536,4240.938,4255.744,4240.938,17.402000000000044,17.402000000000044,1.0
258,2025.12.07 23:10:03,stop_loss,buy,0.01,4212.607,4196.76,4244.301,4196.76,15.846999999999753,-15.846999999999753,-1.0
259,2025.12.07 23:10:03,stop_loss,buy,0.01,4212.766,4196.76,4244.778,4196.76,16.005999999999403,-16.005999999999403,-1.0
260,2025.12.07 23:10:03,stop_loss,buy,0.01,4212.071,4196.76,4242.693,4196.76,15.310999999999694,-15.310999999999694,-1.0
261,2025.12.07 23:10:03,stop_loss,buy,0.01,4210.676,4196.713,4238.602,4196.713,13.963000000000648,-13.963000000000648,-1.0
262,2025.12.07 23:10:03,stop_loss,buy,0.01,4209.029,4196.713,4233.661,4196.713,12.316000000000713,-12.316000000000713,-1.0
263,2025.12.07 23:10:03,stop_loss,buy,0.01,4209.381,4196.713,4234.717,4196.713,12.668000000000577,-12.668000000000577,-1.0
257,2025.12.07 23:10:05,stop_loss,buy,0.01,4210.895,4194.824,4243.037,4194.824,16.071000000000822,-16.071000000000822,-1.0
272,2025.12.09 12:50:36,stop_loss,sell,0.03,4202.567,4207.159,4193.383,4207.159,13.77599999999893,-13.77599999999893,-1.0
271,2025.12.09 13:44:40,stop_loss,sell,0.01,4203.659,4200.87,4187.455,4200.87,2.78899999999976,2.78899999999976,1.0
276,2025.12.09 14:11:42,stop_loss,buy,0.01,4200.705,4190.686,4220.743,4190.686,10.019000000000233,-10.019000000000233,-1.0
277,2025.12.09 14:11:42,stop_loss,buy,0.01,4200.272,4190.686,4219.444,4190.686,9.58600000000024,-9.58600000000024,-1.0
274,2025.12.09 14:12:04,take_profit,sell,0.02,4201.948,4197.253,4190.144,4190.144,9.390000000001237,23.608000000000175,2.514164004259538
281,2025.12.09 16:19:04,stop_loss,buy,0.01,4200.875,4212.013,4223.061,4212.013,11.13799999999992,11.13799999999992,1.0
283,2025.12.09 20:25:38,stop_loss,buy,0.01,4204.926,4209.528,4227.348,4209.528,4.601999999999862,4.601999999999862,1.0
287,2025.12.10 09:46:39,stop_loss,buy,0.01,4205.85,4193.846,4229.858,4193.846,12.004000000000815,-12.004000000000815,-1.0
288,2025.12.10 09:46:39,stop_loss,buy,0.01,4203.136,4193.846,4221.716,4193.846,9.290000000000873,-9.290000000000873,-1.0
289,2025.12.10 09:46:39,stop_loss,buy,0.01,4202.878,4193.846,4220.942,4193.846,9.032000000000153,-9.032000000000153,-1.0
290,2025.12.10 09:46:39,stop_loss,buy,0.01,4203.421,4193.846,4222.571,4193.846,9.575000000000728,-9.575000000000728,-1.0
291,2025.12.10 09:46:39,stop_loss,buy,0.01,4206.489,4193.846,4231.775,4193.846,12.643000000000029,-12.643000000000029,-1.0
284,2025.12.10 09:46:40,stop_loss,buy,0.01,4206.474,4193.715,4231.992,4193.715,12.759000000000015,-12.759000000000015,-1.0
285,2025.12.10 09:46:40,stop_loss,buy,0.01,4207.36,4193.715,4234.65,4193.715,13.644999999999527,-13.644999999999527,-1.0
286,2025.12.10 09:46:40,stop_loss,buy,0.01,4206.837,4193.715,4233.081,4193.715,13.122000000000297,-13.122000000000297,-1.0
292,2025.12.10 09:46:40,stop_loss,buy,0.01,4208.552,4193.637,4238.382,4193.637,14.914999999999964,-14.914999999999964,-1.0
293,2025.12.10 09:46:40,stop_loss,buy,0.01,4209.152,4193.637,4240.182,4193.637,15.51500000000033,-15.51500000000033,-1.0
294,2025.12.10 09:46:40,stop_loss,buy,0.01,4209.46,4193.637,4241.106,4193.637,15.82300000000032,-15.82300000000032,-1.0
295,2025.12.10 09:46:40,stop_loss,buy,0.01,4208.293,4193.637,4237.605,4193.637,14.655999999999949,-14.655999999999949,-1.0
313,2025.12.15 08:48:38,take_profit,buy,0.02,4336.326,4330.682,4347.614,4347.614,11.288000000000466,22.575999999999112,1.9999999999998388
309,2025.12.15 09:08:40,stop_loss,buy,0.01,4343.463,4344.047,4365.991,4344.047,0.5839999999998327,0.5839999999998327,1.0
319,2025.12.15 09:14:36,take_profit,buy,0.04,4341.922,4338.199,4349.368,4349.368,14.891999999999825,29.784000000003292,2.0000000000002447
321,2025.12.15 09:15:03,take_profit,buy,0.04,4342.212,4338.451,4349.734,4349.734,15.04400000000169,30.087999999999738,1.999999999999758
322,2025.12.15 09:15:15,take_profit,buy,0.04,4342.842,4339.139,4350.248,4350.248,14.81199999999808,29.623999999999796,2.0000000000002456
323,2025.12.15 10:00:38,stop_loss,buy,0.03,4346.091,4341.017,4356.239,4341.017,15.22200000000157,-15.22200000000157,-1.0
320,2025.12.15 10:31:40,stop_loss,buy,0.04,4343.038,4339.252,4350.61,4339.252,15.143999999996597,-15.143999999996597,-1.0
331,2025.12.15 12:30:01,stop_loss,sell,0.03,4342.712,4346.715,4334.706,4346.715,12.008999999999105,-12.008999999999105,-1.0
332,2025.12.15 12:30:15,stop_loss,sell,0.03,4343.487,4347.408,4335.645,4347.408,11.763000000000828,-11.763000000000828,-1.0
333,2025.12.15 12:34:39,stop_loss,sell,0.04,4344.633,4348.327,4337.245,4348.327,14.77600000000166,-14.77600000000166,-1.0
310,2025.12.15 12:49:27,stop_loss,buy,0.01,4343.45,4344.357,4368.986,4344.357,0.9070000000001528,0.9070000000001528,1.0
337,2025.12.15 13:04:59,take_profit,sell,0.04,4347.661,4351.193,4340.597,4340.597,14.128000000000613,28.256000000001226,2.0
341,2025.12.15 13:05:38,take_profit,sell,0.04,4346.176,4349.925,4338.678,4338.678,14.995999999999185,29.99200000000201,2.000000000000243
338,2025.12.15 13:05:41,take_profit,sell,0.04,4345.525,4349.19,4338.195,4338.195,14.659999999999854,29.31999999999971,2.0
342,2025.12.15 13:05:42,take_profit,sell,0.04,4345.644,4349.486,4337.936,4337.936,15.367999999998574,30.832000000002154,2.0062467464865312
340,2025.12.15 13:06:38,take_profit,sell,0.04,4344.653,4348.331,4337.297,4337.297,14.711999999999534,29.42400000000271,2.0000000000002474
349,2025.12.15 13:20:14,stop_loss,sell,0.02,4335.908,4341.207,4325.31,4341.207,10.597999999999956,-10.597999999999956,-1.0
311,2025.12.15 13:35:27,stop_loss,buy,0.01,4344.198,4336.647,4371.23,4336.647,7.551000000000386,-7.551000000000386,-1.0
351,2025.12.15 13:49:27,stop_loss,sell,0.02,4337.831,4343.737,4326.019,4343.737,11.811999999999898,-11.811999999999898,-1.0
344,2025.12.15 13:49:41,stop_loss,sell,0.03,4340.489,4344.692,4332.083,4344.692,12.609000000001288,-12.609000000001288,-1.0
312,2025.12.15 14:00:31,stop_loss,buy,0.01,4341.457,4330.682,4363.007,4330.682,10.775000000000546,-10.775000000000546,-1.0
314,2025.12.15 14:00:31,stop_loss,buy,0.01,4339.94,4330.682,4358.456,4330.682,9.25799999999981,-9.25799999999981,-1.0
315,2025.12.15 14:00:31,stop_loss,buy,0.01,4340.955,4330.682,4361.501,4330.682,10.273000000000138,-10.273000000000138,-1.0
316,2025.12.15 14:00:31,stop_loss,buy,0.01,4340.599,4330.682,4360.433,4330.682,9.917000000000371,-9.917000000000371,-1.0
317,2025.12.15 14:00:31,stop_loss,buy,0.01,4339.481,4330.682,4357.079,4330.682,8.798999999999978,-8.798999999999978,-1.0
318,2025.12.15 14:00:31,stop_loss,buy,0.01,4340.979,4330.682,4361.573,4330.682,10.29700000000048,-10.29700000000048,-1.0
361,2025.12.17 13:29:41,stop_loss,buy,0.01,4316.066,4327.611,4340.336,4327.611,11.545000000000073,11.545000000000073,1.0
362,2025.12.17 13:58:32,take_profit,buy,0.01,4316.784,4303.931,4342.49,4342.49,12.853000000000064,25.706000000000127,2.0
364,2025.12.17 14:00:40,take_profit,buy,0.01,4317.587,4303.931,4344.899,4344.899,13.656000000000859,27.311999999999898,1.9999999999998668
363,2025.12.18 16:10:40,take_profit,buy,0.01,4319.382,4303.931,4350.284,4350.284,15.451000000000024,30.902000000000047,2.0
369,2025.12.19 12:04:38,stop_loss,buy,0.04,4328.746,4324.939,4336.36,4324.939,15.227999999999156,-15.227999999999156,-1.0
371,2025.12.19 14:47:17,stop_loss,buy,0.01,4330.855,4322.728,4347.109,4322.728,8.126999999999498,-8.126999999999498,-1.0
385,2025.12.23 16:31:41,stop_loss,buy,0.02,4463.049,4456.333,4476.481,4456.333,13.432000000000698,-13.432000000000698,-1.0
375,2025.12.23 16:50:38,take_profit,buy,0.01,4447.59,4435.8,4471.146,4471.146,11.789999999999964,23.555999999999585,1.9979643765903017
374,2025.12.23 16:53:42,take_profit,buy,0.01,4448.65,4435.988,4474.028,4474.028,12.661999999999352,25.37800000000061,2.0042647291108757
373,2025.12.23 16:53:42,take_profit,buy,0.01,4448.571,4465.047,4474.051,4474.051,16.475999999999658,25.480000000000473,1.5464918669580603
386,2025.12.23 16:54:21,take_profit,buy,0.02,4461.715,4455.435,4474.275,4474.275,12.55999999999949,25.11999999999898,2.0
384,2025.12.23 16:57:05,take_profit,buy,0.02,4460.961,4453.319,4476.245,4476.245,15.28399999999965,30.5679999999993,2.0
379,2025.12.23 17:03:32,take_profit,buy,0.01,4454.279,4443.001,4476.835,4476.835,11.278000000000247,22.555999999999585,1.9999999999999194
390,2025.12.23 17:03:42,take_profit,buy,0.02,4466.244,4460.414,4477.904,4477.904,11.659999999999854,23.320000000001528,2.000000000000156
377,2025.12.23 17:03:42,take_profit,buy,0.01,4453.261,4440.914,4477.955,4477.955,12.347000000000662,24.693999999999505,1.9999999999998528
383,2025.12.23 17:03:43,take_profit,buy,0.01,4460.824,4452.143,4478.186,4478.186,8.680999999999585,17.36200000000008,2.000000000000105
382,2025.12.23 17:04:21,take_profit,buy,0.01,4458.609,4448.66,4478.507,4478.507,9.949000000000524,19.89799999999923,1.9999999999998173
381,2025.12.23 17:04:29,take_profit,buy,0.01,4457.59,4446.994,4478.782,4478.782,10.596000000000458,21.192000000000007,1.999999999999914
388,2025.12.23 17:04:39,take_profit,buy,0.01,4460.745,4451.435,4479.365,4479.365,9.30999999999949,18.61999999999989,2.0000000000000977
376,2025.12.23 17:04:41,take_profit,buy,0.01,4454.407,4441.79,4479.641,4479.641,12.61700000000019,25.23399999999947,1.9999999999999278
411,2025.12.23 17:53:15,stop_loss,buy,0.02,4477.98,4469.732,4494.476,4469.732,16.495999999999185,-16.495999999999185,-1.0
412,2025.12.23 17:53:15,stop_loss,buy,0.02,4475.692,4469.732,4487.612,4469.732,11.920000000000073,-11.920000000000073,-1.0
413,2025.12.23 17:53:15,stop_loss,buy,0.02,4478.186,4469.732,4495.094,4469.732,16.907999999999447,-16.907999999999447,-1.0
414,2025.12.23 17:53:15,stop_loss,buy,0.02,4478.627,4469.732,4496.417,4469.732,17.790000000000873,-17.790000000000873,-1.0
380,2025.12.23 18:12:37,take_profit,buy,0.01,4458.631,4447.926,4480.041,4480.041,10.704999999999927,21.409999999999854,2.0
378,2025.12.23 18:12:38,take_profit,buy,0.01,4456.941,4445.267,4480.289,4480.289,11.673999999999978,23.347999999999956,2.0
389,2025.12.23 18:12:40,take_profit,buy,0.01,4462.268,4453.008,4480.788,4480.788,9.260000000000218,18.519999999999527,1.9999999999999019
391,2025.12.23 18:58:20,take_profit,buy,0.02,4470.113,4475.066,4482.651,4482.651,9.90599999999904,25.07599999999911,2.531395114072435
398,2025.12.23 19:01:30,take_profit,buy,0.02,4474.389,4467.323,4488.521,4488.521,14.131999999999609,28.263999999999218,2.0
410,2025.12.23 19:01:30,take_profit,buy,0.02,4474.425,4467.323,4488.629,4488.629,14.203999999999725,28.40799999999945,2.0
429,2025.12.23 19:01:37,take_profit,buy,0.02,4474.284,4466.804,4489.244,4489.244,14.959999999999127,29.920000000000073,2.0000000000001217
419,2025.12.23 19:01:38,take_profit,buy,0.02,4472.866,4464.49,4489.618,4489.618,16.752000000000407,33.504000000000815,2.0
430,2025.12.23 19:01:40,take_profit,buy,0.02,4475.236,4467.742,4490.224,4490.224,14.987999999999374,29.976000000000568,2.0000000000001212
420,2025.12.23 19:01:42,take_profit,buy,0.02,4475.032,4467.126,4490.844,4490.844,15.811999999999898,31.623999999999796,2.0
431,2025.12.23 19:03:28,take_profit,buy,0.02,4476.662,4469.331,4491.324,4491.324,14.66200000000026,29.323999999998705,1.999999999999876
426,2025.12.23 19:03:30,take_profit,buy,0.02,4476.772,4469.2,4491.916,4491.916,15.144000000000233,30.288000000000466,2.0
409,2025.12.23 19:03:31,take_profit,buy,0.02,4475.635,4467.323,4492.259,4492.259,16.623999999999796,33.24799999999959,2.0
433,2025.12.23 19:03:37,take_profit,buy,0.02,4478.5,4471.493,4492.514,4492.514,14.013999999999212,28.028000000000247,2.00000000000013
408,2025.12.23 19:03:37,take_profit,buy,0.02,4475.74,4467.323,4492.574,4492.574,16.833999999998923,33.667999999999665,2.000000000000108
427,2025.12.23 19:03:38,take_profit,buy,0.02,4477.758,4470.222,4492.83,4492.83,15.072000000000116,30.144000000000233,2.0
428,2025.12.23 19:03:39,take_profit,buy,0.02,4478.132,4470.703,4492.99,4492.99,14.857999999998356,29.71600000000035,2.0000000000002447
432,2025.12.23 19:03:39,take_profit,buy,0.02,4478.449,4471.151,4493.045,4493.045,14.595999999999549,29.192000000000917,2.000000000000125
425,2025.12.23 19:03:40,take_profit,buy,0.02,4477.779,4470.072,4493.193,4493.193,15.41400000000067,30.827999999999523,1.9999999999998823
421,2025.12.23 19:03:40,take_profit,buy,0.02,4477.671,4469.88,4493.253,4493.253,15.582000000000335,31.163999999998854,1.9999999999998834
435,2025.12.23 19:04:40,take_profit,buy,0.03,4484.603,4479.699,4494.411,4494.411,14.712000000001352,29.423999999999978,1.9999999999998148
396,2025.12.23 19:20:29,stop_loss,buy,0.01,4475.366,4488.861,4498.41,4488.861,13.49499999999989,13.49499999999989,1.0
458,2025.12.23 23:36:39,take_profit,buy,0.03,4488.878,4483.076,4500.482,4500.482,17.40599999999904,34.81200000000081,2.0000000000001568
407,2025.12.23 23:37:28,take_profit,buy,0.01,4478.855,4493.603,4501.919,4501.919,14.748000000000502,23.064000000000306,1.5638730675345485
460,2025.12.23 23:37:31,take_profit,buy,0.03,4489.676,4483.161,4502.706,4502.706,19.545000000000982,39.089999999999236,1.9999999999998603
456,2025.12.23 23:37:40,take_profit,buy,0.02,4489.994,4483.161,4503.66,4503.66,13.66599999999926,27.332000000000335,2.000000000000133
459,2025.12.23 23:37:42,take_profit,buy,0.02,4490.157,4483.161,4504.149,4504.149,13.992000000000191,27.984000000000382,2.0
463,2025.12.23 23:38:56,take_profit,buy,0.02,4490.91,4483.161,4506.408,4506.408,15.497999999999593,30.996000000001008,2.0000000000001177
464,2025.12.23 23:39:02,take_profit,buy,0.02,4491.102,4483.161,4506.984,4506.984,15.881999999999607,31.764000000001037,2.0000000000001146
461,2025.12.23 23:52:36,take_profit,buy,0.02,4491.98,4483.161,4509.618,4509.618,17.63799999999901,35.27600000000166,2.000000000000206
454,2025.12.23 23:52:38,take_profit,buy,0.02,4492.133,4483.161,4510.077,4510.077,17.943999999999505,35.88800000000083,2.0000000000001013
462,2025.12.24 00:25:42,take_profit,buy,0.02,4493.203,4483.161,4513.287,4513.287,20.084000000000742,40.167999999999665,1.9999999999999094
453,2025.12.24 00:30:40,take_profit,buy,0.01,4493.795,4483.161,4515.063,4515.063,10.634000000000015,21.26800000000003,2.0
455,2025.12.24 00:31:40,take_profit,buy,0.01,4493.901,4483.161,4515.381,4515.381,10.739999999999782,21.480000000000473,2.000000000000085
477,2025.12.24 07:47:39,stop_loss,buy,0.02,4493.286,4484.493,4510.872,4484.493,17.58599999999933,-17.58599999999933,-1.0
479,2025.12.30 19:48:27,stop_loss,buy,0.01,4371.269,4351.764,4410.279,4351.764,19.50500000000011,-19.50500000000011,-1.0
480,2025.12.30 19:48:27,stop_loss,buy,0.01,4370.945,4351.764,4409.307,4351.764,19.180999999999585,-19.180999999999585,-1.0
481,2025.12.30 19:48:27,stop_loss,buy,0.01,4371.056,4351.764,4409.64,4351.764,19.29199999999946,-19.29199999999946,-1.0
482,2025.12.30 19:48:41,stop_loss,buy,0.01,4364.679,4348.887,4396.263,4348.887,15.792000000000373,-15.792000000000373,-1.0
483,2025.12.30 19:48:41,stop_loss,buy,0.01,4365.03,4348.887,4397.316,4348.887,16.14300000000003,-16.14300000000003,-1.0
484,2025.12.30 19:48:41,stop_loss,buy,0.01,4367.69,4348.887,4405.296,4348.887,18.802999999999884,-18.802999999999884,-1.0
491,2026.01.04 23:07:00,take_profit,buy,0.02,4318.822,4324.586,4334.334,4334.334,11.528000000000247,31.023999999999436,2.691186675919394
492,2026.01.04 23:07:00,take_profit,buy,0.02,4320.742,4313.473,4335.28,4335.28,14.538000000000467,29.075999999999112,1.9999999999998745
493,2026.01.04 23:07:00,take_profit,buy,0.02,4323.877,4316.457,4338.717,4338.717,14.840000000000146,29.679999999998476,1.9999999999998777
494,2026.01.04 23:07:00,take_profit,buy,0.02,4322.881,4315.418,4337.807,4337.807,14.926000000001297,29.851999999998952,1.999999999999756
495,2026.01.04 23:07:00,take_profit,buy,0.02,4321.283,4313.766,4336.317,4336.317,15.034000000001472,30.0679999999993,1.9999999999997577
496,2026.01.04 23:07:00,take_profit,buy,0.02,4320.062,4312.889,4334.408,4334.408,14.345999999999549,28.692000000000917,2.000000000000127
503,2026.01.06 11:18:40,stop_loss,buy,0.01,4458.077,4448.779,4497.279,4448.779,9.297999999999774,-9.297999999999774,-1.0
510,2026.01.06 11:57:27,take_profit,buy,0.02,4447.901,4440.126,4463.451,4463.451,15.549999999999272,31.100000000000367,2.0000000000001172
504,2026.01.06 14:52:38,take_profit,buy,0.01,4454.521,4438.476,4486.611,4486.611,16.045000000000073,32.090000000000146,2.0
509,2026.01.06 14:52:42,take_profit,buy,0.01,4456.019,4440.126,4487.805,4487.805,15.893000000000029,31.786000000000058,2.0
508,2026.01.06 14:55:37,take_profit,buy,0.01,4456.349,4440.126,4488.795,4488.795,16.222999999999956,32.44599999999991,2.0
506,2026.01.06 18:18:39,take_profit,buy,0.01,4456.799,4438.476,4493.445,4493.445,18.32300000000032,36.64599999999973,1.9999999999999503
507,2026.01.06 20:57:39,take_profit,buy,0.01,4457.095,4438.476,4494.333,4494.333,18.619000000000597,37.237999999999374,1.9999999999999023
505,2026.01.06 23:01:00,take_profit,buy,0.01,4457.355,4438.476,4495.113,4495.113,18.878999999999905,37.75800000000072,2.000000000000048
519,2026.01.07 08:41:37,take_profit,buy,0.05,4463.678,4466.384,4473.17,4473.17,13.530000000000655,47.460000000000946,3.507760532150676
522,2026.01.07 09:07:31,stop_loss,buy,0.05,4466.344,4461.877,4475.278,4461.877,22.334999999998217,-22.334999999998217,-1.0
520,2026.01.07 09:07:39,stop_loss,buy,0.05,4465.861,4461.227,4475.129,4461.227,23.170000000000073,-23.170000000000073,-1.0
521,2026.01.07 09:07:39,stop_loss,buy,0.05,4465.932,4461.2,4475.396,4461.2,23.659999999999854,-23.659999999999854,-1.0
527,2026.01.14 23:09:37,stop_loss,buy,0.01,4630.006,4614.369,4661.28,4614.369,15.637000000000626,-15.637000000000626,-1.0
529,2026.01.27 11:48:42,take_profit,sell,0.04,5085.919,5083.973,5075.081,5075.081,7.783999999999651,43.35199999999895,5.56937307297031
531,2026.02.02 20:21:43,take_profit,sell,0.01,4705.865,4696.572,4658.616,4658.616,9.292999999999665,47.248999999999796,5.084364575487087
532,2026.02.02 23:08:20,stop_loss,sell,0.01,4690.984,4714.073,4644.806,4714.073,23.088999999999942,-23.088999999999942,-1.0
535,2026.02.04 23:01:38,take_profit,buy,0.01,4937.444,4957.851,4985.346,4985.346,20.406999999999243,47.901999999999134,2.3473317979125254
537,2026.02.06 11:01:25,stop_loss,sell,0.01,4869.853,4884.889,4839.781,4884.889,15.036000000000058,-15.036000000000058,-1.0
538,2026.02.06 11:23:26,stop_loss,sell,0.02,4878.364,4890.458,4854.176,4890.458,24.188000000000102,-24.188000000000102,-1.0
541,2026.02.06 12:07:40,stop_loss,sell,0.01,4884.586,4901.672,4850.414,4901.672,17.08599999999933,-17.08599999999933,-1.0
542,2026.02.06 12:38:58,stop_loss,sell,0.01,4889.802,4890.828,4856.272,4890.828,1.0260000000007494,-1.0260000000007494,-1.0
546,2026.02.06 12:44:40,stop_loss,sell,0.01,4877.645,4895.473,4841.989,4895.473,17.82799999999952,-17.82799999999952,-1.0
545,2026.02.06 12:45:36,stop_loss,sell,0.01,4878.991,4896.857,4843.259,4896.857,17.865999999999985,-17.865999999999985,-1.0
547,2026.02.06 12:48:40,stop_loss,sell,0.01,4883.504,4901.524,4847.464,4901.524,18.020000000000437,-18.020000000000437,-1.0
544,2026.02.06 13:00:42,stop_loss,sell,0.01,4895.638,4913.831,4859.252,4913.831,18.19300000000021,-18.19300000000021,-1.0
553,2026.02.10 08:56:30,stop_loss,buy,0.01,5038.835,5042.541,5069.081,5042.541,3.7060000000001305,3.7060000000001305,1.0
554,2026.02.10 08:57:38,stop_loss,buy,0.02,5051.384,5039.754,5074.644,5039.754,23.26000000000022,-23.26000000000022,-1.0
557,2026.02.10 10:57:28,stop_loss,buy,0.02,5041.807,5046.101,5065.737,5046.101,8.587999999999738,8.587999999999738,1.0
558,2026.02.10 12:07:20,stop_loss,buy,0.02,5047.969,5045.987,5071.259,5045.987,3.963999999999942,-3.963999999999942,-1.0
560,2026.02.10 12:42:30,stop_loss,buy,0.01,5055.047,5040.953,5083.235,5040.953,14.093999999999141,-14.093999999999141,-1.0
561,2026.02.10 12:42:30,stop_loss,buy,0.01,5054.286,5040.953,5080.952,5040.953,13.332999999999629,-13.332999999999629,-1.0
562,2026.02.10 12:42:30,stop_loss,buy,0.01,5054.427,5040.953,5081.375,5040.953,13.47399999999925,-13.47399999999925,-1.0
563,2026.02.10 12:42:30,stop_loss,buy,0.02,5049.757,5040.953,5067.365,5040.953,17.607999999998356,-17.607999999998356,-1.0
567,2026.02.10 12:42:30,stop_loss,buy,0.01,5053.074,5040.953,5077.316,5040.953,12.120999999999185,-12.120999999999185,-1.0
568,2026.02.10 12:42:30,stop_loss,buy,0.02,5050.805,5040.953,5070.509,5040.953,19.703999999999724,-19.703999999999724,-1.0
559,2026.02.10 12:42:37,stop_loss,buy,0.02,5051.824,5040.587,5074.298,5040.587,22.47399999999834,-22.47399999999834,-1.0
569,2026.02.10 12:42:40,stop_loss,buy,0.03,5047.503,5039.797,5062.915,5039.797,23.11800000000039,-23.11800000000039,-1.0
565,2026.02.10 12:43:18,stop_loss,buy,0.03,5047.225,5039.622,5062.431,5039.622,22.809000000000196,-22.809000000000196,-1.0
566,2026.02.10 12:43:19,stop_loss,buy,0.03,5046.819,5039.228,5062.001,5039.228,22.773000000001048,-22.773000000001048,-1.0
583,2026.02.11 17:08:38,take_profit,buy,0.01,5046.471,5028.581,5082.251,5082.251,17.889999999999418,35.780000000000655,2.0000000000001017
585,2026.02.11 17:08:39,take_profit,buy,0.01,5048.297,5031.083,5082.725,5082.725,17.213999999999942,34.42800000000079,2.000000000000053
581,2026.02.11 17:17:18,take_profit,buy,0.01,5049.317,5059.718,5085.739,5085.739,10.40099999999984,36.42199999999957,3.501778675127404
584,2026.02.11 17:17:20,take_profit,buy,0.01,5048.872,5030.07,5086.476,5086.476,18.80200000000059,37.60399999999936,1.9999999999999032
582,2026.02.11 17:17:40,take_profit,buy,0.01,5053.881,5035.655,5090.333,5090.333,18.226000000000568,36.451999999999316,1.9999999999999003
591,2026.02.18 07:06:36,stop_loss,sell,0.02,4930.645,4938.666,4914.603,4938.666,16.04199999999946,-16.04199999999946,-1.0
594,2026.02.18 08:44:25,take_profit,sell,0.02,4938.236,4946.767,4921.174,4921.174,17.061999999999898,34.123999999999796,2.0
598,2026.02.18 08:44:26,take_profit,sell,0.02,4938.957,4947.931,4921.009,4921.009,17.9479999999985,35.89600000000064,2.0000000000002025
595,2026.02.18 08:44:26,take_profit,sell,0.02,4938.207,4946.847,4920.927,4920.927,17.279999999998836,34.56000000000131,2.0000000000002105
599,2026.02.18 08:44:37,take_profit,sell,0.02,4938.567,4947.745,4920.211,4920.211,18.355999999999767,36.711999999999534,2.0
600,2026.02.18 08:52:40,take_profit,sell,0.02,4937.029,4946.069,4918.949,4918.949,18.079999999999927,36.16000000000167,2.000000000000101
592,2026.02.18 08:59:29,take_profit,sell,0.01,4934.746,4925.445,4918.296,4918.296,9.301000000000386,16.449999999999818,1.7686270293515898
597,2026.02.18 08:59:37,take_profit,sell,0.02,4935.119,4943.756,4917.845,4917.845,17.27400000000125,34.547999999998865,1.9999999999997895
596,2026.02.18 08:59:41,take_profit,sell,0.02,4934.381,4943.163,4916.817,4916.817,17.563999999998487,35.12800000000061,2.000000000000207
601,2026.02.18 09:04:35,take_profit,sell,0.02,4934.042,4943.142,4915.842,4915.842,18.19999999999891,36.400000000001455,2.0000000000002
602,2026.02.18 09:06:37,take_profit,sell,0.02,4932.068,4941.126,4913.952,4913.952,18.115999999999985,36.23199999999997,2.0
605,2026.02.18 09:06:39,take_profit,sell,0.03,4929.484,4937.501,4913.45,4913.45,24.050999999999476,48.102000000001674,2.0000000000001132
604,2026.02.18 09:06:39,take_profit,sell,0.03,4929.486,4937.556,4913.346,4913.346,24.209999999999127,48.42000000000098,2.000000000000113
621,2026.02.18 09:24:27,stop_loss,sell,0.03,4915.075,4921.934,4901.357,4921.934,20.577000000001135,-20.577000000001135,-1.0
627,2026.02.18 10:09:39,stop_loss,sell,0.03,4915.974,4923.8,4900.322,4923.8,23.478000000000065,-23.478000000000065,-1.0
603,2026.02.18 10:38:00,take_profit,sell,0.02,4930.414,4922.139,4913.19,4913.19,16.549999999999272,34.44800000000032,2.0814501510575125
607,2026.02.18 10:38:03,take_profit,sell,0.03,4926.122,4933.231,4911.904,4911.904,21.326999999998407,42.65399999999954,2.000000000000128
609,2026.02.18 10:38:03,take_profit,sell,0.03,4925.687,4932.646,4911.769,4911.769,20.876999999999494,41.75399999999899,2.0
606,2026.02.18 10:38:04,take_profit,sell,0.03,4926.331,4933.989,4911.015,4911.015,22.97399999999834,45.94799999999941,2.0000000000001186
608,2026.02.18 10:38:16,take_profit,sell,0.03,4924.082,4931.168,4909.91,4909.91,21.257999999997992,42.51600000000144,2.0000000000002567
615,2026.02.18 11:46:20,take_profit,sell,0.03,4921.366,4928.002,4908.094,4908.094,19.908000000001266,39.8159999999998,1.999999999999863
643,2026.02.18 12:01:27,stop_loss,sell,0.04,4911.464,4917.679,4899.034,4917.679,24.860000000000582,-24.860000000000582,-1.0
645,2026.02.18 12:01:41,stop_loss,sell,0.04,4913.485,4919.42,4901.615,4919.42,23.7400000000016,-23.7400000000016,-1.0
626,2026.02.18 12:10:36,stop_loss,sell,0.03,4916.851,4924.629,4901.295,4924.629,23.33400000000074,-23.33400000000074,-1.0
631,2026.02.18 12:13:02,stop_loss,sell,0.03,4917.448,4925.712,4900.92,4925.712,24.79200000000037,-24.79200000000037,-1.0
625,2026.02.18 12:13:03,stop_loss,sell,0.03,4918.682,4925.929,4904.188,4925.929,21.74100000000089,-21.74100000000089,-1.0
636,2026.02.18 12:17:38,stop_loss,sell,0.03,4919.61,4927.791,4903.248,4927.791,24.543000000001484,-24.543000000001484,-1.0
635,2026.02.18 12:18:01,stop_loss,sell,0.03,4920.033,4928.289,4903.521,4928.289,24.767999999998207,-24.767999999998207,-1.0
629,2026.02.18 12:18:02,stop_loss,sell,0.02,4919.712,4928.529,4902.078,4928.529,17.634000000000015,-17.634000000000015,-1.0
630,2026.02.18 12:18:04,stop_loss,sell,0.03,4920.479,4928.969,4903.499,4928.969,25.46999999999934,-25.46999999999934,-1.0
637,2026.02.18 12:42:24,stop_loss,sell,0.03,4921.292,4929.487,4904.902,4929.487,24.584999999999127,-24.584999999999127,-1.0
632,2026.02.18 12:42:26,stop_loss,sell,0.03,4921.589,4930.053,4904.661,4930.053,25.391999999999825,-25.391999999999825,-1.0
634,2026.02.18 12:42:39,stop_loss,sell,0.02,4922.874,4931.498,4905.626,4931.498,17.247999999999593,-17.247999999999593,-1.0
659,2026.02.19 13:30:24,stop_loss,buy,0.04,4983.427,4977.464,4995.353,4977.464,23.851999999998952,-23.851999999998952,-1.0
658,2026.02.19 13:30:39,stop_loss,buy,0.01,4988.552,4972.837,5019.982,4972.837,15.714999999999236,-15.714999999999236,-1.0
662,2026.02.20 14:05:30,stop_loss,buy,0.01,5024.822,5038.648,5061.492,5038.648,13.826000000000022,13.826000000000022,1.0
663,2026.02.20 15:06:28,stop_loss,buy,0.01,5030.447,5006.487,5078.367,5006.487,23.960000000000036,-23.960000000000036,-1.0
664,2026.02.20 15:06:28,stop_loss,buy,0.01,5028.998,5006.487,5074.02,5006.487,22.510999999999513,-22.510999999999513,-1.0
668,2026.02.24 18:56:04,stop_loss,sell,0.01,5160.919,5162.981,5118.963,5162.981,2.061999999999898,-2.061999999999898,-1.0
677,2026.02.24 23:03:00,take_profit,sell,0.01,5167.003,5181.897,5137.215,5137.215,14.894000000000233,29.78799999999956,1.9999999999999392
678,2026.02.24 23:03:00,take_profit,sell,0.01,5168.272,5181.897,5141.022,5141.022,13.625000000000002,27.250000000000004,2.0
669,2026.02.25 01:18:41,stop_loss,sell,0.01,5160.172,5181.897,5116.722,5181.897,21.725000000000364,-21.725000000000364,-1.0
670,2026.02.25 01:18:41,stop_loss,sell,0.01,5158.793,5181.897,5112.585,5181.897,23.10400000000027,-23.10400000000027,-1.0
671,2026.02.25 01:18:41,stop_loss,sell,0.01,5157.974,5181.897,5110.128,5181.897,23.922999999999774,-23.922999999999774,-1.0
672,2026.02.25 01:18:41,stop_loss,sell,0.01,5158.543,5181.897,5111.835,5181.897,23.35400000000027,-23.35400000000027,-1.0
673,2026.02.25 01:18:41,stop_loss,sell,0.01,5160.672,5181.897,5118.222,5181.897,21.225000000000364,-21.225000000000364,-1.0
674,2026.02.25 01:18:41,stop_loss,sell,0.01,5159.924,5181.897,5115.978,5181.897,21.972999999999956,-21.972999999999956,-1.0
675,2026.02.25 01:18:41,stop_loss,sell,0.01,5159.405,5181.897,5114.421,5181.897,22.49200000000019,-22.49200000000019,-1.0
676,2026.02.25 01:18:41,stop_loss,sell,0.01,5163.588,5181.897,5126.97,5181.897,18.309000000000196,-18.309000000000196,-1.0
690,2026.02.26 20:38:40,take_profit,buy,0.03,5184.423,5188.379,5199.147,5199.147,11.868000000000393,44.17200000000048,3.7219413549038607
691,2026.02.26 20:48:03,take_profit,buy,0.03,5186.267,5179.119,5200.563,5200.563,21.44400000000041,42.88800000000082,2.0
692,2026.02.26 23:01:37,stop_loss,buy,0.02,5194.07,5183.978,5214.254,5183.978,20.183999999999287,-20.183999999999287,-1.0
699,2026.02.27 09:48:41,stop_loss,buy,0.04,5178.484,5172.69,5190.072,5172.69,23.176000000003114,-23.176000000003114,-1.0
700,2026.02.27 09:48:41,stop_loss,buy,0.04,5178.226,5172.69,5189.298,5172.69,22.144000000000233,-22.144000000000233,-1.0
701,2026.02.27 09:48:41,stop_loss,buy,0.03,5179.334,5172.69,5192.622,5172.69,19.932000000000695,-19.932000000000695,-1.0
702,2026.02.27 09:48:41,stop_loss,buy,0.03,5179.268,5172.69,5192.424,5172.69,19.734000000001288,-19.734000000001288,-1.0
703,2026.02.27 09:48:41,stop_loss,buy,0.03,5179.902,5172.69,5194.326,5172.69,21.63600000000133,-21.63600000000133,-1.0
704,2026.02.27 09:48:41,stop_loss,buy,0.03,5180.426,5172.69,5195.898,5172.69,23.208000000002357,-23.208000000002357,-1.0
696,2026.02.27 12:36:38,stop_loss,buy,0.01,5187.133,5184.815,5233.161,5184.815,2.318000000000211,-2.318000000000211,-1.0
698,2026.02.27 13:08:42,take_profit,buy,0.01,5178.34,5160.059,5214.902,5214.902,18.28099999999995,36.5619999999999,2.0
697,2026.02.27 13:20:42,take_profit,buy,0.01,5181.928,5160.059,5225.666,5225.666,21.868999999999687,43.738000000000284,2.0000000000000417
714,2026.03.02 20:16:42,stop_loss,buy,0.01,5325.434,5329.097,5359.52,5329.097,3.662999999999556,3.662999999999556,1.0
715,2026.03.03 01:06:38,take_profit,buy,0.01,5330.997,5314.282,5364.427,5364.427,16.715000000000146,33.42999999999938,1.9999999999999456
718,2026.03.04 17:23:17,stop_loss,buy,0.02,5147.474,5137.772,5166.878,5137.772,19.40400000000045,-19.40400000000045,-1.0
725,2026.03.04 18:04:40,stop_loss,buy,0.02,5143.514,5133.024,5164.494,5133.024,20.979999999999563,-20.979999999999563,-1.0
720,2026.03.04 18:09:38,stop_loss,buy,0.01,5128.577,5131.256,5159.981,5131.256,2.6790000000000873,2.6790000000000873,1.0
726,2026.03.04 18:10:29,stop_loss,buy,0.01,5141.246,5126.145,5171.448,5126.145,15.10099999999966,-15.10099999999966,-1.0
724,2026.03.04 18:10:37,stop_loss,buy,0.01,5139.965,5124.012,5171.871,5124.012,15.953000000000431,-15.953000000000431,-1.0
723,2026.03.04 18:10:42,stop_loss,buy,0.01,5137.509,5121.171,5170.185,5121.171,16.337999999999738,-16.337999999999738,-1.0
728,2026.03.04 18:11:27,stop_loss,buy,0.01,5134.143,5118.707,5165.015,5118.707,15.435999999999694,-15.435999999999694,-1.0
722,2026.03.04 18:11:28,stop_loss,buy,0.01,5136.465,5118.599,5172.197,5118.599,17.865999999999985,-17.865999999999985,-1.0
721,2026.03.04 18:20:27,stop_loss,buy,0.01,5134.19,5116.602,5169.366,5116.602,17.587999999999738,-17.587999999999738,-1.0
737,2026.03.06 18:43:14,take_profit,buy,0.01,5137.993,5125.581,5162.817,5162.817,12.412000000000262,24.823999999999614,1.9999999999999267
736,2026.03.06 19:38:36,stop_loss,buy,0.01,5145.759,5158.874,5186.115,5158.874,13.114999999999782,13.114999999999782,1.0
740,2026.03.10 18:24:04,take_profit,buy,0.02,5173.01,5176.995,5194.379,5194.379,7.969999999999346,42.737999999999374,5.362358845671629
742,2026.03.11 02:02:40,stop_loss,buy,0.01,5193.086,5201.23,5238.322,5201.23,8.143999999999323,8.143999999999323,1.0
744,2026.03.11 12:51:40,stop_loss,sell,0.01,5183.358,5179.419,5133.914,5179.419,3.9390000000003056,3.9390000000003056,1.0
746,2026.03.11 13:00:43,take_profit,sell,0.01,5191.467,5205.116,5164.169,5164.169,13.649000000000342,27.29799999999977,1.9999999999999332
745,2026.03.11 13:51:38,take_profit,sell,0.01,5187.586,5205.116,5152.526,5152.526,17.529999999999745,35.0600000000004,2.000000000000052
750,2026.03.12 12:48:29,stop_loss,sell,0.02,5169.584,5178.307,5152.138,5178.307,17.445999999999913,-17.445999999999913,-1.0
752,2026.03.17 12:46:35,stop_loss,buy,0.01,5003.703,5014.411,5043.379,5014.411,10.707999999999629,10.707999999999629,1.0
759,2026.03.17 13:32:41,take_profit,buy,0.04,5012.895,5006.655,5025.375,5025.375,24.960000000002765,49.919999999998254,1.9999999999997085
758,2026.03.17 13:32:43,take_profit,buy,0.04,5013.868,5007.643,5026.318,5026.318,24.90000000000146,49.79999999999927,1.9999999999998537
754,2026.03.17 13:41:41,take_profit,buy,0.01,4999.074,4983.865,5029.492,5029.492,15.208999999999834,30.41800000000058,2.00000000000006
755,2026.03.17 13:43:39,take_profit,buy,0.01,4999.536,4983.865,5030.878,5030.878,15.671000000000276,31.341999999999643,1.999999999999942
753,2026.03.17 13:50:30,stop_loss,buy,0.01,5004.309,5021.69,5045.197,5021.69,17.380999999999403,17.380999999999403,1.0
757,2026.03.17 13:53:37,stop_loss,buy,0.02,5017.942,5007.896,5038.034,5007.896,20.092000000000553,-20.092000000000553,-1.0
762,2026.03.17 14:31:31,stop_loss,buy,0.01,5024.338,5004.62,5063.774,5004.62,19.717999999999847,-19.717999999999847,-1.0
763,2026.03.17 14:31:31,stop_loss,buy,0.01,5025.694,5004.62,5067.842,5004.62,21.074000000000524,-21.074000000000524,-1.0
766,2026.03.17 14:31:31,stop_loss,buy,0.01,5027.409,5004.62,5072.987,5004.62,22.78899999999976,-22.78899999999976,-1.0
767,2026.03.17 14:31:31,stop_loss,buy,0.01,5024.76,5004.62,5065.04,5004.62,20.140000000000327,-20.140000000000327,-1.0
771,2026.03.17 14:31:31,stop_loss,buy,0.02,5017.422,5004.62,5043.026,5004.62,25.60399999999936,-25.60399999999936,-1.0
770,2026.03.17 15:27:38,stop_loss,buy,0.02,5011.051,5001.825,5029.503,5001.825,18.452000000001135,-18.452000000001135,-1.0
772,2026.03.17 15:28:28,stop_loss,buy,0.02,5010.022,4998.605,5032.856,4998.605,22.834000000000742,-22.834000000000742,-1.0
778,2026.03.17 15:28:28,stop_loss,buy,0.01,5013.867,4998.605,5044.391,4998.605,15.262000000000626,-15.262000000000626,-1.0
779,2026.03.17 15:28:28,stop_loss,buy,0.01,5018.414,4998.605,5058.032,4998.605,19.809000000000196,-19.809000000000196,-1.0
780,2026.03.17 15:28:28,stop_loss,buy,0.02,5010.674,4998.605,5034.812,4998.605,24.13800000000083,-24.13800000000083,-1.0
786,2026.03.17 15:36:43,stop_loss,buy,0.01,4995.214,4981.962,5021.718,4981.962,13.251999999999498,-13.251999999999498,-1.0
788,2026.03.17 17:43:57,stop_loss,buy,0.01,4982.487,4998.337,5013.131,4998.337,15.850000000000364,15.850000000000364,1.0
796,2026.03.17 22:45:35,stop_loss,buy,0.03,5001.986,4994.332,5017.294,4994.332,22.961999999998625,-22.961999999998625,-1.0
795,2026.03.17 22:45:37,stop_loss,buy,0.03,5000.842,4993.938,5014.65,4993.938,20.711999999998625,-20.711999999998625,-1.0
793,2026.03.18 01:52:30,stop_loss,buy,0.02,5004.093,4993.24,5025.799,4993.24,21.70600000000013,-21.70600000000013,-1.0
794,2026.03.18 01:52:39,stop_loss,buy,0.02,5001.418,4991.879,5020.496,4991.879,19.07799999999952,-19.07799999999952,-1.0
792,2026.03.18 04:34:14,stop_loss,buy,0.01,5002.162,4985.981,5034.524,4985.981,16.181000000000495,-16.181000000000495,-1.0
791,2026.03.18 04:36:28,stop_loss,buy,0.01,5000.877,4984.767,5033.097,4984.767,16.110000000000582,-16.110000000000582,-1.0
790,2026.03.18 08:45:40,stop_loss,buy,0.01,4994.859,4978.38,5027.817,4978.38,16.47900000000027,-16.47900000000027,-1.0
789,2026.03.18 08:45:42,stop_loss,buy,0.01,4994.064,4977.401,5027.39,4977.401,16.663000000000466,-16.663000000000466,-1.0
809,2026.03.23 18:30:39,stop_loss,sell,0.01,4414.185,4432.333,4377.889,4432.333,18.14799999999923,-18.14799999999923,-1.0
806,2026.03.23 18:30:41,stop_loss,sell,0.01,4430.904,4433.603,4384.318,4433.603,2.6989999999996144,-2.6989999999996144,-1.0
808,2026.03.23 18:30:43,stop_loss,sell,0.01,4415.039,4434.544,4375.966,4434.544,19.50500000000011,-19.50500000000011,-1.0
807,2026.03.23 18:31:42,stop_loss,sell,0.01,4417.102,4436.59,4378.129,4436.59,19.488000000000284,-19.488000000000284,-1.0
814,2026.03.24 17:36:05,take_profit,sell,0.01,4423.379,4395.996,4376.843,4376.843,27.382999999999814,46.53600000000006,1.6994485629770433
816,2026.04.06 12:40:15,take_profit,buy,0.03,4664.482,4667.923,4678.904,4678.904,10.32299999999941,43.26600000000143,4.19122348154644
819,2026.04.06 13:41:38,stop_loss,sell,0.02,4668.835,4677.539,4651.427,4677.539,17.407999999999447,-17.407999999999447,-1.0
821,2026.04.06 13:41:38,stop_loss,sell,0.02,4668.911,4677.682,4651.318,4677.682,17.54199999999946,-17.54199999999946,-1.0
817,2026.04.06 13:44:40,stop_loss,buy,0.03,4666.479,4666.048,4681.895,4666.048,1.2930000000014843,-1.2930000000014843,-1.0
820,2026.04.06 13:56:40,stop_loss,sell,0.02,4672.348,4680.773,4655.498,4680.773,16.850000000000364,-16.850000000000364,-1.0
826,2026.04.06 18:11:41,stop_loss,sell,0.02,4656.479,4665.863,4637.711,4665.863,18.76800000000003,-18.76800000000003,-1.0
828,2026.04.16 14:40:32,stop_loss,buy,0.01,4799.813,4787.612,4825.115,4787.612,12.201000000000022,-12.201000000000022,-1.0
830,2026.04.16 16:49:07,stop_loss,buy,0.02,4796.36,4785.883,4817.314,4785.883,20.953999999999724,-20.953999999999724,-1.0
834,2026.04.16 17:29:54,stop_loss,buy,0.02,4794.902,4785.298,4814.11,4785.298,19.20800000000054,-19.20800000000054,-1.0
833,2026.04.16 17:37:51,stop_loss,buy,0.02,4792.226,4782.734,4811.21,4782.734,18.98399999999856,-18.98399999999856,-1.0
832,2026.04.17 01:01:46,stop_loss,buy,0.02,4787.991,4791.362,4809.511,4791.362,6.742000000000189,6.742000000000189,1.0
835,2026.04.17 01:10:28,stop_loss,buy,0.02,4791.286,4781.28,4810.329,4781.28,20.012000000000626,-20.012000000000626,-1.0
841,2026.04.21 04:31:05,stop_loss,buy,0.01,4812.438,4789.764,4858.605,4789.764,22.673999999999978,-22.673999999999978,-1.0
840,2026.04.21 04:55:53,stop_loss,buy,0.01,4812.192,4788.801,4858.338,4788.801,23.39099999999962,-23.39099999999962,-1.0
844,2026.04.21 12:32:00,stop_loss,sell,0.01,4789.784,4778.191,4744.756,4778.191,11.592999999999847,11.592999999999847,1.0
847,2026.04.21 14:40:18,take_profit,sell,0.01,4795.802,4815.625,4755.979,4755.979,19.82300000000032,39.82299999999941,2.008929021843251
849,2026.04.21 14:40:19,take_profit,sell,0.01,4794.67,4815.625,4753.081,4753.081,20.954999999999927,41.58899999999994,1.9846814602720155
848,2026.04.21 14:40:20,take_profit,sell,0.01,4793.792,4815.625,4750.771,4750.771,21.83299999999963,43.02100000000064,1.9704575642376847
846,2026.04.21 14:44:53,take_profit,sell,0.01,4793.205,4815.625,4747.579,4747.579,22.420000000000073,45.626000000000204,2.035057983942911
845,2026.04.21 14:44:59,take_profit,sell,0.01,4789.5,4812.298,4743.904,4743.904,22.797999999999774,45.59599999999955,2.0
857,2026.04.22 22:37:50,stop_loss,buy,0.02,4740.059,4731.599,4756.784,4731.599,16.920000000000073,-16.920000000000073,-1.0
856,2026.04.23 00:09:46,stop_loss,buy,0.01,4737.841,4715.431,4783.282,4715.431,22.410000000000764,-22.410000000000764,-1.0
860,2026.04.24 17:54:43,stop_loss,sell,0.02,4724.116,4725.686,4704.747,4725.686,3.1399999999994184,-3.1399999999994184,-1.0
868,2026.04.24 19:49:31,take_profit,sell,0.03,4728.584,4734.817,4716.118,4716.118,18.699000000000524,37.39799999999832,1.9999999999998541
867,2026.04.24 19:56:23,take_profit,sell,0.03,4727.626,4734.404,4714.07,4714.07,20.334000000000742,40.668000000001484,2.0
866,2026.04.24 20:01:44,take_profit,sell,0.03,4727.533,4734.449,4713.701,4713.701,20.747999999997774,41.496000000001004,2.000000000000263
865,2026.04.24 20:01:44,take_profit,sell,0.03,4728.0,4735.339,4713.559,4713.559,22.016999999999825,43.3229999999994,1.9677067720397758
864,2026.04.24 20:06:02,take_profit,sell,0.03,4726.688,4734.294,4711.116,4711.116,22.8179999999993,46.71600000000035,2.0473310544307908
869,2026.04.24 20:07:07,take_profit,sell,0.03,4722.894,4729.131,4710.597,4710.597,18.71100000000024,36.89100000000144,1.9716209716210233
863,2026.04.24 20:14:04,take_profit,sell,0.02,4724.392,4733.241,4706.694,4706.694,17.69800000000032,35.39599999999882,1.9999999999998972
861,2026.04.26 22:02:03,take_profit,sell,0.02,4723.989,4733.914,4704.625,4704.625,19.850000000000364,38.727999999999156,1.9510327455918612
862,2026.04.26 22:02:03,take_profit,sell,0.02,4721.982,4731.501,4702.944,4702.944,19.038000000000466,38.07599999999911,1.9999999999999045
882,2026.04.27 08:20:25,stop_loss,buy,0.03,4716.63,4709.894,4730.102,4709.894,20.20799999999963,-20.20799999999963,-1.0
883,2026.04.27 08:30:05,stop_loss,buy,0.04,4714.497,4708.242,4726.821,4708.242,25.020000000000437,-25.020000000000437,-1.0
884,2026.04.27 08:40:22,stop_loss,buy,0.04,4712.422,4705.964,4724.972,4705.964,25.831999999998516,-25.831999999998516,-1.0
880,2026.04.27 09:09:54,stop_loss,buy,0.02,4717.233,4704.816,4742.067,4704.816,24.834000000000742,-24.834000000000742,-1.0
881,2026.04.27 09:09:54,stop_loss,buy,0.01,4717.694,4704.816,4744.023,4704.816,12.878000000000611,-12.878000000000611,-1.0
890,2026.04.29 11:53:03,stop_loss,buy,0.02,4570.595,4560.4,4590.985,4560.4,20.390000000001237,-20.390000000001237,-1.0
892,2026.05.01 13:55:29,stop_loss,sell,0.01,4603.054,4627.51,4554.142,4627.51,24.45600000000013,-24.45600000000013,-1.0
896,2026.05.01 17:53:34,stop_loss,sell,0.03,4627.578,4634.632,4613.47,4634.632,21.161999999997533,-21.161999999997533,-1.0
895,2026.05.01 17:53:35,stop_loss,sell,0.03,4628.139,4635.341,4614.182,4635.341,21.606000000000673,-21.606000000000673,-1.0
894,2026.05.01 18:15:01,take_profit,sell,0.03,4630.629,4623.248,4615.687,4615.687,22.14300000000094,44.82600000000002,2.0243869394390157
900,2026.05.04 00:33:18,stop_loss,sell,0.01,4617.158,4609.987,4587.69,4609.987,7.171000000000277,7.171000000000277,1.0
902,2026.05.04 07:59:51,take_profit,sell,0.01,4615.03,4631.892,4579.092,4579.092,16.86200000000008,35.9380000000001,2.131301150515949
901,2026.05.04 10:01:42,take_profit,sell,0.01,4611.655,4631.892,4572.06,4572.06,20.23700000000008,39.594999999999345,1.9565647082076982
903,2026.05.04 10:02:04,take_profit,sell,0.01,4610.584,4631.892,4569.024,4569.024,21.307999999999993,41.55999999999949,1.950441148864253
908,2026.05.04 10:15:19,stop_loss,buy,0.02,4547.404,4537.378,4567.813,4537.378,20.0520000000015,-20.0520000000015,-1.0
913,2026.05.07 18:45:16,stop_loss,buy,0.02,4711.719,4700.991,4732.8,4700.991,21.45600000000013,-21.45600000000013,-1.0
910,2026.05.07 18:45:16,stop_loss,buy,0.02,4703.418,4700.902,4723.501,4700.902,5.031999999999243,-5.031999999999243,-1.0
914,2026.05.07 18:45:19,stop_loss,buy,0.01,4713.099,4699.7,4740.08,4699.7,13.399000000000342,-13.399000000000342,-1.0
911,2026.05.07 19:19:21,stop_loss,buy,0.01,4699.647,4700.817,4730.455,4700.817,1.1700000000000728,1.1700000000000728,1.0
918,2026.05.07 20:02:39,take_profit,buy,0.03,4700.699,4693.023,4716.051,4716.051,23.02799999999843,46.056000000002314,2.000000000000237
912,2026.05.07 20:37:36,stop_loss,buy,0.01,4699.835,4705.899,4730.211,4705.899,6.064000000000306,6.064000000000306,1.0
922,2026.05.07 20:37:46,stop_loss,buy,0.02,4710.186,4701.22,4728.118,4701.22,17.93199999999888,-17.93199999999888,-1.0
923,2026.05.07 20:37:48,stop_loss,buy,0.02,4709.202,4699.602,4726.485,4699.602,19.200000000000728,-19.200000000000728,-1.0
924,2026.05.07 20:39:11,stop_loss,buy,0.02,4706.956,4698.121,4723.906,4698.121,17.670000000000073,-17.670000000000073,-1.0
921,2026.05.07 20:40:06,stop_loss,buy,0.02,4705.339,4696.663,4722.484,4696.663,17.35200000000077,-17.35200000000077,-1.0
920,2026.05.07 20:56:24,stop_loss,buy,0.02,4700.842,4688.064,4726.398,4688.064,25.555999999998676,-25.555999999998676,-1.0
933,2026.05.11 19:40:06,stop_loss,sell,0.05,4723.846,4728.85,4713.838,4728.85,25.020000000004078,-25.020000000004078,-1.0
934,2026.05.11 19:40:06,stop_loss,sell,0.05,4724.18,4728.877,4714.786,4728.877,23.485000000000582,-23.485000000000582,-1.0
935,2026.05.11 19:45:41,stop_loss,sell,0.05,4724.597,4729.215,4715.361,4729.215,23.090000000001965,-23.090000000001965,-1.0
932,2026.05.11 19:47:49,stop_loss,sell,0.04,4724.726,4729.909,4714.36,4729.909,20.73199999999997,-20.73199999999997,-1.0
940,2026.05.12 12:57:02,stop_loss,buy,0.02,4699.019,4701.315,4719.221,4701.315,4.591999999998734,4.591999999998734,1.0
941,2026.05.12 15:17:29,take_profit,sell,0.01,4706.89,4729.462,4661.527,4661.527,22.572000000000116,45.363000000000284,2.0097022860180775
942,2026.05.12 15:21:13,take_profit,sell,0.01,4705.444,4728.907,4658.518,4658.518,23.462999999999738,46.926000000000386,2.0000000000000386
943,2026.05.12 15:22:05,take_profit,sell,0.01,4704.264,4728.907,4655.938,4655.938,24.64300000000003,48.32600000000002,1.9610437040944675
950,2026.05.14 00:17:07,stop_loss,sell,0.01,4690.586,4704.053,4663.652,4704.053,13.466999999999643,-13.466999999999643,-1.0
951,2026.05.14 00:17:07,stop_loss,sell,0.01,4690.084,4704.053,4662.335,4704.053,13.969000000000051,-13.969000000000051,-1.0
948,2026.05.14 04:05:40,stop_loss,sell,0.01,4690.745,4676.801,4650.701,4676.801,13.943999999999507,13.943999999999507,1.0
949,2026.05.14 04:32:38,stop_loss,sell,0.01,4692.475,4710.767,4655.369,4710.767,18.29199999999946,-18.29199999999946,-1.0
957,2026.05.14 11:55:29,take_profit,buy,0.04,4693.936,4688.643,4704.522,4704.522,21.17199999999866,42.34400000000096,2.000000000000172
956,2026.05.14 11:57:53,stop_loss,buy,0.01,4695.147,4698.482,4717.73,4698.482,3.3350000000000364,3.3350000000000364,1.0
961,2026.05.19 10:42:29,stop_loss,buy,0.03,4540.881,4533.978,4554.687,4533.978,20.709000000000742,-20.709000000000742,-1.0
963,2026.05.21 13:14:53,stop_loss,buy,0.02,4512.403,4501.272,4534.308,4501.272,22.262000000000626,-22.262000000000626,-1.0
966,2026.05.22 12:19:26,take_profit,buy,0.03,4519.048,4511.27,4534.253,4534.253,23.333999999998014,45.614999999999775,1.9548727179225018
965,2026.05.22 12:21:56,stop_loss,buy,0.01,4522.281,4527.061,4554.007,4527.061,4.779999999999745,4.779999999999745,1.0
969,2026.05.22 13:24:14,stop_loss,buy,0.02,4519.05,4524.19,4539.248,4524.19,10.279999999998836,10.279999999998836,1.0
970,2026.05.22 13:42:37,stop_loss,buy,0.02,4524.38,4513.488,4545.954,4513.488,21.78399999999965,-21.78399999999965,-1.0
972,2026.05.22 13:49:50,stop_loss,buy,0.02,4522.248,4510.8,4545.714,4510.8,22.89599999999882,-22.89599999999882,-1.0
975,2026.05.22 14:13:35,stop_loss,buy,0.02,4511.388,4501.054,4532.032,4501.054,20.667999999999665,-20.667999999999665,-1.0
976,2026.05.22 14:14:49,stop_loss,buy,0.02,4510.202,4498.184,4534.238,4498.184,24.03600000000006,-24.03600000000006,-1.0
979,2026.05.28 14:45:18,stop_loss,sell,0.02,4464.353,4476.27,4439.982,4476.27,23.834000000000742,-23.834000000000742,-1.0
980,2026.05.28 14:46:05,stop_loss,sell,0.01,4464.596,4478.497,4436.794,4478.497,13.90100000000075,-13.90100000000075,-1.0
988,2026.05.28 16:18:20,stop_loss,sell,0.01,4477.142,4493.722,4443.211,4493.722,16.579999999999927,-16.579999999999927,-1.0
987,2026.05.28 16:19:43,stop_loss,sell,0.01,4476.267,4495.87,4436.479,4495.87,19.603000000000065,-19.603000000000065,-1.0
986,2026.05.28 16:19:43,stop_loss,sell,0.01,4472.701,4496.033,4425.518,4496.033,23.332000000000335,-23.332000000000335,-1.0
989,2026.05.28 16:19:43,stop_loss,sell,0.01,4480.827,4496.052,4450.377,4496.052,15.224999999999456,-15.224999999999456,-1.0
985,2026.05.28 16:19:44,stop_loss,sell,0.01,4471.552,4496.271,4421.238,4496.271,24.71900000000005,-24.71900000000005,-1.0
984,2026.05.28 16:20:33,stop_loss,sell,0.01,4473.582,4498.254,4423.797,4498.254,24.67199999999957,-24.67199999999957,-1.0
983,2026.05.28 16:20:45,stop_loss,sell,0.01,4474.749,4499.626,4424.995,4499.626,24.877000000000407,-24.877000000000407,-1.0
998,2026.06.02 18:42:41,stop_loss,buy,0.01,4503.827,4481.726,4548.029,4481.726,22.101000000000568,-22.101000000000568,-1.0
999,2026.06.02 18:42:41,stop_loss,buy,0.01,4505.886,4481.726,4554.044,4481.726,24.160000000000764,-24.160000000000764,-1.0
997,2026.06.02 18:42:58,stop_loss,buy,0.01,4503.404,4481.097,4547.727,4481.097,22.3070000000007,-22.3070000000007,-1.0
1003,2026.06.02 18:43:03,stop_loss,buy,0.02,4490.136,4480.6,4509.208,4480.6,19.072000000000116,-19.072000000000116,-1.0
1004,2026.06.02 18:43:03,stop_loss,buy,0.02,4489.79,4480.6,4508.356,4480.6,18.3799999999992,-18.3799999999992,-1.0
1000,2026.06.02 18:43:04,stop_loss,buy,0.01,4501.38,4479.218,4545.323,4479.218,22.162000000000262,-22.162000000000262,-1.0
1001,2026.06.02 23:10:55,stop_loss,buy,0.01,4495.17,4476.53,4532.45,4476.53,18.640000000000327,-18.640000000000327,-1.0
1002,2026.06.02 23:10:55,stop_loss,buy,0.01,4490.951,4476.53,4519.253,4476.53,14.421000000000278,-14.421000000000278,-1.0
1005,2026.06.02 23:16:57,stop_loss,buy,0.01,4487.641,4473.557,4515.647,4473.557,14.083999999999833,-14.083999999999833,-1.0
1006,2026.06.02 23:16:57,stop_loss,buy,0.01,4488.498,4473.557,4518.05,4473.557,14.940999999999804,-14.940999999999804,-1.0
1017,2026.06.04 11:36:24,stop_loss,buy,0.01,4463.921,4484.088,4497.455,4484.088,20.16699999999946,20.16699999999946,1.0
1018,2026.06.04 11:48:38,take_profit,buy,0.01,4460.77,4439.573,4503.701,4503.701,21.197000000000116,42.930999999999585,2.0253337736471835
1019,2026.06.04 11:51:32,take_profit,buy,0.01,4461.223,4439.573,4504.523,4504.523,21.649999999999636,43.30000000000018,2.000000000000042
1023,2026.06.05 00:12:16,stop_loss,buy,0.01,4478.299,4456.812,4521.273,4456.812,21.48700000000008,-21.48700000000008,-1.0
1024,2026.06.05 00:12:16,stop_loss,buy,0.01,4479.018,4456.812,4523.43,4456.812,22.20600000000013,-22.20600000000013,-1.0
1025,2026.06.05 00:12:16,stop_loss,buy,0.01,4478.827,4456.812,4522.857,4456.812,22.015000000000327,-22.015000000000327,-1.0
1026,2026.06.05 00:12:16,stop_loss,buy,0.01,4477.603,4456.812,4519.185,4456.812,20.791000000000167,-20.791000000000167,-1.0
1034,2026.06.08 23:34:32,take_profit,sell,0.03,4328.299,4334.202,4316.499,4316.499,17.709000000000742,35.400000000000546,1.9989835676773993
1031,2026.06.08 23:36:44,stop_loss,sell,0.03,4327.005,4321.893,4313.746,4321.893,15.336000000000238,15.336000000000238,1.0
1032,2026.06.08 23:49:00,take_profit,sell,0.03,4327.739,4334.424,4314.537,4314.537,20.0550000000012,39.60599999999795,1.9748691099474234
1033,2026.06.08 23:49:01,take_profit,sell,0.03,4327.438,4334.044,4314.226,4314.226,19.8179999999993,39.63600000000133,2.0000000000001377
1039,2026.06.09 12:30:07,stop_loss,buy,0.02,4330.022,4335.056,4347.392,4335.056,10.067999999999302,10.067999999999302,1.0
1041,2026.06.09 13:49:20,stop_loss,buy,0.01,4337.702,4355.879,4364.874,4355.879,18.17699999999968,18.17699999999968,1.0
1043,2026.06.15 20:12:37,stop_loss,buy,0.05,4321.069,4316.199,4330.809,4316.199,24.350000000004002,-24.350000000004002,-1.0
1045,2026.06.15 20:14:35,stop_loss,buy,0.05,4320.533,4315.868,4329.452,4315.868,23.324999999999818,-23.324999999999818,-1.0
1044,2026.06.15 20:16:30,stop_loss,buy,0.05,4319.472,4314.701,4329.014,4314.701,23.854999999998654,-23.854999999998654,-1.0
1049,2026.06.17 01:15:35,stop_loss,buy,0.01,4339.518,4344.894,4387.502,4344.894,5.376000000000204,5.376000000000204,1.0
1051,2026.06.17 04:34:25,stop_loss,buy,0.01,4334.048,4321.941,4358.721,4321.941,12.106999999999971,-12.106999999999971,-1.0
1054,2026.06.17 13:37:18,stop_loss,sell,0.02,4328.852,4339.867,4306.822,4339.867,22.030000000000655,-22.030000000000655,-1.0
1055,2026.06.17 13:37:18,stop_loss,sell,0.02,4329.511,4339.867,4308.799,4339.867,20.711999999999534,-20.711999999999534,-1.0
1056,2026.06.17 13:45:09,stop_loss,sell,0.01,4323.447,4342.774,4284.598,4342.774,19.327000000000226,-19.327000000000226,-1.0
1057,2026.06.17 13:45:09,stop_loss,sell,0.01,4323.253,4343.01,4282.242,4343.01,19.757000000000517,-19.757000000000517,-1.0
1058,2026.06.17 13:45:09,stop_loss,sell,0.01,4323.21,4343.01,4283.802,4343.01,19.800000000000182,-19.800000000000182,-1.0
1059,2026.06.17 13:45:09,stop_loss,sell,0.01,4324.177,4343.01,4284.345,4343.01,18.83300000000054,-18.83300000000054,-1.0
1050,2026.06.17 13:54:38,stop_loss,buy,0.01,4337.929,4339.497,4383.065,4339.497,1.568000000000211,1.568000000000211,1.0
1067,2026.06.18 18:36:46,stop_loss,buy,0.02,4228.652,4220.628,4244.7,4220.628,16.048000000000684,-16.048000000000684,-1.0
1068,2026.06.18 18:40:02,stop_loss,buy,0.02,4228.173,4220.269,4243.981,4220.269,15.807999999999083,-15.807999999999083,-1.0
1071,2026.06.18 19:00:52,stop_loss,buy,0.03,4224.865,4217.601,4239.393,4217.601,21.79200000000037,-21.79200000000037,-1.0
1072,2026.06.18 19:02:33,stop_loss,buy,0.03,4221.849,4214.644,4236.433,4214.644,21.61499999999978,-21.61499999999978,-1.0
1075,2026.06.25 14:03:46,stop_loss,sell,0.01,4029.073,4018.339,3994.187,4018.339,10.733999999999924,10.733999999999924,1.0
1078,2026.06.25 15:21:35,stop_loss,sell,0.02,4008.023,4018.618,3987.022,4018.618,21.1899999999996,-21.1899999999996,-1.0
1076,2026.06.26 02:46:37,take_profit,sell,0.01,4030.827,4007.133,3991.281,3991.281,23.694000000000415,39.54600000000028,1.669030134211175
1081,2026.06.26 09:19:13,stop_loss,buy,0.04,4034.246,4034.526,4043.616,4034.526,1.1199999999989814,1.1199999999989814,1.0
1083,2026.06.26 13:01:01,stop_loss,buy,0.01,4048.369,4056.876,4077.873,4056.876,8.507000000000062,8.507000000000062,1.0
1085,2026.06.29 08:42:35,stop_loss,buy,0.03,4064.545,4058.101,4077.328,4058.101,19.33199999999988,-19.33199999999988,-1.0
1087,2026.06.29 08:43:57,stop_loss,buy,0.03,4063.87,4057.063,4077.484,4057.063,20.420999999999367,-20.420999999999367,-1.0
1088,2026.06.29 08:44:30,stop_loss,buy,0.03,4062.561,4056.316,4075.051,4056.316,18.735000000001037,-18.735000000001037,-1.0
1086,2026.06.29 08:44:36,stop_loss,buy,0.03,4061.846,4055.283,4075.185,4055.283,19.689000000000302,-19.689000000000302,-1.0
1093,2026.06.29 08:57:52,stop_loss,buy,0.03,4055.711,4049.334,4068.948,4049.334,19.130999999999858,-19.130999999999858,-1.0
1095,2026.06.30 13:00:13,stop_loss,sell,0.03,4018.145,4017.425,4007.182,4017.425,2.1599999999993997,2.1599999999993997,1.0
1097,2026.06.30 13:07:29,stop_loss,sell,0.04,4014.19,4019.847,4002.876,4019.847,22.62800000000061,-22.62800000000061,-1.0
1096,2026.06.30 13:07:49,stop_loss,sell,0.03,4014.734,4020.714,4003.452,4020.714,17.940000000000055,-17.940000000000055,-1.0
1101,2026.06.30 13:53:23,stop_loss,sell,0.01,4019.756,4031.072,3997.124,4031.072,11.316000000000258,-11.316000000000258,-1.0
1103,2026.06.30 14:09:51,stop_loss,sell,0.01,4029.964,4043.916,4000.932,4043.916,13.952000000000226,-13.952000000000226,-1.0
1105,2026.06.30 14:23:42,stop_loss,sell,0.01,4043.41,4060.527,4009.491,4060.527,17.11700000000019,-17.11700000000019,-1.0
1106,2026.06.30 19:55:06,take_profit,sell,0.01,4048.8,4066.259,4015.865,4015.865,17.458999999999833,32.9350000000004,1.8864196116616483
1109,2026.07.01 13:38:57,stop_loss,sell,0.01,4047.85,4061.766,4019.865,4061.766,13.916000000000167,-13.916000000000167,-1.0
1111,2026.07.01 13:43:56,stop_loss,sell,0.01,4071.39,4087.251,4037.706,4087.251,15.861000000000331,-15.861000000000331,-1.0
1113,2026.07.01 19:40:23,take_profit,sell,0.01,4097.992,4077.191,4054.984,4054.984,20.801000000000386,43.008000000000266,2.067592904187273
1115,2026.07.02 11:04:06,stop_loss,buy,0.03,4066.888,4060.415,4079.834,4060.415,19.41899999999987,-19.41899999999987,-1.0
1117,2026.07.02 12:30:04,take_profit,buy,0.02,4065.687,4057.765,4081.465,4081.465,15.844000000000053,31.556000000000495,1.9916687705125213
1118,2026.07.02 12:30:05,take_profit,buy,0.02,4066.908,4057.765,4085.194,4085.194,18.286000000000058,36.572000000000116,2.0
1121,2026.07.02 13:33:42,stop_loss,sell,0.01,4126.381,4126.069,4096.404,4126.069,0.31199999999989814,0.31199999999989814,1.0
1124,2026.07.06 12:43:29,take_profit,sell,0.01,4156.665,4168.937,4132.121,4132.121,12.271999999999935,24.54399999999987,2.0
1123,2026.07.06 12:45:52,stop_loss,sell,0.01,4154.138,4137.274,4118.084,4137.274,16.863999999999578,16.863999999999578,1.0
1140,2026.07.07 00:17:59,take_profit,sell,0.04,4163.798,4169.302,4152.319,4152.319,22.01599999999962,45.91599999999744,2.0855741279068964
1125,2026.07.07 00:19:50,stop_loss,sell,0.01,4153.594,4156.797,4111.919,4156.797,3.2029999999995202,-3.2029999999995202,-1.0
1139,2026.07.07 00:38:13,take_profit,sell,0.03,4162.92,4169.302,4150.933,4150.933,19.14599999999882,35.96100000000024,1.878251331871015
1136,2026.07.07 00:59:27,take_profit,sell,0.03,4161.903,4169.302,4147.105,4147.105,22.196999999998297,44.39400000000205,2.000000000000246
1138,2026.07.07 01:00:02,take_profit,sell,0.02,4161.083,4169.302,4144.645,4144.645,16.438000000000102,32.875999999998385,1.9999999999998894
1137,2026.07.07 01:00:07,take_profit,sell,0.02,4160.163,4169.302,4141.885,4141.885,18.278000000000247,36.555999999998676,1.9999999999999005
1129,2026.07.07 01:10:45,take_profit,sell,0.01,4163.877,4176.293,4138.94,4138.94,12.415999999999258,24.937000000000808,2.008456829897092
1135,2026.07.07 01:16:41,take_profit,sell,0.01,4162.896,4176.293,4135.937,4135.937,13.396999999999935,26.958999999999833,2.0123161901918314
1134,2026.07.07 01:22:12,take_profit,sell,0.01,4162.099,4176.293,4133.711,4133.711,14.193999999999503,28.38799999999992,2.0000000000000644
1130,2026.07.07 01:22:56,take_profit,sell,0.01,4161.753,4176.293,4132.673,4132.673,14.539999999999964,29.079999999999927,2.0
1133,2026.07.07 01:27:07,take_profit,sell,0.01,4161.241,4176.293,4131.137,4131.137,15.05199999999968,30.10400000000027,2.0000000000000604
1131,2026.07.07 01:27:09,take_profit,sell,0.01,4160.959,4176.293,4129.964,4129.964,15.333999999999834,30.99499999999989,2.0213251597756767
1132,2026.07.07 03:48:55,take_profit,sell,0.01,4159.293,4176.293,4125.293,4125.293,17.0,34.0,2.0
1126,2026.07.07 05:40:20,take_profit,sell,0.01,4155.258,4174.319,4117.136,4117.136,19.061000000000604,38.12199999999939,1.9999999999999045
1155,2026.07.07 12:09:42,stop_loss,sell,0.01,4145.524,4167.628,4101.316,4167.628,22.10399999999936,-22.10399999999936,-1.0
1175,2026.07.07 18:30:46,take_profit,sell,0.07,4146.036,4149.379,4139.35,4139.35,23.400999999998934,46.80199999999787,2.0
1174,2026.07.07 18:30:46,take_profit,sell,0.07,4145.875,4149.27,4139.085,4139.085,23.76500000000306,47.52999999999975,1.9999999999997322
1173,2026.07.07 18:30:46,take_profit,sell,0.07,4145.977,4149.459,4139.013,4139.013,24.3739999999998,48.7479999999996,2.0
1177,2026.07.07 18:32:49,take_profit,sell,0.07,4145.119,4148.289,4138.779,4138.779,22.190000000000513,44.37999999999466,1.9999999999997131
1179,2026.07.07 18:33:15,take_profit,sell,0.07,4144.583,4147.712,4138.025,4138.025,21.903000000005708,45.90599999999995,2.0958772770847824
1178,2026.07.07 18:33:21,take_profit,sell,0.07,4143.713,4146.934,4137.271,4137.271,22.547000000003212,45.09400000000006,1.9999999999997176
1176,2026.07.07 18:33:39,take_profit,sell,0.05,4146.883,4151.752,4137.145,4137.145,24.345000000002983,48.68999999999687,1.9999999999996265
1184,2026.07.07 18:33:39,take_profit,sell,0.08,4142.849,4145.956,4136.791,4136.791,24.855999999999767,48.46399999999994,1.9497907949790954
1157,2026.07.07 18:36:43,stop_loss,sell,0.01,4140.372,4141.035,4095.466,4141.035,0.6629999999995562,-0.6629999999995562,-1.0
1185,2026.07.07 18:49:14,take_profit,sell,0.08,4141.873,4144.75,4135.564,4135.564,23.01600000000326,50.471999999994296,2.192909280499963
1183,2026.07.07 18:49:16,take_profit,sell,0.08,4141.759,4144.882,4135.513,4135.513,24.98399999999674,49.96800000000076,2.0000000000002913
1197,2026.07.07 18:49:16,take_profit,sell,0.08,4141.868,4145.197,4135.21,4135.21,26.63199999999779,53.26400000000285,2.000000000000273
1196,2026.07.07 18:49:17,take_profit,sell,0.08,4141.449,4144.682,4134.983,4134.983,25.864000000001397,51.727999999995525,1.999999999999719
1180,2026.07.07 18:49:17,take_profit,sell,0.06,4142.472,4146.332,4134.752,4134.752,23.160000000003492,46.31999999999607,1.9999999999995288
1182,2026.07.07 18:49:19,take_profit,sell,0.06,4142.158,4146.332,4133.81,4133.81,25.043999999999865,50.08799999999973,2.0
1181,2026.07.07 18:49:21,take_profit,sell,0.05,4141.852,4146.332,4132.892,4132.892,22.400000000002365,44.80000000000018,1.999999999999797
1168,2026.07.07 18:51:19,take_profit,sell,0.03,4145.817,4153.948,4129.555,4129.555,24.39300000000094,48.78599999999915,1.999999999999888
1169,2026.07.07 18:51:19,take_profit,sell,0.03,4145.544,4153.948,4129.243,4129.243,25.21200000000135,48.90299999999843,1.9396715849593769
1172,2026.07.07 18:51:24,take_profit,sell,0.02,4145.18,4153.948,4127.851,4127.851,17.536000000000058,34.658000000001266,1.9763914233577298
1194,2026.07.07 18:53:02,take_profit,sell,0.04,4138.769,4144.647,4127.013,4127.013,23.511999999998807,47.02400000000125,2.0000000000001545
1158,2026.07.07 18:56:14,stop_loss,sell,0.01,4141.071,4130.189,4097.731,4130.189,10.881999999999607,10.881999999999607,1.0
1170,2026.07.07 19:01:06,take_profit,sell,0.02,4143.1,4153.948,4120.789,4120.789,21.695999999999913,44.62200000000121,2.05669247787617
1171,2026.07.07 19:01:06,take_profit,sell,0.02,4143.071,4153.948,4120.294,4120.294,21.754000000000815,45.55400000000009,2.094051668658563
1205,2026.07.07 19:07:15,take_profit,sell,0.02,4134.859,4145.197,4114.339,4114.339,20.675999999999476,41.04000000000087,1.9849100406269062
1161,2026.07.07 19:07:16,take_profit,sell,0.01,4145.786,4162.825,4112.215,4112.215,17.03899999999976,33.57099999999991,1.9702447326721277
1167,2026.07.07 19:07:57,take_profit,sell,0.01,4145.172,4162.825,4109.365,4109.365,17.653000000000247,35.80699999999979,2.028380445250059
1160,2026.07.07 19:07:57,take_profit,sell,0.01,4144.868,4162.825,4108.462,4108.462,17.956999999999425,36.40599999999995,2.027398785988813
1165,2026.07.07 19:10:35,take_profit,sell,0.01,4144.517,4162.825,4107.901,4107.901,18.307999999999993,36.615999999999985,2.0
1166,2026.07.07 19:10:35,take_profit,sell,0.01,4144.704,4162.825,4108.129,4108.129,18.121000000000095,36.57499999999982,2.0183764692897537
1163,2026.07.07 19:11:20,take_profit,sell,0.01,4144.287,4162.825,4107.211,4107.211,18.537999999999556,37.07600000000002,2.000000000000049
1159,2026.07.07 19:11:23,take_profit,sell,0.01,4144.186,4115.502,4106.407,4106.407,28.683999999999287,37.77899999999954,1.3170757216566895
1164,2026.07.07 19:11:52,take_profit,sell,0.01,4143.44,4162.825,4104.349,4104.349,19.38500000000022,39.09099999999944,2.0165591952540107
1162,2026.07.07 19:12:20,take_profit,sell,0.01,4143.313,4162.825,4104.289,4104.289,19.511999999999716,39.02400000000034,2.0000000000000466
1212,2026.07.07 19:15:40,take_profit,sell,0.02,4126.797,4140.051,4100.829,4100.829,26.50800000000163,51.935999999999694,1.9592575826164367
1210,2026.07.08 08:17:57,take_profit,sell,0.01,4127.286,4145.197,4091.014,4091.014,17.911000000000058,36.271999999999935,2.0251242253363753
1215,2026.07.08 08:18:07,take_profit,sell,0.01,4121.911,4140.051,4085.481,4085.481,18.140000000000327,36.429999999999836,2.008269018743064
1220,2026.07.08 08:58:48,take_profit,sell,0.01,4111.234,4140.051,4053.783,4053.783,28.81700000000001,57.45100000000048,1.9936495818440663
1231,2026.07.10 14:33:06,stop_loss,buy,0.01,4107.934,4078.186,4167.586,4078.186,29.748000000000047,-29.748000000000047,-1.0
1233,2026.07.14 13:01:53,stop_loss,sell,0.02,4095.959,4083.45,4068.032,4083.45,25.01800000000003,25.01800000000003,1.0
1237,2026.07.15 15:20:32,take_profit,sell,0.03,4062.192,4071.425,4042.979,4042.979,27.699000000000524,57.63900000000057,2.080905447850084
1236,2026.07.15 15:20:33,take_profit,sell,0.03,4062.149,4071.936,4042.26,4042.26,29.361000000000786,59.66699999999901,2.032185552263118
1243,2026.07.15 15:20:33,take_profit,sell,0.05,4054.666,4061.051,4041.896,4041.896,31.92499999999882,63.849999999999916,2.000000000000071
1241,2026.07.15 15:20:36,take_profit,sell,0.03,4060.529,4069.901,4041.269,4041.269,28.11599999999953,57.780000000000655,2.055057618437958
1239,2026.07.15 15:20:37,take_profit,sell,0.03,4059.824,4069.195,4041.082,4041.082,28.113000000000284,56.22600000000057,2.0
1242,2026.07.15 15:22:13,take_profit,sell,0.03,4059.239,4068.627,4040.463,4040.463,28.16399999999976,56.32799999999952,2.0
1235,2026.07.15 15:29:30,stop_loss,sell,0.03,4058.625,4049.901,4039.093,4049.901,26.172000000000477,26.172000000000477,1.0
1238,2026.07.15 16:10:57,take_profit,sell,0.03,4057.382,4049.139,4038.736,4038.736,24.72899999999981,55.93800000000056,2.262040519228476
1258,2026.07.15 16:17:06,take_profit,sell,0.05,4050.356,4056.96,4037.148,4037.148,33.01999999999907,66.04000000000042,2.000000000000069
1240,2026.07.15 16:17:08,take_profit,sell,0.03,4055.954,4065.674,4036.823,4036.823,29.159999999999396,57.39300000000094,1.9682098765432827
1257,2026.07.15 16:19:46,take_profit,sell,0.04,4049.378,4056.531,4035.204,4035.204,28.61199999999917,56.69599999999991,1.9815462043898209
1254,2026.07.15 16:19:47,take_profit,sell,0.04,4049.277,4056.673,4033.372,4033.372,29.583999999998923,63.6200000000008,2.1504867495944806
1256,2026.07.15 16:19:47,take_profit,sell,0.04,4048.609,4056.202,4033.27,4033.27,30.372000000001208,61.35599999999977,2.0201501382851745
1255,2026.07.15 16:34:39,take_profit,sell,0.04,4048.153,4056.202,4032.586,4032.586,32.19600000000173,62.268000000000036,1.934029071934299
1259,2026.07.15 16:35:15,take_profit,sell,0.03,4046.871,4056.202,4028.209,4028.209,27.99300000000039,55.98600000000078,2.0
1244,2026.07.15 17:35:23,stop_loss,sell,0.02,4044.285,4056.202,4020.016,4056.202,23.834000000000742,-23.834000000000742,-1.0
1245,2026.07.15 17:35:23,stop_loss,sell,0.03,4045.793,4056.202,4025.332,4056.202,31.227000000000317,-31.227000000000317,-1.0
1252,2026.07.15 17:35:23,stop_loss,sell,0.03,4044.94,4056.202,4022.416,4056.202,33.78600000000051,-33.78600000000051,-1.0
1260,2026.07.15 17:35:23,stop_loss,sell,0.02,4043.555,4056.202,4018.261,4056.202,25.29400000000078,-25.29400000000078,-1.0
1261,2026.07.15 17:35:23,stop_loss,sell,0.02,4042.223,4056.241,4014.04,4056.241,28.03600000000006,-28.03600000000006,-1.0
1263,2026.07.15 17:35:23,stop_loss,sell,0.02,4038.265,4056.241,4002.655,4056.241,35.952000000000226,-35.952000000000226,-1.0
1269,2026.07.15 17:35:23,stop_loss,sell,0.01,4034.041,4056.241,3989.488,4056.241,22.199999999999818,-22.199999999999818,-1.0
1270,2026.07.15 17:35:23,stop_loss,sell,0.01,4035.745,4056.241,3994.753,4056.241,20.496000000000095,-20.496000000000095,-1.0
1271,2026.07.15 17:35:23,stop_loss,sell,0.01,4034.905,4056.241,3992.077,4056.241,21.335999999999785,-21.335999999999785,-1.0
1273,2026.07.15 17:35:47,stop_loss,sell,0.01,4031.04,4058.578,3975.964,4058.578,27.53800000000001,-27.53800000000001,-1.0
1275,2026.07.15 17:35:47,stop_loss,sell,0.01,4030.192,4058.578,3974.113,4058.578,28.385999999999967,-28.385999999999967,-1.0
1276,2026.07.15 17:35:47,stop_loss,sell,0.01,4028.47,4058.578,3968.728,4058.578,30.108000000000175,-30.108000000000175,-1.0
1277,2026.07.15 17:35:47,stop_loss,sell,0.01,4035.262,4058.578,3989.14,4058.578,23.315999999999804,-23.315999999999804,-1.0
1278,2026.07.15 17:35:47,stop_loss,sell,0.01,4034.001,4058.578,3984.847,4058.578,24.57699999999977,-24.57699999999977,-1.0
1279,2026.07.15 17:35:47,stop_loss,sell,0.01,4034.102,4058.578,3983.764,4058.578,24.476000000000113,-24.476000000000113,-1.0
1280,2026.07.15 17:43:55,stop_loss,sell,0.01,4037.433,4062.03,3988.92,4062.03,24.597000000000207,-24.597000000000207,-1.0
1281,2026.07.15 17:43:55,stop_loss,sell,0.01,4036.772,4062.03,3986.256,4062.03,25.258000000000262,-25.258000000000262,-1.0
1299,2026.07.17 20:19:03,stop_loss,buy,0.01,4013.528,4010.11,4064.88,4010.11,3.417999999999665,-3.417999999999665,-1.0
1303,2026.07.19 22:04:42,stop_loss,buy,0.03,4005.69,3996.035,4025.0,3996.035,28.9650000000006,-28.9650000000006,-1.0
1304,2026.07.19 22:04:42,stop_loss,buy,0.03,4005.63,3996.035,4024.364,3996.035,28.785000000000764,-28.785000000000764,-1.0
1305,2026.07.19 22:04:42,stop_loss,buy,0.03,4006.639,3996.035,4027.847,3996.035,31.812000000000808,-31.812000000000808,-1.0
1300,2026.07.20 00:01:01,stop_loss,buy,0.01,4009.744,3987.852,4053.528,3987.852,21.89200000000028,-21.89200000000028,-1.0
1301,2026.07.20 07:48:52,stop_loss,buy,0.01,4010.641,4016.468,4073.651,4016.468,5.826999999999771,5.826999999999771,1.0
1312,2026.07.20 08:03:54,take_profit,buy,0.03,4003.946,3993.611,4024.616,4024.616,31.00500000000011,62.01000000000022,2.0
1311,2026.07.20 08:24:55,take_profit,buy,0.02,4005.598,3993.611,4029.572,4029.572,23.97400000000016,47.94800000000032,2.0
1322,2026.07.20 11:30:38,take_profit,buy,0.04,4020.401,4012.667,4035.716,4035.716,30.935999999999698,61.26000000000021,1.9802172226532457
1302,2026.07.20 11:31:18,stop_loss,buy,0.01,4013.471,4027.453,4080.889,4027.453,13.981999999999973,13.981999999999973,1.0
1321,2026.07.20 11:34:15,take_profit,buy,0.04,4020.737,4012.667,4036.877,4036.877,32.280000000000655,64.55999999999949,1.9999999999999436
1320,2026.07.20 11:34:17,take_profit,buy,0.03,4019.463,4010.693,4037.621,4037.621,26.309999999999945,54.4739999999997,2.07046750285062
1313,2026.07.20 11:34:19,take_profit,buy,0.02,4008.605,3993.611,4038.593,4038.593,29.988000000000287,59.975999999999665,1.9999999999999696
1319,2026.07.20 12:15:27,stop_loss,buy,0.03,4022.07,4010.693,4044.557,4010.693,34.13099999999986,-34.13099999999986,-1.0
1323,2026.07.20 12:24:48,stop_loss,buy,0.02,4022.052,4007.543,4051.226,4007.543,29.018000000000026,-29.018000000000026,-1.0
1315,2026.07.21 06:11:17,take_profit,buy,0.01,4017.906,3992.084,4069.55,4069.55,25.822000000000116,51.64400000000023,2.0
1317,2026.07.21 18:27:07,take_profit,buy,0.01,4024.292,3992.614,4087.291,4087.291,31.677999999999884,62.99900000000025,1.9887303491382184
1339,2026.07.22 22:00:48,stop_loss,buy,0.03,4136.188,4126.239,4156.086,4126.239,29.84700000000157,-29.84700000000157,-1.0
1340,2026.07.22 22:00:48,stop_loss,buy,0.03,4137.656,4126.239,4160.49,4126.239,34.25100000000111,-34.25100000000111,-1.0
1341,2026.07.22 22:00:48,stop_loss,buy,0.04,4135.248,4126.239,4153.116,4126.239,36.03600000000006,-36.03600000000006,-1.0
1336,2026.07.22 22:00:49,stop_loss,buy,0.01,4142.381,4117.429,4193.173,4117.429,24.952000000000226,-24.952000000000226,-1.0
1337,2026.07.22 22:00:49,stop_loss,buy,0.01,4142.822,4117.429,4193.068,4117.429,25.393000000000033,-25.393000000000033,-1.0
1338,2026.07.22 22:00:49,stop_loss,buy,0.01,4137.075,4117.429,4176.367,4117.429,19.64599999999973,-19.64599999999973,-1.0
1333,2026.07.23 07:07:41,stop_loss,buy,0.01,4144.534,4111.497,4211.088,4111.497,33.03699999999935,-33.03699999999935,-1.0
1334,2026.07.23 07:07:41,stop_loss,buy,0.01,4145.974,4111.497,4215.834,4111.497,34.47699999999986,-34.47699999999986,-1.0
1335,2026.07.23 07:07:41,stop_loss,buy,0.01,4139.325,4111.497,4195.134,4111.497,27.82799999999952,-27.82799999999952,-1.0
