position_id,entry_time,exit_time,direction,entry_price,exit_price,sl,tp,stop_dist,net_pnl,balance,exit_reason,entry_ticket,exit_ticket
1,2025-10-01 17:10:00,2025-10-01 18:00:30,buy,3869.5,3859.002,3859.006,3890.488,10.494000000000142,-12.08,2987.92,sl 3859.006,7,11
2,2025-10-01 17:15:00,2025-10-01 18:00:30,buy,3870.055,3859.002,3859.006,3892.153,11.048999999999978,-10.5,2977.42,sl 3859.006,8,12
3,2025-10-01 17:20:00,2025-10-01 18:00:30,buy,3870.367,3859.002,3859.006,3893.089,11.361000000000331,-11.06,2966.36,sl 3859.006,9,13
4,2025-10-01 17:25:00,2025-10-01 18:00:30,buy,3871.554,3859.002,3859.006,3896.65,12.54800000000023,-11.37,2954.9900000000002,sl 3859.006,10,14
5,2025-10-01 18:00:30,2025-10-01 18:00:30,buy,3859.002,3859.002,3859.006,3896.65,0.0039999999999054126,-12.55,2942.4399999999996,sl 3859.006,15,15
6,2025-10-01 16:55:00,2025-10-01 18:00:37,buy,3870.031,3858.538,3858.56,3892.973,11.471000000000004,-12.15,2930.29,sl 3858.560,4,16
7,2025-10-01 17:00:00,2025-10-01 18:00:37,buy,3871.021,3858.538,3858.56,3895.943,12.46100000000024,-11.49,2918.8,sl 3858.560,5,17
8,2025-10-01 17:05:00,2025-10-01 18:00:37,buy,3871.078,3858.538,3859.006,3895.222,12.072000000000116,-12.48,2906.32,sl 3858.560,6,18
9,2025-10-02 08:57:15,2025-10-02 08:57:15,sell,3878.81,3878.81,3878.806,3843.307,0.0039999999999054126,-11.84,2894.48,sl 3878.806,20,20
10,2025-10-03 03:43:15,2025-10-03 03:43:15,sell,3842.444,3842.444,3842.434,3830.439,0.009999999999763531,14.03,2908.51,sl 3842.434,22,22
11,2025-10-07 08:10:00,2025-10-07 09:17:34,buy,3945.334,3959.795,3937.689,3960.624,7.644999999999982,15.52,2924.03,tp 3959.778,25,32
12,2025-10-07 08:15:00,2025-10-07 09:17:54,buy,3946.581,3960.626,3938.658,3962.427,7.923000000000229,15.3,2939.3300000000004,tp 3960.624,26,33
13,2025-10-07 08:35:00,2025-10-07 09:24:39,buy,3952.128,3962.418,3946.475,3963.434,5.653000000000247,23.17,2962.5,tp 3962.399,29,35
14,2025-10-07 08:25:00,2025-10-07 09:24:39,buy,3953.477,3962.439,3947.904,3964.623,5.572999999999865,15.86,2978.36,tp 3962.427,27,36
15,2025-10-07 09:10:00,2025-10-07 09:25:41,buy,3954.878,3963.442,3945.753,3973.128,9.125,22.62,3000.98,tp 3963.434,30,37
16,2025-10-07 08:05:00,2025-10-07 09:52:28,buy,3944.284,3956.386,3936.537,3959.778,7.747000000000298,4.89,3005.87,sl 3956.387,24,39
17,2025-10-07 08:30:00,2025-10-07 11:44:19,buy,3950.837,3964.642,3945.056,3962.399,5.780999999999949,22.33,3028.2,tp 3964.623,28,40
18,2025-10-07 09:15:00,2025-10-07 12:43:41,buy,3958.911,3973.147,3945.753,3985.227,13.157999999999902,18.27,3046.47,tp 3973.128,31,42
19,2025-10-07 13:09:20,2025-10-07 13:09:20,sell,3983.882,3983.882,3945.753,3983.865,38.128999999999905,25.42,3071.89,tp 3983.865,43,43
20,2025-10-07 13:09:42,2025-10-07 13:09:42,sell,3985.241,3985.241,3945.753,3985.227,39.48799999999983,26.33,3098.22,tp 3985.227,44,44
21,2025-10-07 15:18:36,2025-10-07 15:18:36,sell,3989.452,3989.452,3945.753,3989.436,43.69900000000007,29.14,3127.3599999999997,tp 3989.436,45,45
22,2025-10-07 23:01:40,2025-10-07 23:01:40,sell,3992.115,3992.115,3960.794,3992.108,31.320999999999913,20.89,3148.25,tp 3992.108,46,46
23,2025-10-09 12:54:40,2025-10-09 12:54:40,sell,4049.991,4049.991,4049.983,4007.998,0.007999999999810825,-14.0,3134.25,sl 4049.983,48,48
24,2025-10-10 16:06:39,2025-10-10 16:06:39,buy,3984.433,3984.433,3984.438,4020.03,0.005000000000109139,-11.88,3122.37,sl 3984.438,50,50
25,2025-10-10 16:15:00,2025-10-10 16:19:41,buy,3990.178,3978.213,3977.827,4014.946,12.350999999999658,-12.13,3110.24,sl 3978.223,52,53
26,2025-10-10 16:19:42,2025-10-10 16:19:42,buy,3977.813,3977.813,3977.827,4014.946,0.014000000000123691,-12.37,3097.87,sl 3977.827,54,54
27,2025-10-10 17:02:39,2025-10-10 17:02:39,buy,3975.963,3975.963,3975.963,4011.948,0.0,-12.0,3085.87,sl 3975.963,56,56
28,2025-10-10 17:15:00,2025-10-10 18:14:38,buy,3982.356,3996.294,3972.483,4002.102,9.873000000000047,19.9,3105.77,tp 3996.286,59,62
29,2025-10-10 17:10:00,2025-10-10 18:21:16,buy,3976.393,4000.62,3966.466,3996.286,9.927000000000135,19.98,3125.75,tp 4000.603,58,63
30,2025-10-10 17:20:00,2025-10-10 18:21:40,buy,3984.195,4002.11,3974.287,4004.011,9.908000000000357,19.75,3145.5,tp 4002.102,60,64
31,2025-10-10 17:25:00,2025-10-10 18:22:38,buy,3986.433,4004.04,3975.35,4008.599,11.083000000000084,19.84,3165.34,tp 4004.011,61,65
32,2025-10-10 18:23:41,2025-10-10 18:23:41,sell,4008.632,4008.632,3975.35,4008.599,33.28200000000015,22.2,3187.54,tp 4008.599,66,66
33,2025-10-14 12:45:00,2025-10-14 13:00:30,buy,4109.749,4102.214,4102.222,4124.803,7.527000000000044,-8.57,3178.97,sl 4102.222,68,71
34,2025-10-14 12:50:00,2025-10-14 13:00:30,buy,4109.098,4102.214,4102.222,4122.817,6.876000000000204,-15.07,3163.8999999999996,sl 4102.222,69,72
35,2025-10-14 12:55:00,2025-10-14 13:00:30,buy,4107.193,4102.214,4100.396,4120.787,6.79700000000048,-13.77,3150.13,sl 4102.222,70,73
36,2025-10-14 13:00:39,2025-10-14 13:00:39,buy,4100.383,4100.383,4100.396,4120.787,0.012999999999919964,-13.62,3136.51,sl 4100.396,74,74
37,2025-10-14 19:00:00,2025-10-14 19:36:20,buy,4148.414,4142.588,4142.621,4160.0,5.792999999999665,-15.06,3121.4500000000003,sl 4142.621,85,87
38,2025-10-14 19:05:00,2025-10-14 19:36:20,buy,4150.698,4142.588,4142.621,4166.852,8.077000000000226,-11.65,3109.7999999999997,sl 4142.621,86,88
39,2025-10-14 19:36:20,2025-10-14 19:36:20,buy,4142.588,4142.588,4142.621,4166.852,0.03300000000035652,-8.11,3101.69,sl 4142.621,89,89
40,2025-10-14 18:30:00,2025-10-14 19:36:42,buy,4145.994,4138.155,4138.181,4161.62,7.813000000000102,-15.12,3086.57,sl 4138.181,80,90
41,2025-10-14 18:35:00,2025-10-14 19:36:42,buy,4146.169,4138.155,4138.181,4162.145,7.988000000000284,-15.68,3070.8900000000003,sl 4138.181,81,91
42,2025-10-14 18:40:00,2025-10-14 19:36:42,buy,4147.361,4138.155,4138.181,4165.721,9.180000000000291,-8.01,3062.8799999999997,sl 4138.181,82,92
43,2025-10-14 18:45:00,2025-10-14 19:36:42,buy,4148.603,4138.155,4138.181,4169.447,10.42200000000048,-9.2,3053.6800000000003,sl 4138.181,83,93
44,2025-10-14 18:50:00,2025-10-14 19:36:42,buy,4150.12,4138.155,4142.621,4165.118,7.498999999999796,-10.44,3043.24,sl 4138.181,84,94
45,2025-10-14 17:55:00,2025-10-14 22:22:38,buy,4146.44,4158.312,4132.129,4175.062,14.310999999999694,12.9,3056.14,sl 4158.336,76,95
46,2025-10-14 18:25:00,2025-10-15 01:02:42,buy,4145.715,4169.87,4138.181,4160.783,7.53400000000056,25.17,3080.77,tp 4169.848,79,96
47,2025-10-14 18:10:00,2025-10-15 01:05:21,buy,4147.776,4175.072,4132.129,4179.07,15.646999999999935,28.63,3108.86,tp 4175.062,77,97
48,2025-10-14 18:20:00,2025-10-15 01:07:31,buy,4144.702,4179.077,4132.129,4169.848,12.57300000000032,31.3,3139.6200000000003,tp 4179.070,78,98
49,2025-10-24 19:20:00,2025-10-24 20:00:41,sell,4114.238,4102.278,4120.286,4102.142,6.0479999999997744,24.64,3164.2599999999998,tp 4102.283,101,102
50,2025-10-24 19:15:00,2025-10-24 20:01:30,sell,4114.599,4102.2,4120.757,4102.283,6.157999999999447,8.66,3172.92,,100,103
51,2025-10-24 20:01:30,2025-10-24 20:01:30,sell,4102.142,4102.142,4120.286,4102.142,18.144000000000233,24.2,3197.12,tp 4102.142,104,104
52,2025-10-24 19:15:00,2025-10-24 20:11:42,sell,4114.599,4096.736,4120.757,4102.283,6.157999999999447,14.12,3211.24,tp 4096.775,100,105
53,2025-10-27 07:10:40,2025-10-27 07:10:40,buy,4071.555,4071.555,4071.562,4092.217,0.007000000000061846,-13.78,3197.4599999999996,sl 4071.562,107,107
54,2025-10-27 07:25:00,2025-10-27 07:28:02,buy,4069.302,4066.378,4062.668,4082.57,6.6340000000000146,-13.73,3183.73,sl 4066.389,110,111
55,2025-10-27 07:20:00,2025-10-27 07:56:38,buy,4073.243,4064.688,4066.389,4086.951,6.8539999999998145,-14.22,3169.51,sl 4064.702,109,115
56,2025-10-27 07:40:00,2025-10-27 08:21:31,buy,4068.885,4063.346,4062.099,4082.457,6.786000000000058,-13.99,3155.5200000000004,sl 4063.370,114,116
57,2025-10-27 08:21:40,2025-10-27 08:21:40,buy,4062.655,4062.655,4062.668,4082.57,0.012999999999919964,-13.29,3142.23,sl 4062.668,117,117
58,2025-10-27 08:22:04,2025-10-27 08:22:04,buy,4062.095,4062.095,4062.099,4082.457,0.00400000000036016,-13.58,3128.65,sl 4062.099,118,118
59,2025-10-27 07:35:00,2025-10-27 08:22:14,buy,4070.341,4061.599,4063.37,4084.283,6.971000000000004,-13.9,3114.75,sl 4061.605,113,119
60,2025-10-31 12:40:00,2025-10-31 12:47:39,buy,4026.362,4033.867,4018.802,4041.482,7.559999999999945,15.88,3130.63,tp 4033.850,122,123
61,2025-10-31 12:35:00,2025-10-31 12:47:40,buy,4017.99,4034.283,4010.06,4033.85,7.929999999999836,26.36,3156.9900000000002,tp 4034.271,121,124
62,2025-10-31 13:15:00,2025-10-31 13:32:40,buy,4031.385,4020.221,4020.226,4053.703,11.159000000000106,-9.19,3147.7999999999997,sl 4020.226,126,129
63,2025-10-31 13:20:00,2025-10-31 13:32:40,buy,4029.293,4020.221,4020.226,4047.427,9.067000000000007,-11.17,3136.63,sl 4020.226,127,130
64,2025-10-31 13:30:00,2025-10-31 13:32:40,buy,4026.923,4020.221,4016.379,4047.963,10.543999999999869,-9.07,3127.56,sl 4020.226,128,131
65,2025-10-31 13:37:40,2025-10-31 13:37:40,buy,4018.799,4018.799,4018.802,4041.482,0.003000000000156433,-15.12,3112.44,sl 4018.802,132,132
66,2025-10-31 13:39:15,2025-10-31 13:39:15,buy,4016.373,4016.373,4016.379,4047.963,0.005999999999858119,-10.55,3101.89,sl 4016.379,133,133
67,2025-11-03 09:09:37,2025-11-03 09:09:37,sell,4025.8,4025.8,4025.793,3992.226,0.007000000000061846,-11.2,3090.69,sl 4025.793,135,135
68,2025-11-03 11:40:00,2025-11-03 12:34:30,sell,4005.091,4010.092,4011.376,3992.521,6.285000000000309,-12.42,3078.27,sl 4010.088,137,139
69,2025-11-03 11:50:00,2025-11-03 12:48:29,sell,4006.819,4011.407,4012.992,3994.473,6.173000000000229,-12.63,3065.64,sl 4011.376,138,140
70,2025-11-03 12:48:42,2025-11-03 12:48:42,sell,4013.014,4013.014,4012.992,3994.473,0.021999999999934516,-12.39,3053.25,sl 4012.992,141,141
71,2025-11-03 14:33:04,2025-11-03 14:33:04,buy,4002.95,4002.95,4010.411,4002.969,7.46100000000024,27.0,3080.25,tp 4002.969,143,143
72,2025-11-06 14:30:00,2025-11-06 14:41:42,buy,3992.018,3995.164,3981.584,4012.916,10.434000000000196,-0.12,3080.13,sl 3995.165,145,146
73,2025-11-06 15:03:14,2025-11-06 15:03:14,buy,3981.577,3981.577,3981.584,4012.916,0.006999999999607098,-10.44,3069.69,sl 3981.584,148,148
74,2025-11-06 15:03:14,2025-11-06 15:03:14,buy,3981.548,3981.548,3981.56,4025.642,0.012000000000170985,-14.7,3054.9900000000002,sl 3981.560,149,149
75,2025-11-06 17:15:00,2025-11-06 17:23:30,buy,3978.925,3969.486,3964.543,4007.689,14.382000000000062,-14.21,3040.7799999999997,sl 3969.492,151,153
76,2025-11-07 06:50:21,2025-11-07 06:50:21,sell,4004.682,4004.682,3964.543,4004.665,40.13899999999967,26.76,3067.0000000000005,tp 4004.665,154,154
77,2025-11-06 17:20:00,2025-11-07 06:53:32,buy,3977.917,4007.689,3964.543,4004.665,13.373999999999796,28.76,3095.2200000000003,tp 4007.689,152,155
78,2025-11-12 14:25:00,2025-11-12 14:33:42,buy,4132.771,4127.14,4127.011,4144.291,5.759999999999309,-11.76,3083.4599999999996,sl 4127.151,157,158
79,2025-11-12 14:33:42,2025-11-12 14:33:42,buy,4127.01,4127.01,4127.011,4144.291,0.0010000000002037268,-11.52,3071.94,sl 4127.011,159,159
80,2025-11-12 14:40:00,2025-11-12 15:09:42,buy,4135.777,4144.675,4125.704,4155.965,10.07300000000032,17.07,3089.01,tp 4144.661,161,164
81,2025-11-12 14:45:00,2025-11-12 15:11:30,buy,4136.396,4155.978,4125.704,4157.78,10.692000000000007,20.2,3109.21,tp 4155.965,162,165
82,2025-11-12 15:00:00,2025-11-12 15:11:39,buy,4136.807,4157.801,4125.704,4159.013,11.103000000000065,21.4,3130.61,tp 4157.780,163,166
83,2025-11-12 15:11:42,2025-11-12 15:11:42,sell,4159.026,4159.026,4125.704,4159.013,33.322000000000116,22.22,3152.83,tp 4159.013,167,167
84,2025-11-13 18:25:00,2025-11-13 18:31:18,buy,4198.695,4186.573,4183.505,4229.075,15.1899999999996,-11.22,3141.61,sl 4186.573,169,170
85,2025-11-13 18:31:21,2025-11-13 18:31:21,buy,4183.497,4183.497,4183.505,4229.075,0.007999999999810825,-15.2,3126.4100000000003,sl 4183.505,171,171
86,2025-11-17 13:05:00,2025-11-17 13:08:40,buy,4087.477,4083.447,4081.863,4098.705,5.614000000000033,3.13,3129.54,sl 4083.463,173,174
87,2025-11-17 13:09:41,2025-11-17 13:09:41,buy,4081.861,4081.861,4081.863,4098.705,0.0019999999999527063,-11.23,3118.31,sl 4081.863,175,175
88,2025-11-18 14:40:00,2025-11-18 14:57:39,sell,4077.634,4070.691,4090.857,4051.218,13.222999999999956,-1.71,3116.6,sl 4070.691,177,181
89,2025-11-18 14:45:00,2025-11-18 15:50:41,sell,4073.305,4051.203,4086.322,4047.235,13.01700000000028,26.43,3143.0299999999997,tp 4051.218,178,182
90,2025-11-18 14:55:00,2025-11-18 15:51:02,sell,4061.53,4050.628,4073.841,4036.98,12.310999999999694,24.26,3167.2900000000004,tp 4050.646,180,183
91,2025-11-18 14:50:00,2025-11-18 16:02:39,sell,4074.894,4047.212,4087.015,4050.646,12.121000000000095,26.1,3193.39,tp 4047.235,179,184
92,2025-11-18 17:40:39,2025-11-18 17:40:39,sell,4073.853,4073.853,4073.841,4036.98,0.012000000000170985,-12.32,3181.0699999999997,sl 4073.841,187,187
93,2025-11-18 17:40:00,2025-11-18 17:43:32,sell,4070.54,4075.123,4079.471,4052.678,8.93100000000004,-8.97,3172.1000000000004,sl 4075.120,186,188
94,2025-11-18 18:39:41,2025-11-18 18:39:41,sell,4072.191,4072.191,4072.172,4052.678,0.018999999999778083,-1.65,3170.45,sl 4072.172,193,193
95,2025-11-18 19:13:31,2025-11-18 19:13:31,sell,4077.958,4077.958,4077.936,4052.433,0.021999999999934516,-8.52,3161.93,sl 4077.936,194,194
96,2025-11-18 18:05:00,2025-11-18 19:18:36,sell,4069.435,4080.065,4077.936,4052.433,8.501000000000204,-8.59,3153.3399999999997,sl 4080.045,192,195
97,2025-11-18 18:00:00,2025-11-18 19:58:35,sell,4071.481,4081.568,4080.045,4054.353,8.56399999999985,-8.83,3144.51,sl 4081.568,191,196
98,2025-11-18 17:50:00,2025-11-18 19:58:39,sell,4072.742,4082.099,4081.568,4055.09,8.826000000000022,-9.0,3135.51,sl 4082.079,190,197
99,2025-11-25 18:59:32,2025-11-25 18:59:32,buy,4134.147,4134.147,4134.168,4150.479,0.02099999999973079,-10.92,3124.59,sl 4134.168,199,199
100,2025-11-26 18:45:00,2025-11-26 18:45:38,buy,4159.542,4158.407,4153.734,4171.158,5.807999999999993,-14.86,3109.73,sl 4158.428,202,203
101,2025-11-26 18:55:00,2025-11-26 19:21:29,buy,4163.341,4168.846,4159.169,4171.685,4.17200000000048,24.25,3133.98,tp 4168.846,205,209
102,2025-11-26 18:40:00,2025-11-26 19:21:40,buy,4162.122,4169.525,4158.428,4169.51,3.6940000000004147,28.88,3162.86,tp 4169.509,201,210
103,2025-11-26 19:15:00,2025-11-27 01:05:31,buy,4166.931,4160.349,4160.35,4180.093,6.5809999999992215,-13.4,3144.61,sl 4160.350,207,211
104,2025-11-26 19:20:00,2025-11-27 01:05:31,buy,4167.565,4160.349,4160.35,4181.995,7.214999999999236,-13.16,3128.2200000000003,sl 4160.350,208,212
105,2025-11-27 01:05:31,2025-11-27 01:05:31,buy,4160.349,4160.349,4160.35,4181.995,0.0010000000002037268,-14.43,3110.56,sl 4160.350,213,213
106,2025-11-26 19:00:00,2025-11-27 01:05:42,buy,4164.816,4159.146,4160.35,4173.748,4.46599999999944,-12.58,3093.13,sl 4159.169,206,214
107,2025-11-27 01:16:42,2025-11-27 01:16:42,buy,4153.707,4153.707,4153.734,4171.158,0.027000000000043656,-11.67,3078.23,sl 4153.734,215,215
108,2025-11-28 09:20:00,2025-11-28 10:33:29,buy,4166.222,4165.086,4154.793,4189.077,11.429000000000087,2.82,3081.05,sl 4165.095,217,219
109,2025-11-28 09:25:00,2025-11-28 11:54:39,buy,4161.768,4172.582,4149.151,4187.002,12.61700000000019,6.36,3087.4100000000003,sl 4172.619,218,224
110,2025-11-28 11:00:00,2025-11-28 14:00:36,buy,4163.966,4186.163,4152.732,4186.434,11.234000000000378,22.29,3109.7,tp 4186.131,222,229
111,2025-11-28 11:50:00,2025-11-28 14:00:37,buy,4173.398,4186.434,4158.35,4203.494,15.047999999999774,22.46,3132.16,tp 4186.434,223,230
112,2025-11-28 14:00:40,2025-11-28 14:00:40,sell,4187.016,4187.016,4182.276,4187.002,4.739999999999782,25.25,3157.41,tp 4187.002,231,231
113,2025-11-28 10:55:00,2025-11-28 14:12:15,buy,4163.865,4191.157,4152.732,4186.131,11.13299999999981,25.62,3183.0299999999997,tp 4191.156,221,232
114,2025-11-28 13:25:00,2025-11-28 14:22:40,buy,4169.675,4197.855,4154.656,4199.713,15.019000000000233,26.35,3209.38,tp 4197.827,228,233
115,2025-11-28 12:10:00,2025-11-28 14:23:31,buy,4171.509,4199.264,4158.35,4197.827,13.15899999999965,27.27,3236.65,tp 4199.261,227,234
116,2025-11-28 12:05:00,2025-11-28 14:23:40,buy,4171.987,4199.722,4158.35,4199.261,13.636999999999716,27.58,3264.23,tp 4199.720,226,235
117,2025-11-28 14:23:40,2025-11-28 14:23:40,sell,4199.722,4199.722,4154.656,4199.713,45.0659999999998,30.04,3294.27,tp 4199.713,236,236
118,2025-11-28 14:40:17,2025-11-28 14:40:17,sell,4203.506,4203.506,4158.35,4203.494,45.15599999999995,30.11,3324.38,tp 4203.494,237,237
119,2025-11-28 19:16:27,2025-11-28 19:16:27,buy,4217.012,4217.012,4217.034,4232.949,0.021999999999934516,17.3,3341.6800000000003,sl 4217.034,239,239
120,2025-12-01 19:00:00,2025-12-01 19:43:25,buy,4240.419,4237.19,4234.282,4252.693,6.136999999999716,-5.17,3336.5099999999998,sl 4237.192,241,248
121,2025-12-01 19:15:00,2025-12-01 19:44:53,buy,4237.853,4234.272,4232.55,4248.459,5.302999999999884,-12.3,3324.21,sl 4234.282,242,249
122,2025-12-01 19:20:00,2025-12-01 19:45:41,buy,4237.873,4232.539,4232.55,4248.519,5.322999999999411,-15.94,3308.27,sl 4232.550,243,250
123,2025-12-01 19:25:00,2025-12-01 19:45:41,buy,4238.802,4232.539,4232.55,4251.306,6.251999999999498,-16.0,3292.27,sl 4232.550,244,251
124,2025-12-01 19:30:00,2025-12-01 19:45:41,buy,4241.759,4232.539,4232.55,4260.177,9.208999999999833,-12.52,3279.75,sl 4232.550,245,252
125,2025-12-01 19:35:00,2025-12-01 19:45:41,buy,4239.865,4232.539,4232.55,4254.495,7.3149999999996,-9.22,3270.53,sl 4232.550,246,253
126,2025-12-01 19:40:00,2025-12-01 19:45:41,buy,4241.765,4232.539,4232.55,4260.195,9.215000000000146,-14.65,3255.88,sl 4232.550,247,254
127,2025-12-01 19:45:41,2025-12-01 19:45:41,buy,4232.539,4232.539,4232.55,4260.195,0.011000000000422006,-9.23,3246.65,sl 4232.550,255,255
128,2025-12-05 14:57:05,2025-12-05 14:57:05,buy,4240.938,4240.938,4240.938,4255.744,0.0,17.4,3264.05,sl 4240.938,257,257
129,2025-12-05 18:30:00,2025-12-07 23:10:03,buy,4212.766,4196.136,4196.76,4244.778,16.005999999999403,-16.47,3247.0400000000004,sl 4196.760,260,265
130,2025-12-05 18:45:00,2025-12-07 23:10:03,buy,4212.071,4196.136,4196.76,4242.693,15.310999999999694,-16.63,3229.87,sl 4196.760,261,266
131,2025-12-05 18:55:00,2025-12-07 23:10:03,buy,4210.676,4196.136,4196.713,4238.602,13.963000000000648,-15.93,3213.4,sl 4196.760,262,267
132,2025-12-05 19:00:00,2025-12-07 23:10:03,buy,4209.029,4196.136,4196.713,4233.661,12.316000000000713,-14.54,3198.32,sl 4196.713,263,268
133,2025-12-05 19:05:00,2025-12-07 23:10:03,buy,4209.381,4196.136,4196.713,4234.717,12.668000000000575,-12.89,3184.8900000000003,sl 4196.713,264,269
134,2025-12-07 23:10:03,2025-12-07 23:10:03,buy,4196.136,4196.136,4196.713,4234.717,0.5769999999993161,-13.24,3171.11,sl 4196.713,270,270
135,2025-12-05 18:25:00,2025-12-07 23:10:05,buy,4212.607,4194.044,4196.76,4244.301,15.846999999999753,-16.86,3153.71,sl 4194.824,259,271
136,2025-12-09 12:50:36,2025-12-09 12:50:36,sell,4207.159,4207.159,4207.159,4193.383,0.0,-13.78,3139.93,sl 4207.159,274,274
137,2025-12-09 12:35:00,2025-12-09 13:44:40,sell,4202.567,4200.89,4207.159,4193.383,4.5919999999996435,2.77,3142.7,sl 4200.870,273,276
138,2025-12-09 13:50:00,2025-12-09 14:11:42,buy,4200.272,4190.671,4190.686,4219.444,9.58600000000024,-10.04,3132.66,sl 4190.686,278,279
139,2025-12-09 14:11:42,2025-12-09 14:11:42,buy,4190.671,4190.671,4190.686,4219.444,0.014999999999417923,-9.6,3123.06,sl 4190.686,280,280
140,2025-12-09 14:12:04,2025-12-09 14:12:04,buy,4190.134,4190.134,4197.253,4190.144,7.118999999999687,23.63,3146.69,tp 4190.144,281,281
141,2025-12-09 16:19:04,2025-12-09 16:19:04,buy,4212.003,4212.003,4212.013,4223.061,0.010000000000218279,11.12,3157.81,sl 4212.013,283,283
142,2025-12-09 17:40:00,2025-12-09 20:25:38,buy,4206.474,4209.514,4193.715,4231.992,12.759000000000015,4.58,3162.39,sl 4209.528,285,297
143,2025-12-09 18:00:00,2025-12-10 09:46:39,buy,4203.136,4193.801,4193.846,4221.716,9.290000000000873,-12.05,3149.7999999999997,sl 4193.846,289,298
144,2025-12-09 18:05:00,2025-12-10 09:46:39,buy,4202.878,4193.801,4193.846,4220.942,9.032000000000153,-9.34,3139.92,sl 4193.846,290,299
145,2025-12-09 18:10:00,2025-12-10 09:46:39,buy,4203.421,4193.801,4193.846,4222.571,9.575000000000728,-9.08,3130.3,sl 4193.846,291,300
146,2025-12-09 18:15:00,2025-12-10 09:46:39,buy,4206.489,4193.801,4193.846,4231.775,12.643000000000029,-9.62,3120.1400000000003,sl 4193.846,292,301
147,2025-12-09 19:30:00,2025-12-10 09:46:39,buy,4208.552,4193.801,4193.637,4238.382,14.914999999999964,-12.69,3106.91,sl 4193.846,293,302
148,2025-12-09 17:45:00,2025-12-10 09:46:40,buy,4207.36,4193.701,4193.715,4234.65,13.644999999999527,-12.77,3093.6,sl 4193.715,286,303
149,2025-12-09 17:50:00,2025-12-10 09:46:40,buy,4206.837,4193.701,4193.715,4233.081,13.122000000000298,-13.66,3079.4,sl 4193.715,287,304
150,2025-12-09 17:55:00,2025-12-10 09:46:40,buy,4205.85,4193.701,4193.846,4229.858,12.004000000000815,-13.14,3065.7200000000003,sl 4193.715,288,305
151,2025-12-09 19:40:00,2025-12-10 09:46:40,buy,4209.152,4193.6,4193.637,4240.182,15.515000000000327,-14.95,3050.23,sl 4193.637,294,306
152,2025-12-09 19:45:00,2025-12-10 09:46:40,buy,4209.46,4193.6,4193.637,4241.106,15.82300000000032,-15.55,3034.14,sl 4193.637,295,307
153,2025-12-09 19:50:00,2025-12-10 09:46:40,buy,4208.293,4193.6,4193.637,4237.605,14.655999999999949,-15.86,3017.74,sl 4193.637,296,308
154,2025-12-10 09:46:40,2025-12-10 09:46:40,buy,4193.6,4193.6,4193.637,4237.605,0.03699999999935244,-14.69,3002.5099999999998,sl 4193.637,309,309
155,2025-12-15 07:45:00,2025-12-15 08:48:38,buy,4339.94,4347.615,4330.682,4358.456,9.25799999999981,22.58,3025.09,tp 4347.614,315,325
156,2025-12-15 07:25:00,2025-12-15 09:08:40,buy,4343.45,4344.016,4330.682,4368.986,12.768000000000029,0.56,3025.65,sl 4344.047,311,326
157,2025-12-15 08:15:00,2025-12-15 09:14:36,buy,4343.038,4349.372,4339.252,4350.61,3.7859999999991487,29.8,3055.4500000000003,tp 4349.368,321,327
158,2025-12-15 08:25:00,2025-12-15 09:15:03,buy,4342.842,4349.747,4339.139,4350.248,3.70299999999952,30.14,3085.5899999999997,tp 4349.734,323,328
159,2025-12-15 08:30:00,2025-12-15 09:15:15,buy,4346.091,4350.254,4341.017,4356.239,5.074000000000524,29.65,3115.2400000000002,tp 4350.248,324,329
160,2025-12-15 10:00:38,2025-12-15 10:00:38,buy,4341.0,4341.0,4341.017,4356.239,0.016999999999825377,-15.27,3099.97,sl 4341.017,330,330
161,2025-12-15 08:20:00,2025-12-15 10:31:40,buy,4342.212,4339.228,4338.451,4349.734,3.761000000000422,-15.24,3084.73,sl 4339.252,322,331
162,2025-12-15 12:10:00,2025-12-15 12:30:01,sell,4343.487,4346.73,4347.408,4335.645,3.9210000000002765,-12.05,3072.68,sl 4346.715,333,335
163,2025-12-15 12:20:00,2025-12-15 12:30:15,sell,4344.633,4347.416,4348.327,4337.245,3.6940000000004147,-11.79,3060.89,sl 4347.408,334,336
164,2025-12-15 12:34:39,2025-12-15 12:34:39,sell,4348.328,4348.328,4348.327,4337.245,0.0010000000002037268,-14.78,3046.1099999999997,sl 4348.327,337,337
165,2025-12-15 07:30:00,2025-12-15 12:49:27,buy,4344.198,4344.333,4330.682,4371.23,13.516000000000531,0.88,3046.9900000000002,sl 4344.357,312,340
166,2025-12-15 12:45:00,2025-12-15 13:04:59,sell,4345.525,4340.591,4349.19,4338.195,3.6649999999999636,28.28,3075.27,tp 4340.597,339,344
167,2025-12-15 13:00:00,2025-12-15 13:05:38,sell,4345.644,4338.67,4349.486,4337.936,3.8419999999996435,30.02,3105.29,tp 4338.678,343,346
168,2025-12-15 13:05:41,2025-12-15 13:05:41,buy,4338.188,4338.188,4349.19,4338.195,11.001999999999498,29.35,3134.64,tp 4338.195,347,347
169,2025-12-15 13:05:42,2025-12-15 13:05:42,buy,4337.926,4337.926,4349.486,4337.936,11.55999999999949,30.88,3165.52,tp 4337.936,348,348
170,2025-12-15 12:55:00,2025-12-15 13:06:38,sell,4346.176,4337.294,4349.925,4338.678,3.7489999999997963,29.43,3194.95,tp 4337.297,342,349
171,2025-12-15 13:20:14,2025-12-15 13:20:14,sell,4341.218,4341.218,4341.207,4325.31,0.01099999999951251,-10.62,3184.33,sl 4341.207,351,351
172,2025-12-15 07:35:00,2025-12-15 13:35:27,buy,4341.457,4336.646,4330.682,4363.007,10.775000000000546,-7.55,3176.7799999999997,sl 4336.647,313,353
173,2025-12-15 13:49:27,2025-12-15 13:49:27,sell,4343.748,4343.748,4343.737,4326.019,0.01099999999951251,-11.84,3164.94,sl 4343.737,354,354
174,2025-12-15 13:49:41,2025-12-15 13:49:41,sell,4344.694,4344.694,4344.692,4332.083,0.0020000000004074536,-12.61,3152.33,sl 4344.692,355,355
175,2025-12-15 07:40:00,2025-12-15 14:00:31,buy,4336.326,4330.671,4330.682,4347.614,5.644000000000233,-10.79,3141.54,sl 4330.682,314,356
176,2025-12-15 07:50:00,2025-12-15 14:00:31,buy,4340.955,4330.671,4330.682,4361.501,10.273000000000138,-9.27,3132.27,sl 4330.682,316,357
177,2025-12-15 07:55:00,2025-12-15 14:00:31,buy,4340.599,4330.671,4330.682,4360.433,9.917000000000371,-10.29,3121.98,sl 4330.682,317,358
178,2025-12-15 08:00:00,2025-12-15 14:00:31,buy,4339.481,4330.671,4330.682,4357.079,8.798999999999978,-9.93,3112.05,sl 4330.682,318,359
179,2025-12-15 08:05:00,2025-12-15 14:00:31,buy,4340.979,4330.671,4330.682,4361.573,10.29700000000048,-8.81,3103.2400000000002,sl 4330.682,319,360
180,2025-12-15 08:10:00,2025-12-15 14:00:31,buy,4341.922,4330.671,4338.199,4349.368,3.7229999999999563,-10.31,3092.93,sl 4330.682,320,361
181,2025-12-17 12:15:00,2025-12-17 13:29:41,buy,4316.784,4327.595,4303.931,4342.49,12.853000000000065,11.53,3104.46,sl 4327.611,363,366
182,2025-12-17 12:35:00,2025-12-17 13:58:32,buy,4319.382,4342.505,4303.931,4350.284,15.451000000000022,25.73,3130.19,tp 4342.490,364,367
183,2025-12-17 14:00:40,2025-12-17 14:00:40,sell,4344.904,4344.904,4303.931,4344.899,40.973000000000866,27.31,3157.5,tp 4344.899,368,368
184,2025-12-17 12:40:00,2025-12-18 16:10:40,buy,4317.587,4350.286,4303.931,4344.899,13.656000000000859,30.91,3186.79,tp 4350.284,365,369
185,2025-12-19 12:04:38,2025-12-19 12:04:38,buy,4324.934,4324.934,4324.939,4336.36,0.005000000000109139,-15.24,3171.55,sl 4324.939,371,371
186,2025-12-19 14:47:17,2025-12-19 14:47:17,buy,4322.722,4322.722,4322.728,4347.109,0.006000000000312866,-8.14,3163.4100000000003,sl 4322.728,373,373
187,2025-12-23 16:30:00,2025-12-23 16:31:41,buy,4461.715,4456.309,4455.435,4474.275,6.279999999999745,-13.48,3149.93,sl 4456.333,387,388
188,2025-12-23 15:40:00,2025-12-23 16:50:38,buy,4454.407,4471.147,4441.79,4479.641,12.61700000000019,23.56,3173.49,tp 4471.146,377,393
189,2025-12-23 15:25:00,2025-12-23 16:53:42,buy,4447.59,4474.038,4435.8,4471.146,11.789999999999964,25.39,3198.8799999999997,tp 4474.028,376,394
190,2025-12-23 15:20:00,2025-12-23 16:53:42,buy,4448.65,4474.061,4435.988,4474.028,12.661999999999352,25.49,3224.37,tp 4474.051,375,395
191,2025-12-23 16:54:21,2025-12-23 16:54:21,sell,4474.28,4474.28,4455.435,4474.275,18.844999999999345,25.13,3249.5,tp 4474.275,396,396
192,2025-12-23 16:25:00,2025-12-23 16:57:05,buy,4463.049,4476.246,4456.333,4476.481,6.716000000000349,30.57,3280.07,tp 4476.245,386,398
193,2025-12-23 16:00:00,2025-12-23 17:03:32,buy,4458.631,4476.852,4447.926,4480.041,10.704999999999927,22.57,3302.6400000000003,tp 4476.835,381,400
194,2025-12-23 16:50:00,2025-12-23 17:03:42,buy,4470.113,4477.919,4463.844,4482.651,6.269000000000233,23.35,3325.99,tp 4477.904,392,401
195,2025-12-23 15:50:00,2025-12-23 17:03:42,buy,4456.941,4477.973,4445.267,4480.289,11.673999999999978,24.71,3350.7,tp 4477.955,379,402
196,2025-12-23 16:20:00,2025-12-23 17:03:43,buy,4460.961,4478.187,4453.319,4476.245,7.641999999999825,17.37,3368.0699999999997,tp 4478.186,385,403
197,2025-12-23 16:15:00,2025-12-23 17:04:21,buy,4460.824,4478.513,4452.143,4478.186,8.680999999999585,19.9,3387.9700000000003,tp 4478.507,384,404
198,2025-12-23 16:10:00,2025-12-23 17:04:29,buy,4458.609,4478.792,4448.66,4478.507,9.949000000000524,21.2,3409.1699999999996,tp 4478.782,383,405
199,2025-12-23 16:40:00,2025-12-23 17:04:39,buy,4462.268,4479.365,4453.008,4480.788,9.260000000000218,18.62,3427.79,tp 4479.365,390,406
200,2025-12-23 15:45:00,2025-12-23 17:04:41,buy,4453.261,4479.646,4440.914,4477.955,12.347000000000662,25.24,3453.0299999999997,tp 4479.641,378,407
201,2025-12-23 17:35:00,2025-12-23 17:53:15,buy,4475.692,4469.722,4469.732,4487.612,5.960000000000036,-16.52,3436.51,sl 4469.732,413,416
202,2025-12-23 17:40:00,2025-12-23 17:53:15,buy,4478.186,4469.722,4469.732,4495.094,8.453999999999724,-11.94,3424.57,sl 4469.732,414,417
203,2025-12-23 17:45:00,2025-12-23 17:53:15,buy,4478.627,4469.722,4469.732,4496.417,8.895000000000437,-16.93,3407.6400000000003,sl 4469.732,415,418
204,2025-12-23 17:53:15,2025-12-23 17:53:15,buy,4469.722,4469.722,4469.732,4496.417,0.010000000000218279,-17.81,3389.83,sl 4469.732,419,419
205,2025-12-23 16:05:00,2025-12-23 18:12:37,buy,4457.59,4480.07,4446.994,4478.782,10.596000000000458,21.44,3411.27,tp 4480.041,382,423
206,2025-12-23 15:55:00,2025-12-23 18:12:38,buy,4454.279,4480.315,4443.001,4476.835,11.278000000000247,23.38,3434.65,tp 4480.289,380,424
207,2025-12-23 16:45:00,2025-12-23 18:12:40,buy,4466.244,4480.806,4460.414,4477.904,5.829999999999927,18.54,3453.19,tp 4480.788,391,425
208,2025-12-23 18:58:20,2025-12-23 18:58:20,sell,4482.674,4482.674,4475.066,4482.651,7.608000000000175,25.12,3478.31,tp 4482.651,435,435
209,2025-12-23 19:01:30,2025-12-23 19:01:30,sell,4488.552,4488.552,4467.323,4488.521,21.22899999999936,28.32,3506.63,tp 4488.521,437,437
210,2025-12-23 17:30:00,2025-12-23 19:01:30,buy,4477.98,4488.654,4469.732,4494.476,8.247999999999593,28.46,3535.09,tp 4488.629,412,438
211,2025-12-23 18:40:00,2025-12-23 19:01:37,buy,4475.236,4489.266,4467.742,4490.224,7.493999999999687,29.96,3565.05,tp 4489.244,431,439
212,2025-12-23 18:05:00,2025-12-23 19:01:38,buy,4475.032,4489.64,4467.126,4490.844,7.905999999999949,33.55,3598.6000000000004,tp 4489.618,421,440
213,2025-12-23 18:45:00,2025-12-23 19:01:40,buy,4476.662,4490.253,4469.331,4491.324,7.331000000000131,30.04,3628.64,tp 4490.224,432,441
214,2025-12-23 18:10:00,2025-12-23 19:01:42,buy,4477.671,4490.866,4469.88,4493.253,7.791000000000167,31.67,3660.31,tp 4490.844,422,442
215,2025-12-23 18:50:00,2025-12-23 19:03:28,buy,4478.449,4491.346,4471.151,4493.045,7.2979999999997744,29.37,3689.68,tp 4491.324,433,443
216,2025-12-23 18:25:00,2025-12-23 19:03:30,buy,4477.758,4491.921,4470.222,4492.83,7.536000000000058,30.3,3719.98,tp 4491.916,428,444
217,2025-12-23 17:20:00,2025-12-23 19:03:31,buy,4474.425,4492.261,4467.323,4488.629,7.101999999999862,33.25,3753.23,tp 4492.259,411,445
218,2025-12-23 19:03:37,2025-12-23 19:03:37,sell,4492.522,4492.522,4471.493,4492.514,21.02899999999954,28.04,3781.27,tp 4492.514,446,446
219,2025-12-23 17:15:00,2025-12-23 19:03:37,buy,4475.635,4492.574,4467.323,4492.259,8.311999999999898,33.67,3814.94,tp 4492.574,410,447
220,2025-12-23 18:30:00,2025-12-23 19:03:38,buy,4478.132,4492.836,4470.703,4492.99,7.428999999999178,30.15,3845.09,tp 4492.830,429,448
221,2025-12-23 18:35:00,2025-12-23 19:03:39,buy,4474.284,4492.993,4466.804,4489.244,7.479999999999563,29.73,3874.82,tp 4492.990,430,449
222,2025-12-23 18:55:00,2025-12-23 19:03:39,buy,4478.5,4493.045,4471.493,4492.514,7.006999999999607,29.19,3904.01,tp 4493.045,434,450
223,2025-12-23 18:20:00,2025-12-23 19:03:40,buy,4476.772,4493.202,4469.2,4491.916,7.572000000000116,30.84,3934.8500000000004,tp 4493.193,427,451
224,2025-12-23 19:03:40,2025-12-23 19:03:40,sell,4493.255,4493.255,4469.88,4493.253,23.375,31.17,3966.02,tp 4493.253,452,452
225,2025-12-23 19:04:40,2025-12-23 19:04:40,sell,4494.423,4494.423,4479.699,4494.411,14.72400000000016,29.46,3995.48,tp 4494.411,453,453
226,2025-12-23 19:20:29,2025-12-23 19:20:29,buy,4488.84,4488.84,4488.861,4498.41,0.02099999999973079,13.47,4008.95,sl 4488.861,458,458
227,2025-12-23 19:30:00,2025-12-23 23:36:39,buy,4490.157,4500.496,4483.161,4504.149,6.996000000000095,34.86,4043.81,tp 4500.482,460,466
228,2025-12-23 17:10:00,2025-12-23 23:37:28,buy,4475.74,4501.939,4467.323,4492.574,8.416999999999462,23.08,4066.89,tp 4501.919,409,467
229,2025-12-23 19:40:00,2025-12-23 23:37:31,buy,4491.98,4502.719,4483.161,4509.618,8.818999999999505,39.13,4106.0199999999995,tp 4502.706,462,468
230,2025-12-23 23:37:40,2025-12-23 23:37:40,sell,4503.669,4503.669,4483.161,4503.66,20.50799999999981,27.35,4133.370000000001,tp 4503.660,469,469
231,2025-12-23 19:35:00,2025-12-23 23:37:42,buy,4489.676,4504.157,4483.161,4502.706,6.515000000000327,28.0,4161.37,tp 4504.149,461,470
232,2025-12-23 19:55:00,2025-12-23 23:38:56,buy,4491.102,4506.417,4483.161,4506.984,7.9409999999998035,31.01,4192.38,tp 4506.408,465,471
233,2025-12-23 23:39:02,2025-12-23 23:39:02,sell,4506.987,4506.987,4483.161,4506.984,23.826000000000022,31.77,4224.150000000001,tp 4506.984,472,472
234,2025-12-23 19:45:00,2025-12-23 23:52:36,buy,4493.203,4509.641,4483.161,4513.287,10.042000000000371,35.32,4259.469999999999,tp 4509.618,463,473
235,2025-12-23 19:15:00,2025-12-23 23:52:38,buy,4493.901,4510.104,4483.161,4515.381,10.739999999999782,35.94,4295.41,tp 4510.077,456,474
236,2025-12-23 19:50:00,2025-12-24 00:25:42,buy,4490.91,4513.313,4483.161,4506.408,7.748999999999796,40.22,4334.55,tp 4513.287,464,475
237,2025-12-23 19:10:00,2025-12-24 00:30:40,buy,4492.133,4515.08,4483.161,4510.077,8.971999999999753,21.28,4355.29,tp 4515.063,455,476
238,2025-12-23 19:20:00,2025-12-24 00:31:40,buy,4489.994,4515.387,4483.161,4503.66,6.832999999999629,21.49,4376.24,tp 4515.381,457,477
239,2025-12-24 07:47:39,2025-12-24 07:47:39,buy,4484.459,4484.459,4484.493,4510.872,0.03400000000056025,-17.65,4358.59,sl 4484.493,479,479
240,2025-12-30 18:25:00,2025-12-30 19:48:27,buy,4370.945,4351.755,4351.764,4409.307,19.180999999999585,-19.51,4339.08,sl 4351.764,481,486
241,2025-12-30 18:30:00,2025-12-30 19:48:27,buy,4371.056,4351.755,4351.764,4409.64,19.29199999999946,-19.19,4319.89,sl 4351.764,482,487
242,2025-12-30 18:55:00,2025-12-30 19:48:27,buy,4364.679,4351.755,4348.887,4396.263,15.792000000000371,-19.3,4300.59,sl 4351.764,483,488
243,2025-12-30 19:00:00,2025-12-30 19:48:41,buy,4365.03,4348.864,4348.887,4397.316,16.14300000000003,-15.82,4284.77,sl 4348.887,484,489
244,2025-12-30 19:05:00,2025-12-30 19:48:41,buy,4367.69,4348.864,4348.887,4405.296,18.802999999999884,-16.17,4268.6,sl 4348.887,485,490
245,2025-12-30 19:48:41,2025-12-30 19:48:41,buy,4348.864,4348.864,4348.887,4405.296,0.023000000000138243,-18.83,4249.77,sl 4348.887,491,491
246,2026-01-02 19:35:00,2026-01-04 23:07:00,buy,4320.742,4353.486,4313.473,4335.28,7.269000000000233,69.33,4318.02,tp 4334.334,493,498
247,2026-01-02 19:40:00,2026-01-04 23:07:00,buy,4323.877,4353.486,4316.457,4338.717,7.420000000000073,65.49,4382.43,tp 4335.280,494,499
248,2026-01-02 19:45:00,2026-01-04 23:07:00,buy,4322.881,4353.486,4315.418,4337.807,7.463000000000648,59.22,4440.570000000001,tp 4338.717,495,500
249,2026-01-02 19:50:00,2026-01-04 23:07:00,buy,4321.283,4353.486,4313.766,4336.317,7.517000000000735,61.21,4500.7,tp 4337.807,496,501
250,2026-01-02 19:55:00,2026-01-04 23:07:00,buy,4320.062,4353.486,4312.889,4334.408,7.1729999999997744,64.4,4564.0199999999995,tp 4336.317,497,502
251,2026-01-04 23:07:00,2026-01-04 23:07:00,sell,4353.486,4353.486,4312.889,4334.408,40.59699999999975,66.85,4629.790000000001,tp 4334.408,503,503
252,2026-01-06 09:20:00,2026-01-06 11:18:40,buy,4454.521,4448.773,4438.476,4486.611,16.045000000000073,-9.31,4620.48,sl 4448.779,505,512
253,2026-01-06 11:57:27,2026-01-06 11:57:27,sell,4463.46,4463.46,4440.126,4463.451,23.333999999999833,31.12,4651.599999999999,tp 4463.451,513,513
254,2026-01-06 09:25:00,2026-01-06 14:52:38,buy,4457.355,4486.64,4438.476,4495.113,18.878999999999905,32.12,4683.72,tp 4486.611,506,514
255,2026-01-06 09:50:00,2026-01-06 14:52:42,buy,4447.901,4487.823,4440.126,4463.451,7.774999999999636,31.8,4715.52,tp 4487.805,511,515
256,2026-01-06 09:45:00,2026-01-06 14:55:37,buy,4456.019,4488.804,4440.126,4487.805,15.893000000000029,32.45,4747.97,tp 4488.795,510,516
257,2026-01-06 09:35:00,2026-01-06 18:18:39,buy,4457.095,4493.469,4438.476,4494.333,18.619000000000597,36.67,4784.64,tp 4493.445,508,517
258,2026-01-06 09:40:00,2026-01-06 20:57:39,buy,4456.349,4494.37,4440.126,4488.795,16.222999999999956,37.27,4821.910000000001,tp 4494.333,509,518
259,2026-01-06 09:30:00,2026-01-06 23:01:00,buy,4456.799,4498.082,4438.476,4493.445,18.32300000000032,40.72,4862.63,tp 4495.113,507,519
260,2026-01-07 08:10:00,2026-01-07 08:41:37,buy,4465.861,4473.195,4461.227,4475.129,4.6340000000000146,47.59,4910.22,tp 4473.170,521,524
261,2026-01-07 09:07:31,2026-01-07 09:07:31,buy,4461.855,4461.855,4461.877,4475.278,0.02200000000084401,-22.44,4887.780000000001,sl 4461.877,525,525
262,2026-01-07 08:15:00,2026-01-07 09:07:39,buy,4465.932,4461.227,4461.2,4475.396,4.731999999999971,-23.17,4864.61,sl 4461.227,522,526
263,2026-01-07 08:20:00,2026-01-07 09:07:39,buy,4466.344,4461.197,4461.877,4475.278,4.4669999999996435,-23.67,4840.94,sl 4461.200,523,527
264,2026-01-14 23:09:37,2026-01-14 23:09:37,buy,4614.365,4614.365,4614.369,4661.28,0.0039999999999054126,-15.64,4825.299999999999,sl 4614.369,529,529
265,2026-01-27 11:48:42,2026-01-27 11:48:42,buy,5075.076,5075.076,5083.973,5075.081,8.896999999999935,43.38,4868.68,tp 5075.081,531,531
266,2026-02-02 19:55:00,2026-02-02 20:21:43,sell,4690.984,4658.579,4714.073,4644.806,23.088999999999942,47.29,4915.97,tp 4658.616,533,534
267,2026-02-02 23:08:20,2026-02-02 23:08:20,sell,4714.117,4714.117,4714.073,4644.806,0.04399999999986903,-23.14,4892.83,sl 4714.073,535,535
268,2026-02-04 23:01:38,2026-02-04 23:01:38,sell,4985.663,4985.663,4957.851,4985.346,27.811999999999898,48.22,4941.05,tp 4985.346,537,537
269,2026-02-06 11:00:00,2026-02-06 11:01:25,sell,4878.364,4884.928,4890.458,4854.176,12.094000000000051,-15.08,4925.97,sl 4884.889,539,540
270,2026-02-06 11:23:26,2026-02-06 11:23:26,sell,4890.482,4890.482,4890.458,4854.176,0.02400000000034197,-24.23,4901.740000000001,sl 4890.458,541,541
271,2026-02-06 11:55:00,2026-02-06 12:07:40,sell,4889.802,4901.674,4906.567,4856.272,16.765000000000327,-17.08,4884.66,sl 4901.672,543,544
272,2026-02-06 12:38:58,2026-02-06 12:38:58,sell,4890.879,4890.879,4890.828,4856.272,0.05099999999947613,-1.08,4883.58,sl 4890.828,549,549
273,2026-02-06 12:35:00,2026-02-06 12:44:40,sell,4883.504,4895.513,4901.524,4847.464,18.020000000000437,-17.86,4865.72,sl 4895.473,548,550
274,2026-02-06 12:30:00,2026-02-06 12:45:36,sell,4877.645,4896.887,4895.473,4841.989,17.82799999999952,-17.9,4847.820000000001,sl 4896.857,547,551
275,2026-02-06 12:48:40,2026-02-06 12:48:40,sell,4901.533,4901.533,4901.524,4847.464,0.009000000000014552,-18.03,4829.79,sl 4901.524,552,552
276,2026-02-06 12:25:00,2026-02-06 13:00:42,sell,4878.991,4913.848,4896.857,4843.259,17.865999999999985,-18.21,4811.58,sl 4913.831,546,553
277,2026-02-10 08:50:00,2026-02-10 08:56:30,buy,5051.384,5042.531,5039.754,5074.644,11.63000000000011,3.69,4815.2699999999995,sl 5042.541,555,556
278,2026-02-10 08:57:38,2026-02-10 08:57:38,buy,5039.754,5039.754,5039.754,5074.644,0.0,-23.26,4792.01,sl 5039.754,557,557
279,2026-02-10 10:30:00,2026-02-10 10:57:28,buy,5047.969,5046.048,5036.324,5071.259,11.645000000000437,8.49,4800.5,sl 5046.101,559,565
280,2026-02-10 10:35:00,2026-02-10 12:07:20,buy,5051.824,5045.952,5040.587,5074.298,11.23699999999917,-4.04,4796.46,sl 5045.987,560,571
281,2026-02-10 10:45:00,2026-02-10 12:42:30,buy,5054.286,5040.912,5040.953,5080.952,13.332999999999629,-14.14,4782.32,sl 5040.953,562,572
282,2026-02-10 10:50:00,2026-02-10 12:42:30,buy,5054.427,5040.912,5040.953,5081.375,13.47399999999925,-13.38,4768.94,sl 5040.953,563,573
283,2026-02-10 10:55:00,2026-02-10 12:42:30,buy,5049.757,5040.912,5040.953,5067.365,8.803999999999178,-13.52,4755.419999999999,sl 5040.953,564,574
284,2026-02-10 12:42:30,2026-02-10 12:42:30,buy,5040.912,5040.912,5040.953,5067.365,0.04100000000016735,-17.69,4737.7300000000005,sl 5040.953,575,575
285,2026-02-10 11:15:00,2026-02-10 12:42:30,buy,5050.805,5040.912,5040.953,5070.509,9.851999999999862,-12.16,4725.57,sl 5040.953,569,576
286,2026-02-10 11:20:00,2026-02-10 12:42:30,buy,5047.503,5040.912,5039.797,5062.915,7.706000000000131,-19.79,4705.78,sl 5040.953,570,577
287,2026-02-10 10:40:00,2026-02-10 12:42:37,buy,5055.047,5040.52,5040.953,5083.235,14.093999999999141,-22.61,4683.17,sl 5040.587,561,578
288,2026-02-10 12:42:40,2026-02-10 12:42:40,buy,5039.734,5039.734,5039.797,5062.915,0.06299999999919237,-23.31,4659.86,sl 5039.797,579,579
289,2026-02-10 11:05:00,2026-02-10 12:43:18,buy,5046.819,5039.613,5039.228,5062.001,7.591000000000349,-22.84,4637.0199999999995,sl 5039.622,567,580
290,2026-02-10 11:10:00,2026-02-10 12:43:19,buy,5053.074,5039.185,5040.953,5077.316,12.120999999999185,-22.9,4614.120000000001,sl 5039.228,568,581
291,2026-02-11 15:45:00,2026-02-11 17:08:38,buy,5048.872,5082.298,5030.07,5086.476,18.80200000000059,35.83,4649.95,tp 5082.251,585,587
292,2026-02-11 17:08:39,2026-02-11 17:08:39,sell,5082.741,5082.741,5031.083,5082.725,51.65800000000036,34.44,4684.389999999999,tp 5082.725,588,588
293,2026-02-11 15:35:00,2026-02-11 17:17:18,buy,5053.881,5085.741,5035.655,5090.333,18.226000000000568,36.42,4720.81,tp 5085.739,583,589
294,2026-02-11 15:50:00,2026-02-11 17:17:20,buy,5048.297,5086.539,5031.083,5082.725,17.213999999999942,37.67,4758.4800000000005,tp 5086.476,586,590
295,2026-02-11 15:40:00,2026-02-11 17:17:40,buy,5046.471,5090.383,5028.581,5082.251,17.889999999999418,36.5,4794.98,tp 5090.333,584,591
296,2026-02-18 07:05:00,2026-02-18 07:06:36,sell,4934.746,4938.719,4942.971,4918.296,8.224999999999454,-16.15,4778.83,sl 4938.666,593,594
297,2026-02-18 07:15:00,2026-02-18 08:44:25,sell,4938.207,4921.134,4946.847,4920.927,8.639999999999418,34.2,4813.03,tp 4921.174,596,611
298,2026-02-18 07:35:00,2026-02-18 08:44:26,sell,4938.567,4920.954,4947.745,4920.211,9.177999999999884,36.0,4849.03,tp 4921.009,600,612
299,2026-02-18 07:20:00,2026-02-18 08:44:26,sell,4934.381,4920.894,4943.163,4916.817,8.781999999999243,34.62,4883.65,tp 4920.927,597,613
300,2026-02-18 08:44:30,2026-02-18 08:44:30,sell,4920.535,4920.535,4928.552,4918.296,8.016999999999825,14.21,4897.86,,614,614
301,2026-02-18 07:40:00,2026-02-18 08:44:37,sell,4937.029,4920.178,4946.069,4918.949,9.039999999999964,36.77,4934.63,tp 4920.211,601,615
302,2026-02-18 07:45:00,2026-02-18 08:52:40,sell,4934.042,4918.899,4943.142,4915.842,9.099999999999454,36.26,4970.89,tp 4918.949,602,617
303,2026-02-18 08:59:29,2026-02-18 08:59:29,buy,4918.29,4918.29,4925.445,4918.296,7.154999999999745,16.46,4987.35,tp 4918.296,618,618
304,2026-02-18 07:30:00,2026-02-18 08:59:37,sell,4938.957,4917.764,4947.931,4921.009,8.97399999999925,34.71,5022.06,tp 4917.845,599,619
305,2026-02-18 07:25:00,2026-02-18 08:59:41,sell,4935.119,4916.796,4943.756,4917.845,8.637000000000626,35.17,5057.2300000000005,tp 4916.817,598,620
306,2026-02-18 07:50:00,2026-02-18 09:04:35,sell,4932.068,4915.833,4941.126,4913.952,9.057999999999993,36.41,5093.639999999999,tp 4915.842,603,621
307,2026-02-18 08:00:00,2026-02-18 09:06:37,sell,4930.414,4913.895,4939.026,4913.19,8.61200000000008,36.35,5129.990000000001,tp 4913.952,604,623
308,2026-02-18 08:20:00,2026-02-18 09:06:39,sell,4926.331,4913.409,4933.989,4911.015,7.657999999999447,48.22,5178.21,tp 4913.450,607,624
309,2026-02-18 08:15:00,2026-02-18 09:06:39,sell,4929.484,4913.312,4937.501,4913.45,8.016999999999825,48.52,5226.7300000000005,tp 4913.346,606,625
310,2026-02-18 09:24:27,2026-02-18 09:24:27,sell,4921.982,4921.982,4921.934,4901.357,0.047999999999774445,-20.72,5206.009999999999,sl 4921.934,629,629
311,2026-02-18 10:09:39,2026-02-18 10:09:39,sell,4923.812,4923.812,4923.8,4900.322,0.011999999999716238,-23.52,5182.49,sl 4923.800,634,634
312,2026-02-18 08:10:00,2026-02-18 10:38:00,sell,4929.486,4913.158,4937.556,4913.346,8.069999999999709,34.51,5217.0,tp 4913.190,605,639
313,2026-02-18 08:35:00,2026-02-18 10:38:03,sell,4924.082,4911.846,4931.168,4909.91,7.085999999999331,42.83,5259.83,tp 4911.904,609,640
314,2026-02-18 10:38:03,2026-02-18 10:38:03,buy,4911.726,4911.726,4932.646,4911.769,20.920000000000073,41.88,5301.71,tp 4911.769,641,641
315,2026-02-18 08:30:00,2026-02-18 10:38:04,sell,4926.122,4911.011,4933.231,4911.904,7.108999999999469,45.96,5347.67,tp 4911.015,608,642
316,2026-02-18 08:40:00,2026-02-18 10:38:16,sell,4925.687,4909.858,4932.646,4911.769,6.958999999999833,42.68,5390.35,tp 4909.910,610,643
317,2026-02-18 11:46:20,2026-02-18 11:46:20,buy,4908.056,4908.056,4928.002,4908.094,19.946000000000822,39.93,5430.280000000001,tp 4908.094,645,645
318,2026-02-18 12:01:27,2026-02-18 12:01:27,sell,4917.689,4917.689,4917.679,4899.034,0.010000000000218279,-24.9,5405.38,sl 4917.679,647,647
319,2026-02-18 12:01:41,2026-02-18 12:01:41,sell,4919.433,4919.433,4919.42,4901.615,0.012999999999919964,-23.79,5381.59,sl 4919.420,648,648
320,2026-02-18 09:20:00,2026-02-18 12:10:36,sell,4915.974,4924.665,4923.8,4900.322,7.826000000000022,-23.45,5358.14,sl 4924.629,628,649
321,2026-02-18 10:05:00,2026-02-18 12:13:02,sell,4921.589,4925.736,4930.053,4904.661,8.463999999999942,-24.87,5333.27,sl 4925.712,633,650
322,2026-02-18 09:15:00,2026-02-18 12:13:03,sell,4916.851,4925.929,4924.629,4901.295,7.778000000000247,-21.74,5311.530000000001,sl 4925.929,627,651
323,2026-02-18 10:30:00,2026-02-18 12:17:38,sell,4921.292,4927.811,4929.487,4904.902,8.194999999999709,-24.6,5286.929999999999,sl 4927.791,638,652
324,2026-02-18 10:20:00,2026-02-18 12:18:01,sell,4919.61,4928.304,4927.791,4903.248,8.181000000000495,-24.81,5262.12,sl 4928.289,637,653
325,2026-02-18 09:55:00,2026-02-18 12:18:02,sell,4920.479,4928.552,4928.969,4903.499,8.489999999999782,-17.68,5244.44,sl 4928.529,631,654
326,2026-02-18 10:00:00,2026-02-18 12:18:04,sell,4917.448,4928.986,4925.712,4900.92,8.264000000000124,-25.52,5218.919999999999,sl 4928.969,632,655
327,2026-02-18 12:42:24,2026-02-18 12:42:24,sell,4929.537,4929.537,4929.487,4904.902,0.0500000000001819,-24.73,5194.1900000000005,sl 4929.487,656,656
328,2026-02-18 12:42:26,2026-02-18 12:42:26,sell,4930.109,4930.109,4930.053,4904.661,0.056000000000494765,-25.56,5168.629999999999,sl 4930.053,657,657
329,2026-02-18 10:15:00,2026-02-18 12:42:39,sell,4920.033,4931.5,4928.289,4903.521,8.255999999999403,-17.25,5151.38,sl 4931.498,636,658
330,2026-02-19 13:30:24,2026-02-19 13:30:24,buy,4977.45,4977.45,4977.464,4995.353,0.014000000000123691,-23.91,5127.47,sl 4977.464,661,661
331,2026-02-19 13:05:00,2026-02-19 13:30:39,buy,4983.427,4972.806,4977.464,4995.353,5.962999999999738,-15.74,5111.7300000000005,sl 4972.837,660,662
332,2026-02-20 08:55:00,2026-02-20 14:05:30,buy,5030.447,5038.625,5006.487,5078.367,23.960000000000036,13.81,5125.54,sl 5038.648,664,666
333,2026-02-20 09:00:00,2026-02-20 15:06:28,buy,5028.998,5006.485,5006.487,5074.02,22.510999999999513,-23.96,5101.58,sl 5006.487,665,667
334,2026-02-20 15:06:28,2026-02-20 15:06:28,buy,5006.485,5006.485,5006.487,5074.02,0.0020000000004074536,-22.51,5079.07,sl 5006.487,668,668
335,2026-02-24 17:25:00,2026-02-24 18:56:04,sell,5160.172,5162.985,5181.897,5116.722,21.725000000000364,-2.07,5077.0,sl 5162.981,670,680
336,2026-02-24 18:10:00,2026-02-24 23:03:00,sell,5168.272,5135.76,5181.897,5141.022,13.625,31.24,5108.24,tp 5137.215,679,681
337,2026-02-24 23:03:00,2026-02-24 23:03:00,buy,5135.76,5135.76,5181.897,5141.022,46.136999999999716,32.51,5140.75,tp 5141.022,682,682
338,2026-02-24 17:30:00,2026-02-25 01:18:41,sell,5158.793,5181.935,5181.897,5112.585,23.10400000000027,-21.77,5118.98,sl 5181.897,671,683
339,2026-02-24 17:35:00,2026-02-25 01:18:41,sell,5157.974,5181.935,5181.897,5110.128,23.922999999999774,-23.15,5095.83,sl 5181.897,672,684
340,2026-02-24 17:40:00,2026-02-25 01:18:41,sell,5158.543,5181.935,5181.897,5111.835,23.35400000000027,-23.97,5071.86,sl 5181.897,673,685
341,2026-02-24 17:45:00,2026-02-25 01:18:41,sell,5160.672,5181.935,5181.897,5118.222,21.225000000000364,-23.4,5048.46,sl 5181.897,674,686
342,2026-02-24 17:50:00,2026-02-25 01:18:41,sell,5159.924,5181.935,5181.897,5115.978,21.972999999999956,-21.27,5027.19,sl 5181.897,675,687
343,2026-02-24 17:55:00,2026-02-25 01:18:41,sell,5159.405,5181.935,5181.897,5114.421,22.49200000000019,-22.02,5005.169999999999,sl 5181.897,676,688
344,2026-02-24 18:00:00,2026-02-25 01:18:41,sell,5163.588,5181.935,5181.897,5126.97,18.309000000000196,-22.53,4982.64,sl 5181.897,677,689
345,2026-02-24 18:05:00,2026-02-25 01:18:41,sell,5167.003,5181.935,5181.897,5137.215,14.894000000000233,-18.35,4964.29,sl 5181.897,678,690
346,2026-02-26 19:45:00,2026-02-26 20:38:40,buy,5186.267,5199.233,5179.119,5200.563,7.148000000000138,44.43,5008.72,tp 5199.147,692,694
347,2026-02-26 19:50:00,2026-02-26 20:48:03,buy,5194.07,5200.594,5183.978,5214.254,10.091999999999643,42.98,5051.7,tp 5200.563,693,695
348,2026-02-26 23:01:37,2026-02-26 23:01:37,buy,5183.78,5183.78,5183.978,5214.254,0.19800000000032014,-20.58,5031.12,sl 5183.978,696,696
349,2026-02-27 09:20:00,2026-02-27 09:48:41,buy,5178.226,5172.628,5172.69,5189.298,5.536000000000058,-23.43,5007.69,sl 5172.690,701,706
350,2026-02-27 09:25:00,2026-02-27 09:48:41,buy,5179.334,5172.628,5172.69,5192.622,6.644000000000233,-22.39,4985.299999999999,sl 5172.690,702,707
351,2026-02-27 09:30:00,2026-02-27 09:48:41,buy,5179.268,5172.628,5172.69,5192.424,6.578000000000429,-20.12,4965.18,sl 5172.690,703,708
352,2026-02-27 09:35:00,2026-02-27 09:48:41,buy,5179.902,5172.628,5172.69,5194.326,7.212000000000444,-19.92,4945.26,sl 5172.690,704,709
353,2026-02-27 09:40:00,2026-02-27 09:48:41,buy,5180.426,5172.628,5172.69,5195.898,7.736000000000786,-21.83,4923.43,sl 5172.690,705,710
354,2026-02-27 09:48:41,2026-02-27 09:48:41,buy,5172.628,5172.628,5172.69,5195.898,0.06199999999989814,-23.4,4900.030000000001,sl 5172.690,711,711
355,2026-02-27 07:15:00,2026-02-27 12:36:38,buy,5181.928,5184.789,5160.059,5225.666,21.868999999999687,-2.34,4897.69,sl 5184.815,698,712
356,2026-02-27 09:15:00,2026-02-27 13:08:42,buy,5178.484,5214.945,5172.69,5190.072,5.7940000000007785,36.61,4934.299999999999,tp 5214.902,700,713
357,2026-02-27 07:20:00,2026-02-27 13:20:42,buy,5178.34,5225.682,5160.059,5214.902,18.28099999999995,43.75,4978.05,tp 5225.666,699,714
358,2026-03-02 19:30:00,2026-03-02 20:16:42,buy,5330.997,5329.052,5314.282,5364.427,16.715000000000146,3.62,4981.67,sl 5329.097,716,717
359,2026-03-03 01:06:38,2026-03-03 01:06:38,sell,5364.464,5364.464,5314.282,5364.427,50.18199999999979,33.46,5014.59,tp 5364.427,718,718
360,2026-03-04 17:23:17,2026-03-04 17:23:17,buy,5137.747,5137.747,5137.772,5166.878,0.024999999999636202,-19.46,4995.13,sl 5137.772,720,720
361,2026-03-04 18:00:00,2026-03-04 18:04:40,buy,5141.246,5132.975,5126.145,5171.448,15.100999999999658,-21.08,4974.05,sl 5133.024,727,728
362,2026-03-04 17:30:00,2026-03-04 18:09:38,buy,5134.19,5131.207,5116.602,5169.366,17.587999999999738,2.63,4976.68,sl 5131.256,722,730
363,2026-03-04 18:10:29,2026-03-04 18:10:29,buy,5126.092,5126.092,5126.145,5171.448,0.05300000000079308,-15.16,4961.52,sl 5126.145,731,731
364,2026-03-04 17:55:00,2026-03-04 18:10:37,buy,5143.514,5123.989,5133.024,5164.494,10.489999999999782,-15.98,4945.540000000001,sl 5124.012,726,732
365,2026-03-04 17:50:00,2026-03-04 18:10:42,buy,5139.965,5121.127,5124.012,5171.871,15.95300000000043,-16.38,4929.16,sl 5121.171,725,733
366,2026-03-04 18:11:27,2026-03-04 18:11:27,buy,5118.686,5118.686,5118.707,5165.015,0.021000000000640284,-15.45,4913.71,sl 5118.707,734,734
367,2026-03-04 17:45:00,2026-03-04 18:11:28,buy,5137.509,5118.594,5121.171,5170.185,16.337999999999738,-17.88,4895.83,sl 5118.599,724,735
368,2026-03-04 17:35:00,2026-03-04 18:20:27,buy,5136.465,5116.556,5118.599,5172.197,17.865999999999985,-17.63,4878.2,sl 5116.602,723,736
369,2026-03-06 18:43:14,2026-03-06 18:43:14,sell,5162.829,5162.829,5125.581,5162.817,37.24799999999959,24.84,4903.04,tp 5162.817,739,739
370,2026-03-06 17:45:00,2026-03-06 19:38:36,buy,5137.993,5158.867,5125.581,5162.817,12.412000000000262,13.11,4916.15,sl 5158.874,738,740
371,2026-03-10 18:24:04,2026-03-10 18:24:04,sell,5194.385,5194.385,5176.995,5194.379,17.390000000000327,42.75,4958.9,tp 5194.379,742,742
372,2026-03-11 02:02:40,2026-03-11 02:02:40,buy,5201.205,5201.205,5201.23,5238.322,0.024999999999636202,8.12,4966.48,sl 5201.230,744,744
373,2026-03-11 12:10:00,2026-03-11 12:51:40,sell,5187.586,5179.468,5205.116,5152.526,17.529999999999745,3.89,4970.37,sl 5179.419,746,748
374,2026-03-11 13:00:43,2026-03-11 13:00:43,buy,5164.141,5164.141,5205.116,5164.169,40.975000000000364,27.33,4997.7,tp 5164.169,749,749
375,2026-03-11 12:15:00,2026-03-11 13:51:38,sell,5191.467,5152.522,5205.116,5164.169,13.649000000000342,35.07,5032.7699999999995,tp 5152.526,747,750
376,2026-03-12 12:48:29,2026-03-12 12:48:29,sell,5178.324,5178.324,5178.307,5152.138,0.016999999999825377,-17.48,5015.290000000001,sl 5178.307,752,752
377,2026-03-17 10:35:00,2026-03-17 12:46:35,buy,5004.309,5014.379,4983.865,5045.197,20.444000000000415,10.68,5025.97,sl 5014.411,754,757
378,2026-03-17 13:32:41,2026-03-17 13:32:41,sell,5025.44,5025.44,5006.655,5025.375,18.784999999999854,50.18,5076.150000000001,tp 5025.375,761,761
379,2026-03-17 13:30:00,2026-03-17 13:32:43,buy,5012.895,5026.336,5006.655,5025.375,6.240000000000691,49.87,5126.0199999999995,tp 5026.318,760,762
380,2026-03-17 10:45:00,2026-03-17 13:41:41,buy,4999.536,5029.548,4983.865,5030.878,15.671000000000276,30.48,5156.5,tp 5029.492,756,765
381,2026-03-17 13:43:39,2026-03-17 13:43:39,sell,5030.906,5030.906,4983.865,5030.878,47.04100000000017,31.37,5187.87,tp 5030.878,766,766
382,2026-03-17 10:40:00,2026-03-17 13:50:30,buy,4999.074,5021.673,4983.865,5029.492,15.208999999999833,17.36,5205.23,sl 5021.690,755,769
383,2026-03-17 13:25:00,2026-03-17 13:53:37,buy,5013.868,5007.868,5007.643,5026.318,6.225000000000364,-20.14,5185.089999999999,sl 5007.896,759,770
384,2026-03-17 13:40:00,2026-03-17 14:31:31,buy,5025.694,5004.608,5004.62,5067.842,21.074000000000524,-19.73,5165.360000000001,sl 5004.620,764,774
385,2026-03-17 14:31:31,2026-03-17 14:31:31,buy,5004.608,5004.608,5004.62,5067.842,0.011999999999716238,-21.08,5144.28,sl 5004.620,775,775
386,2026-03-17 13:50:00,2026-03-17 14:31:31,buy,5024.76,5004.608,5004.62,5065.04,20.140000000000327,-22.8,5121.48,sl 5004.620,768,776
387,2026-03-17 14:31:31,2026-03-17 14:31:31,buy,5004.608,5004.608,5004.62,5065.04,0.011999999999716238,-20.15,5101.33,sl 5004.620,777,777
388,2026-03-17 14:25:00,2026-03-17 14:31:31,buy,5010.022,5004.608,4998.605,5032.856,11.417000000000371,-25.62,5075.71,sl 5004.620,773,778
389,2026-03-17 14:10:00,2026-03-17 15:27:38,buy,5017.422,5001.822,5004.62,5043.026,12.80199999999968,-18.46,5057.25,sl 5001.825,772,782
390,2026-03-17 15:28:28,2026-03-17 15:28:28,buy,4998.568,4998.568,4998.605,5032.856,0.03699999999935244,-22.9,5034.35,sl 4998.605,783,783
391,2026-03-17 14:50:00,2026-03-17 15:28:28,buy,5018.414,4998.568,4998.605,5058.032,19.809000000000196,-15.3,5019.05,sl 4998.605,780,784
392,2026-03-17 14:55:00,2026-03-17 15:28:28,buy,5010.674,4998.568,4998.605,5034.812,12.069000000000415,-19.84,4999.21,sl 4998.605,781,785
393,2026-03-17 15:28:28,2026-03-17 15:28:28,buy,4998.568,4998.568,4998.605,5034.812,0.03699999999935244,-24.21,4975.0,sl 4998.605,786,786
394,2026-03-17 15:36:43,2026-03-17 15:36:43,buy,4981.945,4981.945,4981.962,5021.718,0.01700000000073487,-13.26,4961.74,sl 4981.962,788,788
395,2026-03-17 16:10:00,2026-03-17 17:43:57,buy,4994.064,4998.289,4977.401,5027.39,16.663000000000466,15.8,4977.54,sl 4998.337,790,798
396,2026-03-17 22:45:35,2026-03-17 22:45:35,buy,4994.324,4994.324,4994.332,5017.294,0.00800000000072032,-22.99,4954.55,sl 4994.332,799,799
397,2026-03-17 17:00:00,2026-03-17 22:45:37,buy,5001.986,4993.817,4994.332,5017.294,7.653999999999542,-21.08,4933.47,sl 4993.938,797,800
398,2026-03-17 16:40:00,2026-03-18 01:52:30,buy,5001.418,4993.167,4991.879,5020.496,9.53899999999976,-21.86,4910.530000000001,sl 4993.240,795,801
399,2026-03-17 16:55:00,2026-03-18 01:52:39,buy,5000.842,4991.805,4993.938,5014.65,6.903999999999542,-19.23,4890.22,sl 4991.879,796,802
400,2026-03-17 16:30:00,2026-03-18 04:34:14,buy,5004.093,4985.959,4993.24,5025.799,10.853000000000065,-16.2,4873.4800000000005,sl 4985.981,794,803
401,2026-03-17 16:25:00,2026-03-18 04:36:28,buy,5002.162,4984.742,4985.981,5034.524,16.181000000000495,-16.14,4856.799999999999,sl 4984.767,793,804
402,2026-03-17 16:20:00,2026-03-18 08:45:40,buy,5000.877,4978.347,4984.767,5033.097,16.110000000000582,-16.51,4839.75,sl 4978.380,792,805
403,2026-03-17 16:15:00,2026-03-18 08:45:42,buy,4994.859,4977.363,4978.38,5027.817,16.47900000000027,-16.7,4822.51,sl 4977.401,791,806
404,2026-03-23 18:30:39,2026-03-23 18:30:39,sell,4432.351,4432.351,4432.333,4377.889,0.018000000000029104,-18.16,4804.35,sl 4432.333,811,811
405,2026-03-23 18:10:00,2026-03-23 18:30:41,sell,4417.102,4433.623,4436.59,4378.129,19.488000000000284,-2.7199999999999998,4801.63,sl 4433.603,808,812
406,2026-03-23 18:25:00,2026-03-23 18:30:43,sell,4414.185,4434.551,4432.333,4377.889,18.14799999999923,-19.51,4782.12,sl 4434.544,810,813
407,2026-03-23 18:20:00,2026-03-23 18:31:42,sell,4415.039,4436.608,4434.544,4375.966,19.50500000000011,-19.51,4762.61,sl 4436.590,809,814
408,2026-03-24 17:36:05,2026-03-24 17:36:05,buy,4376.819,4376.819,4395.996,4376.843,19.17699999999968,46.56,4809.17,tp 4376.843,816,816
409,2026-04-06 12:30:00,2026-04-06 12:40:15,buy,4666.479,4678.909,4658.771,4681.895,7.708000000000538,43.28,4852.45,tp 4678.904,818,819
410,2026-04-06 13:25:00,2026-04-06 13:41:38,sell,4672.348,4677.559,4680.773,4655.498,8.425000000000182,-17.45,4835.0,sl 4677.539,821,823
411,2026-04-06 13:41:38,2026-04-06 13:41:38,sell,4677.691,4677.691,4677.682,4651.318,0.009000000000014552,-17.56,4817.44,sl 4677.682,824,824
412,2026-04-06 13:44:40,2026-04-06 13:44:40,buy,4666.036,4666.036,4666.048,4681.895,0.011999999999716238,-1.33,4816.11,sl 4666.048,825,825
413,2026-04-06 13:30:00,2026-04-06 13:56:40,sell,4668.911,4680.815,4677.682,4651.318,8.77099999999973,-16.93,4799.179999999999,sl 4680.773,822,826
414,2026-04-06 18:11:41,2026-04-06 18:11:41,sell,4665.899,4665.899,4665.863,4637.711,0.03600000000005821,-18.84,4780.34,sl 4665.863,828,828
415,2026-04-16 14:40:32,2026-04-16 14:40:32,buy,4787.502,4787.502,4787.612,4825.115,0.10999999999967258,-12.31,4768.03,sl 4787.612,830,830
416,2026-04-16 16:49:07,2026-04-16 16:49:07,buy,4785.856,4785.856,4785.883,4817.314,0.027000000000043656,-21.01,4747.0199999999995,sl 4785.883,832,832
417,2026-04-16 17:20:00,2026-04-16 17:29:54,buy,4791.286,4785.29,4781.28,4810.329,10.006000000000313,-19.22,4727.8,sl 4785.298,836,837
418,2026-04-16 17:10:00,2026-04-16 17:37:51,buy,4794.902,4782.623,4785.298,4814.11,9.60400000000027,-19.2,4708.6,sl 4782.734,835,838
419,2026-04-16 17:05:00,2026-04-17 01:01:46,buy,4792.226,4791.178,4782.734,4811.21,9.49199999999928,6.38,4713.900000000001,sl 4791.362,834,839
420,2026-04-17 01:10:28,2026-04-17 01:10:28,buy,4781.275,4781.275,4781.28,4810.329,0.005000000000109139,-20.02,4692.799999999999,sl 4781.280,840,840
421,2026-04-21 04:31:05,2026-04-21 04:31:05,buy,4789.541,4789.541,4789.764,4858.605,0.22299999999995634,-22.9,4669.360000000001,sl 4789.764,843,843
422,2026-04-20 19:50:00,2026-04-21 04:55:53,buy,4812.438,4788.794,4789.764,4858.605,22.673999999999978,-23.4,4645.42,sl 4788.801,842,844
423,2026-04-21 11:00:00,2026-04-21 12:32:00,sell,4789.5,4778.223,4812.298,4743.904,22.797999999999774,11.56,4656.9800000000005,sl 4778.191,846,851
424,2026-04-21 11:55:00,2026-04-21 14:40:18,sell,4793.792,4755.864,4815.625,4750.771,21.83299999999963,39.94,4696.919999999999,tp 4755.979,849,852
425,2026-04-21 14:40:19,2026-04-21 14:40:19,buy,4752.991,4752.991,4815.625,4753.081,62.634000000000015,41.68,4738.6,tp 4753.081,853,853
426,2026-04-21 12:00:00,2026-04-21 14:40:20,sell,4794.67,4750.768,4815.625,4753.081,20.954999999999927,43.02,4781.620000000001,tp 4750.771,850,854
427,2026-04-21 11:50:00,2026-04-21 14:44:53,sell,4795.802,4747.568,4815.625,4755.979,19.82300000000032,45.64,4827.26,tp 4747.579,848,855
428,2026-04-21 11:45:00,2026-04-21 14:44:59,sell,4793.205,4743.898,4815.625,4747.579,22.420000000000073,45.6,4872.860000000001,tp 4743.904,847,856
429,2026-04-22 22:37:50,2026-04-22 22:37:50,buy,4731.561,4731.561,4731.599,4756.784,0.03800000000046566,-17.0,4855.86,sl 4731.599,859,859
430,2026-04-22 19:40:00,2026-04-23 00:09:46,buy,4740.059,4715.372,4731.599,4756.784,8.460000000000036,-22.47,4831.7699999999995,sl 4715.431,858,860
431,2026-04-24 16:40:00,2026-04-24 17:54:43,sell,4723.989,4725.742,4733.914,4704.625,9.925000000000182,-3.25,4828.52,sl 4725.686,862,871
432,2026-04-24 17:30:00,2026-04-24 19:49:31,sell,4722.894,4716.1,4729.131,4710.597,6.23700000000008,37.45,4865.97,tp 4716.118,870,872
433,2026-04-24 17:20:00,2026-04-24 19:56:23,sell,4728.584,4714.024,4734.817,4716.118,6.233000000000175,40.81,4906.780000000001,tp 4714.070,869,873
434,2026-04-24 17:15:00,2026-04-24 20:01:44,sell,4727.626,4713.685,4734.404,4714.07,6.778000000000247,41.54,4948.32,tp 4713.701,868,874
435,2026-04-24 17:10:01,2026-04-24 20:01:44,sell,4727.533,4713.49,4734.449,4713.701,6.915999999999258,43.53,4991.849999999999,tp 4713.559,867,875
436,2026-04-24 17:05:00,2026-04-24 20:06:02,sell,4728.0,4711.097,4735.339,4713.559,7.338999999999942,46.77,5038.620000000001,tp 4711.116,866,876
437,2026-04-24 20:07:07,2026-04-24 20:07:07,buy,4710.271,4710.271,4729.131,4710.597,18.860000000000582,37.87,5076.49,tp 4710.597,877,877
438,2026-04-24 17:00:00,2026-04-24 20:14:04,sell,4726.688,4706.69,4734.294,4711.116,7.605999999999767,35.4,5111.889999999999,tp 4706.694,865,878
439,2026-04-24 16:50:00,2026-04-26 22:02:03,sell,4721.982,4696.485,4731.501,4702.944,9.519000000000233,55.01,5166.900000000001,tp 4704.625,863,879
440,2026-04-24 16:55:00,2026-04-26 22:02:03,sell,4724.392,4696.485,4733.241,4706.694,8.84900000000016,50.99,5217.889999999999,tp 4702.944,864,880
441,2026-04-27 07:50:00,2026-04-27 08:20:25,buy,4714.497,4709.84,4708.242,4726.821,6.255000000000109,-20.37,5197.52,sl 4709.894,884,886
442,2026-04-27 08:10:00,2026-04-27 08:30:05,buy,4712.422,4708.093,4705.964,4724.972,6.457999999999629,-25.62,5171.900000000001,sl 4708.242,885,887
443,2026-04-27 08:40:22,2026-04-27 08:40:22,buy,4705.906,4705.906,4705.964,4724.972,0.057999999999992724,-26.07,5145.83,sl 4705.964,888,888
444,2026-04-27 07:25:00,2026-04-27 09:09:54,buy,4717.694,4704.595,4704.816,4744.023,12.878000000000611,-25.28,5120.55,sl 4704.816,882,889
445,2026-04-27 07:35:00,2026-04-27 09:09:54,buy,4716.63,4704.595,4709.894,4730.102,6.735999999999876,-13.09,5107.46,sl 4704.816,883,890
446,2026-04-29 11:53:03,2026-04-29 11:53:03,buy,4560.371,4560.371,4560.4,4590.985,0.028999999999541615,-20.45,5087.01,sl 4560.400,892,892
447,2026-05-01 13:55:29,2026-05-01 13:55:29,sell,4627.628,4627.628,4627.51,4554.142,0.11799999999948341,-24.58,5062.43,sl 4627.510,894,894
448,2026-05-01 17:53:34,2026-05-01 17:53:34,sell,4634.7,4634.7,4634.632,4613.47,0.068000000000211,-21.37,5041.06,sl 4634.632,898,898
449,2026-05-01 17:50:00,2026-05-01 17:53:35,sell,4627.578,4635.445,4634.632,4613.47,7.053999999999178,-21.92,5019.14,sl 4635.341,897,899
450,2026-05-01 17:45:00,2026-05-01 18:15:01,sell,4628.139,4615.632,4635.341,4614.182,7.2020000000002256,44.99,5064.13,tp 4615.687,896,900
451,2026-05-01 19:45:00,2026-05-04 00:33:18,sell,4611.655,4610.053,4631.892,4572.06,20.23700000000008,7.11,5071.24,sl 4609.987,902,905
452,2026-05-01 19:55:00,2026-05-04 07:59:51,sell,4610.584,4578.792,4631.892,4569.024,21.307999999999993,36.24,5107.48,tp 4579.092,904,906
453,2026-05-01 19:50:00,2026-05-04 10:01:42,sell,4615.03,4571.735,4631.892,4579.092,16.86200000000008,39.92,5147.4,tp 4572.060,903,907
454,2026-05-04 10:02:04,2026-05-04 10:02:04,buy,4568.97,4568.97,4631.892,4569.024,62.92199999999957,41.61,5189.009999999999,tp 4569.024,908,908
455,2026-05-04 10:15:19,2026-05-04 10:15:19,buy,4537.308,4537.308,4537.378,4567.813,0.06999999999970896,-20.19,5168.820000000001,sl 4537.378,910,910
456,2026-05-07 18:40:00,2026-05-07 18:45:16,buy,4713.099,4700.943,4699.7,4740.08,13.399000000000342,-21.55,5147.2699999999995,sl 4700.991,915,916
457,2026-05-07 17:45:00,2026-05-07 18:45:16,buy,4699.647,4700.881,4684.573,4730.455,15.073999999999614,-5.08,5142.1900000000005,sl 4700.902,912,917
458,2026-05-07 18:45:19,2026-05-07 18:45:19,buy,4699.569,4699.569,4699.7,4740.08,0.13099999999940337,-13.53,5128.66,sl 4699.700,918,918
459,2026-05-07 17:50:00,2026-05-07 19:19:21,buy,4699.835,4700.705,4684.647,4730.211,15.188000000000102,1.06,5129.72,sl 4700.817,913,920
460,2026-05-07 20:02:39,2026-05-07 20:02:39,sell,4716.364,4716.364,4693.023,4716.051,23.34099999999944,46.99,5176.71,tp 4716.051,926,926
461,2026-05-07 18:00:00,2026-05-07 20:37:36,buy,4711.719,4705.88,4700.991,4732.8,10.728000000000065,6.04,5182.75,sl 4705.899,914,927
462,2026-05-07 19:50:00,2026-05-07 20:37:46,buy,4709.202,4701.17,4699.602,4726.485,9.600000000000364,-18.03,5164.72,sl 4701.220,924,928
463,2026-05-07 19:55:00,2026-05-07 20:37:48,buy,4706.956,4699.553,4698.121,4723.906,8.835000000000036,-19.29,5145.43,sl 4699.602,925,929
464,2026-05-07 20:39:11,2026-05-07 20:39:11,buy,4698.09,4698.09,4698.121,4723.906,0.03099999999994907,-17.73,5127.700000000001,sl 4698.121,930,930
465,2026-05-07 19:45:00,2026-05-07 20:40:06,buy,4710.186,4696.442,4701.22,4728.118,8.96599999999944,-17.8,5109.9,sl 4696.663,923,931
466,2026-05-07 19:30:00,2026-05-07 20:56:24,buy,4705.339,4688.045,4696.663,4722.484,8.676000000000386,-25.59,5084.3099999999995,sl 4688.064,922,932
467,2026-05-11 19:30:00,2026-05-11 19:40:06,sell,4724.18,4729.004,4728.877,4714.786,4.697000000000116,-25.79,5058.52,sl 4728.850,935,937
468,2026-05-11 19:35:00,2026-05-11 19:40:06,sell,4724.597,4729.004,4729.215,4715.361,4.618000000000393,-24.12,5034.400000000001,sl 4728.877,936,938
469,2026-05-11 19:45:41,2026-05-11 19:45:41,sell,4729.469,4729.469,4729.215,4715.361,0.2539999999999054,-24.36,5010.04,sl 4729.215,939,939
470,2026-05-11 19:25:00,2026-05-11 19:47:49,sell,4723.846,4729.981,4728.85,4713.838,5.004000000000815,-21.02,4989.0199999999995,sl 4729.909,934,940
471,2026-05-12 12:00:00,2026-05-12 12:57:02,sell,4706.89,4701.302,4729.462,4661.527,22.572000000000116,4.5600000000000005,4993.580000000001,sl 4701.315,942,945
472,2026-05-12 12:15:00,2026-05-12 15:17:29,sell,4705.444,4661.499,4728.907,4658.518,23.462999999999738,45.39,5038.97,tp 4661.527,943,946
473,2026-05-12 12:20:00,2026-05-12 15:21:13,sell,4704.264,4658.26,4728.907,4655.938,24.64300000000003,47.18,5086.150000000001,tp 4658.518,944,947
474,2026-05-12 15:22:05,2026-05-12 15:22:05,buy,4655.886,4655.886,4728.907,4655.938,73.02099999999973,48.37,5134.5199999999995,tp 4655.938,948,948
475,2026-05-13 18:25:00,2026-05-14 00:17:07,sell,4690.084,4704.23,4704.053,4662.335,13.969000000000051,-13.64,5120.88,sl 4704.053,952,953
476,2026-05-14 00:17:07,2026-05-14 00:17:07,sell,4704.23,4704.23,4704.053,4662.335,0.17699999999967986,-14.15,5106.7300000000005,sl 4704.053,954,954
477,2026-05-13 18:15:00,2026-05-14 04:05:40,sell,4692.475,4676.883,4710.767,4655.369,18.29199999999946,13.87,5120.599999999999,sl 4676.801,950,955
478,2026-05-13 18:20:00,2026-05-14 04:32:38,sell,4690.586,4710.77,4704.053,4663.652,13.466999999999643,-18.29,5102.31,sl 4710.767,951,956
479,2026-05-14 11:55:29,2026-05-14 11:55:29,sell,4704.807,4704.807,4688.643,4704.522,16.16399999999976,43.49,5145.8,tp 4704.522,959,959
480,2026-05-14 11:35:00,2026-05-14 11:55:30,buy,4693.936,4704.807,4688.643,4704.522,5.292999999999665,9.66,5155.46,,958,960
481,2026-05-14 11:35:00,2026-05-14 11:57:53,buy,4693.936,4698.43,4688.643,4704.522,5.292999999999665,3.2800000000000002,5158.74,sl 4698.482,958,961
482,2026-05-19 10:42:29,2026-05-19 10:42:29,buy,4533.667,4533.667,4533.978,4554.687,0.3109999999996944,-21.64,5137.099999999999,sl 4533.978,963,963
483,2026-05-21 13:14:53,2026-05-21 13:14:53,buy,4501.247,4501.247,4501.272,4534.308,0.024999999999636202,-22.32,5114.780000000001,sl 4501.272,965,965
484,2026-05-22 12:19:26,2026-05-22 12:19:26,sell,4534.552,4534.552,4511.27,4534.253,23.281999999999243,46.52,5161.3,tp 4534.253,968,968
485,2026-05-22 11:40:00,2026-05-22 12:21:56,buy,4519.048,4526.948,4511.27,4534.253,7.777999999999338,4.67,5165.97,sl 4527.061,967,969
486,2026-05-22 13:05:00,2026-05-22 13:24:14,buy,4524.38,4524.157,4513.488,4545.954,10.891999999999825,10.21,5176.18,sl 4524.190,971,972
487,2026-05-22 13:42:37,2026-05-22 13:42:37,buy,4513.432,4513.432,4513.488,4545.954,0.056000000000494765,-21.9,5154.280000000001,sl 4513.488,974,974
488,2026-05-22 13:49:50,2026-05-22 13:49:50,buy,4510.753,4510.753,4510.8,4545.714,0.04700000000048021,-22.99,5131.29,sl 4510.800,975,975
489,2026-05-22 14:10:00,2026-05-22 14:13:35,buy,4510.202,4501.045,4498.184,4534.238,12.018000000000029,-20.69,5110.6,sl 4501.054,977,978
490,2026-05-22 14:14:49,2026-05-22 14:14:49,buy,4498.125,4498.125,4498.184,4534.238,0.05900000000019645,-24.15,5086.450000000001,sl 4498.184,979,979
491,2026-05-28 14:20:00,2026-05-28 14:45:18,sell,4464.596,4476.313,4478.497,4436.794,13.90100000000075,-23.92,5062.53,sl 4476.270,981,982
492,2026-05-28 14:46:05,2026-05-28 14:46:05,sell,4478.637,4478.637,4478.497,4436.794,0.13999999999941792,-14.04,5048.49,sl 4478.497,983,983
493,2026-05-28 15:35:00,2026-05-28 16:18:20,sell,4480.827,4493.978,4496.052,4450.377,15.224999999999454,-16.84,5031.65,sl 4493.722,990,991
494,2026-05-28 15:30:00,2026-05-28 16:19:43,sell,4477.142,4495.907,4493.722,4443.211,16.579999999999927,-19.64,5012.009999999999,sl 4495.870,989,992
495,2026-05-28 15:25:00,2026-05-28 16:19:43,sell,4476.267,4496.042,4495.87,4436.479,19.603000000000065,-23.34,4988.67,sl 4496.033,988,993
496,2026-05-28 16:19:43,2026-05-28 16:19:43,sell,4496.121,4496.121,4496.052,4450.377,0.06900000000041473,-15.29,4973.38,sl 4496.052,994,994
497,2026-05-28 15:20:00,2026-05-28 16:19:44,sell,4472.701,4496.463,4496.033,4425.518,23.332000000000335,-24.91,4948.47,sl 4496.271,987,995
498,2026-05-28 15:15:00,2026-05-28 16:20:33,sell,4471.552,4498.37,4496.271,4421.238,24.71900000000005,-24.79,4923.68,sl 4498.254,986,996
499,2026-05-28 15:10:00,2026-05-28 16:20:45,sell,4473.582,4499.69,4498.254,4423.797,24.67199999999957,-24.94,4898.740000000001,sl 4499.626,985,997
500,2026-06-02 15:30:00,2026-06-02 18:42:41,buy,4505.886,4481.702,4481.726,4554.044,24.160000000000764,-22.13,4876.61,sl 4481.726,1000,1008
501,2026-06-02 16:05:00,2026-06-02 18:42:41,buy,4501.38,4481.702,4479.218,4545.323,22.162000000000262,-24.19,4852.42,sl 4481.726,1001,1009
502,2026-06-02 15:25:00,2026-06-02 18:42:58,buy,4503.827,4480.974,4481.726,4548.029,22.101000000000568,-22.43,4829.99,sl 4481.097,999,1010
503,2026-06-02 16:55:00,2026-06-02 18:43:03,buy,4489.79,4480.581,4480.6,4508.356,9.1899999999996,-19.11,4810.88,sl 4480.600,1005,1011
504,2026-06-02 17:20:00,2026-06-02 18:43:03,buy,4487.641,4480.581,4473.557,4515.647,14.083999999999833,-18.42,4792.46,sl 4480.600,1006,1012
505,2026-06-02 16:20:00,2026-06-02 18:43:04,buy,4495.17,4479.166,4476.53,4532.45,18.640000000000327,-22.21,4770.25,sl 4479.218,1002,1013
506,2026-06-02 16:30:00,2026-06-02 23:10:55,buy,4490.951,4476.466,4476.53,4519.253,14.421000000000276,-18.7,4751.55,sl 4476.530,1003,1014
507,2026-06-02 16:45:00,2026-06-02 23:10:55,buy,4490.136,4476.466,4480.6,4509.208,9.536000000000058,-14.48,4737.070000000001,sl 4476.530,1004,1015
508,2026-06-02 17:25:00,2026-06-02 23:16:57,buy,4488.498,4473.512,4473.557,4518.05,14.940999999999804,-14.13,4722.94,sl 4473.557,1007,1016
509,2026-06-02 23:16:57,2026-06-02 23:16:57,buy,4473.512,4473.512,4473.557,4518.05,0.04500000000007276,-14.99,4707.95,sl 4473.557,1017,1017
510,2026-06-04 08:15:00,2026-06-04 11:36:24,buy,4460.77,4484.078,4439.573,4503.701,21.197000000000116,20.16,4728.11,sl 4484.088,1019,1021
511,2026-06-04 08:40:00,2026-06-04 11:48:38,buy,4461.223,4503.704,4439.573,4504.523,21.649999999999636,42.93,4771.04,tp 4503.701,1020,1022
512,2026-06-04 11:51:32,2026-06-04 11:51:32,sell,4504.523,4504.523,4439.573,4504.523,64.94999999999982,43.3,4814.34,tp 4504.523,1023,1023
513,2026-06-04 17:50:00,2026-06-05 00:12:16,buy,4479.018,4456.556,4456.812,4523.43,22.20600000000013,-21.74,4792.06,sl 4456.812,1025,1028
514,2026-06-04 17:55:00,2026-06-05 00:12:16,buy,4478.827,4456.556,4456.812,4522.857,22.015000000000327,-22.46,4769.06,sl 4456.812,1026,1029
515,2026-06-04 18:05:00,2026-06-05 00:12:16,buy,4477.603,4456.556,4456.812,4519.185,20.791000000000167,-22.27,4746.25,sl 4456.812,1027,1030
516,2026-06-05 00:12:16,2026-06-05 00:12:16,buy,4456.556,4456.556,4456.812,4519.185,0.25600000000031287,-21.04,4724.67,sl 4456.812,1031,1031
517,2026-06-08 23:34:32,2026-06-08 23:34:32,buy,4316.42,4316.42,4334.202,4316.499,17.782000000000153,35.64,4760.31,tp 4316.499,1036,1036
518,2026-06-08 19:30:00,2026-06-08 23:36:44,sell,4327.739,4321.939,4334.424,4314.537,6.6850000000004,15.2,4775.51,sl 4321.893,1033,1037
519,2026-06-08 19:35:00,2026-06-08 23:49:00,sell,4327.438,4314.482,4334.044,4314.226,6.605999999999767,39.77,4815.280000000001,tp 4314.537,1034,1038
520,2026-06-08 19:55:00,2026-06-08 23:49:01,sell,4328.299,4314.085,4334.202,4316.499,5.903000000000247,40.05,4855.33,tp 4314.226,1035,1039
521,2026-06-09 12:30:07,2026-06-09 12:30:07,buy,4334.969,4334.969,4335.056,4347.392,0.08699999999953434,9.9,4865.23,sl 4335.056,1041,1041
522,2026-06-09 13:49:20,2026-06-09 13:49:20,buy,4355.849,4355.849,4355.879,4364.874,0.02999999999974534,18.15,4883.379999999999,sl 4355.879,1043,1043
523,2026-06-15 19:45:00,2026-06-15 20:12:37,buy,4319.472,4316.121,4314.701,4329.014,4.770999999999731,-24.74,4858.64,sl 4316.199,1045,1047
524,2026-06-15 20:14:35,2026-06-15 20:14:35,buy,4315.821,4315.821,4315.868,4329.452,0.04700000000048021,-23.56,4835.08,sl 4315.868,1048,1048
525,2026-06-15 19:55:00,2026-06-15 20:16:30,buy,4320.533,4314.623,4315.868,4329.452,4.664999999999964,-24.24,4810.84,sl 4314.701,1046,1049
526,2026-06-16 19:40:00,2026-06-17 01:15:35,buy,4337.929,4344.869,4315.526,4383.065,22.403000000000247,5.35,4815.650000000001,sl 4344.894,1051,1053
527,2026-06-17 04:34:25,2026-06-17 04:34:25,buy,4321.931,4321.931,4321.941,4358.721,0.010000000000218279,-12.12,4802.99,sl 4321.941,1054,1054
528,2026-06-17 10:40:02,2026-06-17 13:37:18,sell,4329.511,4339.881,4339.867,4308.799,10.355999999999767,-22.06,4780.929999999999,sl 4339.867,1056,1061
529,2026-06-17 12:00:00,2026-06-17 13:37:18,sell,4323.447,4339.881,4342.774,4284.598,19.327000000000226,-20.74,4760.1900000000005,sl 4339.867,1057,1062
530,2026-06-17 12:10:00,2026-06-17 13:45:09,sell,4323.253,4342.844,4343.01,4282.242,19.757000000000517,-19.39,4740.799999999999,sl 4342.774,1058,1063
531,2026-06-17 12:15:00,2026-06-17 13:45:09,sell,4323.21,4343.034,4343.01,4283.802,19.800000000000182,-19.78,4721.02,sl 4343.010,1059,1064
532,2026-06-17 12:20:00,2026-06-17 13:45:09,sell,4324.177,4343.034,4343.01,4284.345,18.83300000000054,-19.82,4701.200000000001,sl 4343.010,1060,1065
533,2026-06-17 13:45:09,2026-06-17 13:45:09,sell,4343.034,4343.034,4343.01,4284.345,0.023999999999432475,-18.85,4682.349999999999,sl 4343.010,1066,1066
534,2026-06-16 19:55:00,2026-06-17 13:54:38,buy,4334.048,4339.453,4321.941,4358.721,12.106999999999971,1.52,4683.330000000001,sl 4339.497,1052,1067
535,2026-06-18 18:25:00,2026-06-18 18:36:46,buy,4228.173,4220.459,4220.269,4243.981,7.903999999999542,-16.38,4666.95,sl 4220.628,1069,1070
536,2026-06-18 18:40:02,2026-06-18 18:40:02,buy,4220.268,4220.268,4220.269,4243.981,0.0010000000002037268,-15.81,4651.139999999999,sl 4220.269,1071,1071
537,2026-06-18 18:50:00,2026-06-18 19:00:52,buy,4221.849,4217.525,4214.644,4236.433,7.204999999999927,-22.02,4629.12,sl 4217.601,1073,1074
538,2026-06-18 19:02:33,2026-06-18 19:02:33,buy,4214.623,4214.623,4214.644,4236.433,0.021000000000640284,-21.68,4607.44,sl 4214.644,1075,1075
539,2026-06-25 13:15:00,2026-06-25 14:03:46,sell,4030.827,4018.347,4050.684,3991.281,19.85699999999997,10.72,4618.16,sl 4018.339,1077,1078
540,2026-06-25 15:21:35,2026-06-25 15:21:35,sell,4018.637,4018.637,4018.618,3987.022,0.01900000000023283,-21.22,4596.94,sl 4018.618,1080,1080
541,2026-06-26 02:46:37,2026-06-26 02:46:37,buy,3991.206,3991.206,4007.133,3991.281,15.92699999999968,39.62,4636.5599999999995,tp 3991.281,1081,1081
542,2026-06-26 09:19:13,2026-06-26 09:19:13,buy,4034.481,4034.481,4034.526,4043.616,0.04499999999961801,0.94,4637.5,sl 4034.526,1083,1083
543,2026-06-26 13:01:01,2026-06-26 13:01:01,buy,4056.808,4056.808,4056.876,4077.873,0.068000000000211,8.44,4645.94,sl 4056.876,1085,1085
544,2026-06-29 08:00:00,2026-06-29 08:42:35,buy,4061.846,4058.099,4055.283,4075.185,6.563000000000102,-19.34,4626.599999999999,sl 4058.101,1087,1090
545,2026-06-29 08:40:00,2026-06-29 08:43:57,buy,4062.561,4056.864,4056.316,4075.051,6.245000000000346,-21.02,4605.58,sl 4057.063,1089,1091
546,2026-06-29 08:44:30,2026-06-29 08:44:30,buy,4056.137,4056.137,4056.316,4075.051,0.17899999999963256,-19.27,4586.3099999999995,sl 4056.316,1092,1092
547,2026-06-29 08:10:00,2026-06-29 08:44:36,buy,4063.87,4055.252,4057.063,4077.484,6.806999999999789,-19.78,4566.530000000001,sl 4055.283,1088,1093
548,2026-06-29 08:57:52,2026-06-29 08:57:52,buy,4049.331,4049.331,4049.334,4068.948,0.0029999999997016857,-19.14,4547.389999999999,sl 4049.334,1095,1095
549,2026-06-30 12:50:00,2026-06-30 13:00:13,sell,4014.734,4017.685,4020.714,4003.452,5.980000000000018,1.38,4548.77,sl 4017.425,1097,1099
550,2026-06-30 13:07:29,2026-06-30 13:07:29,sell,4019.866,4019.866,4019.847,4002.876,0.018999999999778083,-22.7,4526.070000000001,sl 4019.847,1100,1100
551,2026-06-30 12:55:00,2026-06-30 13:07:49,sell,4014.19,4020.829,4019.847,4002.876,5.657000000000153,-18.29,4507.78,sl 4020.714,1098,1101
552,2026-06-30 13:53:23,2026-06-30 13:53:23,sell,4031.116,4031.116,4031.072,3997.124,0.04399999999986903,-11.36,4496.42,sl 4031.072,1103,1103
553,2026-06-30 14:09:51,2026-06-30 14:09:51,sell,4043.935,4043.935,4043.916,4000.932,0.018999999999778083,-13.98,4482.4400000000005,sl 4043.916,1105,1105
554,2026-06-30 14:20:00,2026-06-30 14:23:42,sell,4048.8,4060.557,4066.259,4015.865,17.458999999999833,-17.15,4465.29,sl 4060.527,1107,1108
555,2026-06-30 19:55:06,2026-06-30 19:55:06,buy,4015.81,4015.81,4066.259,4015.865,50.44900000000007,32.99,4498.28,tp 4015.865,1109,1109
556,2026-07-01 13:38:57,2026-07-01 13:38:57,sell,4061.826,4061.826,4061.766,4019.865,0.05999999999994543,-13.98,4484.3,sl 4061.766,1111,1111
557,2026-07-01 13:43:56,2026-07-01 13:43:56,sell,4087.325,4087.325,4087.251,4037.706,0.07399999999961437,-15.94,4468.360000000001,sl 4087.251,1113,1113
558,2026-07-01 19:40:23,2026-07-01 19:40:23,buy,4054.947,4054.947,4077.191,4054.984,22.243999999999687,43.04,4511.4,tp 4054.984,1115,1115
559,2026-07-02 11:04:06,2026-07-02 11:04:06,buy,4060.377,4060.377,4060.415,4079.834,0.038000000000010914,-19.53,4491.87,sl 4060.415,1117,1117
560,2026-07-02 12:05:00,2026-07-02 12:30:04,buy,4066.908,4083.151,4057.765,4085.194,9.143000000000029,34.93,4526.8,tp 4081.465,1119,1120
561,2026-07-02 12:30:05,2026-07-02 12:30:05,sell,4085.852,4085.852,4057.765,4085.194,28.08699999999999,37.88,4564.68,tp 4085.194,1121,1121
562,2026-07-02 13:33:42,2026-07-02 13:33:42,sell,4126.085,4126.085,4126.069,4096.404,0.01599999999962165,0.29,4564.97,sl 4126.069,1123,1123
563,2026-07-06 11:45:00,2026-07-06 12:43:29,sell,4153.594,4131.857,4174.319,4111.919,20.725000000000364,24.81,4589.780000000001,tp 4132.121,1126,1128
564,2026-07-06 11:25:00,2026-07-06 12:45:52,sell,4156.665,4137.291,4168.937,4132.121,12.271999999999935,16.85,4606.63,sl 4137.274,1125,1129
565,2026-07-07 00:17:59,2026-07-07 00:17:59,buy,4152.258,4152.258,4169.302,4152.319,17.04399999999987,46.16,4652.79,tp 4152.319,1142,1142
566,2026-07-06 11:55:00,2026-07-07 00:19:50,sell,4155.258,4156.857,4174.319,4117.136,19.061000000000604,-3.27,4649.5199999999995,sl 4156.797,1127,1143
567,2026-07-06 19:55:00,2026-07-07 00:38:13,sell,4163.798,4150.806,4169.302,4152.319,5.503999999999905,36.34,4685.860000000001,tp 4150.933,1141,1144
568,2026-07-06 19:40:00,2026-07-07 00:59:27,sell,4160.163,4147.097,4169.302,4141.885,9.139000000000124,44.42,4730.28,tp 4147.105,1138,1145
569,2026-07-06 19:50:00,2026-07-07 01:00:02,sell,4162.92,4144.491,4169.302,4150.933,6.381999999999607,33.19,4763.469999999999,tp 4144.645,1140,1146
570,2026-07-06 19:45:00,2026-07-07 01:00:07,sell,4161.083,4141.765,4169.302,4144.645,8.219000000000051,36.8,4800.27,tp 4141.885,1139,1147
571,2026-07-06 19:05:01,2026-07-07 01:10:45,sell,4161.753,4138.859,4176.293,4132.673,14.539999999999964,25.02,4825.290000000001,tp 4138.940,1131,1148
572,2026-07-06 19:35:00,2026-07-07 01:16:41,sell,4161.903,4135.802,4169.302,4147.105,7.3989999999994325,27.1,4852.39,tp 4135.937,1137,1149
573,2026-07-06 19:30:00,2026-07-07 01:22:12,sell,4162.896,4133.702,4176.293,4135.937,13.396999999999935,28.4,4880.79,tp 4133.711,1136,1150
574,2026-07-06 19:10:01,2026-07-07 01:22:56,sell,4160.959,4132.67,4176.293,4129.964,15.333999999999833,29.08,4909.87,tp 4132.673,1132,1151
575,2026-07-06 19:25:00,2026-07-07 01:27:07,sell,4162.099,4131.051,4176.293,4133.711,14.193999999999505,30.19,4940.0599999999995,tp 4131.137,1135,1152
576,2026-07-06 19:15:00,2026-07-07 01:27:09,sell,4159.293,4129.86,4176.293,4125.293,17.0,31.1,4971.160000000001,tp 4129.964,1133,1153
577,2026-07-06 19:20:00,2026-07-07 03:48:55,sell,4161.241,4125.242,4176.293,4131.137,15.05199999999968,34.05,5005.21,tp 4125.293,1134,1154
578,2026-07-07 05:40:20,2026-07-07 05:40:20,buy,4117.109,4117.109,4174.319,4117.136,57.210000000000036,38.15,5043.36,tp 4117.136,1155,1155
579,2026-07-07 12:09:42,2026-07-07 12:09:42,sell,4167.654,4167.654,4167.628,4101.316,0.026000000000749424,-22.13,5021.23,sl 4167.628,1157,1157
580,2026-07-07 17:45:00,2026-07-07 18:30:46,sell,4146.883,4139.097,4151.752,4137.145,4.869000000000597,48.57,5069.799999999999,tp 4139.350,1177,1187
581,2026-07-07 17:40:00,2026-07-07 18:30:46,sell,4146.036,4139.043,4149.379,4139.35,3.342999999999847,47.83,5117.63,tp 4139.085,1176,1188
582,2026-07-07 17:35:00,2026-07-07 18:30:46,sell,4145.875,4138.965,4149.27,4139.085,3.3950000000004366,49.08,5166.71,tp 4139.013,1175,1189
583,2026-07-07 17:55:00,2026-07-07 18:32:49,sell,4143.713,4138.726,4146.934,4137.271,3.2210000000004584,44.75,5211.46,tp 4138.779,1179,1190
584,2026-07-07 18:05:00,2026-07-07 18:33:15,sell,4142.472,4137.862,4146.332,4134.752,3.860000000000582,47.05,5258.51,tp 4138.025,1181,1191
585,2026-07-07 18:00:00,2026-07-07 18:33:21,sell,4144.583,4137.147,4147.712,4138.025,3.129000000000815,45.96,5304.47,tp 4137.271,1180,1192
586,2026-07-07 17:50:00,2026-07-07 18:33:39,sell,4145.119,4137.097,4148.289,4138.779,3.1700000000000728,48.93,5353.400000000001,tp 4137.145,1178,1193
587,2026-07-07 18:30:00,2026-07-07 18:33:39,sell,4141.873,4136.649,4144.75,4135.564,2.8770000000004075,49.6,5403.0,tp 4136.791,1186,1194
588,2026-07-07 16:15:00,2026-07-07 18:36:43,sell,4141.071,4141.24,4162.825,4097.731,21.753999999999905,-0.87,5402.13,sl 4141.035,1159,1196
589,2026-07-07 18:49:14,2026-07-07 18:49:14,buy,4135.549,4135.549,4144.75,4135.564,9.201000000000022,50.59,5452.72,tp 4135.564,1199,1199
590,2026-07-07 18:25:00,2026-07-07 18:49:16,sell,4142.849,4135.472,4145.956,4136.791,3.106999999999971,50.29,5503.01,tp 4135.513,1185,1200
591,2026-07-07 18:49:16,2026-07-07 18:49:16,buy,4135.159,4135.159,4145.197,4135.21,10.038000000000466,53.67,5556.68,tp 4135.210,1201,1201
592,2026-07-07 18:45:00,2026-07-07 18:49:17,sell,4141.868,4134.98,4145.197,4135.21,3.3289999999997235,51.75,5608.43,tp 4134.983,1198,1202
593,2026-07-07 18:10:00,2026-07-07 18:49:17,sell,4141.852,4134.752,4146.332,4132.892,4.480000000000473,46.32,5654.75,tp 4134.752,1182,1203
594,2026-07-07 18:20:00,2026-07-07 18:49:19,sell,4141.759,4133.716,4144.882,4135.513,3.1229999999995925,50.65,5705.4,tp 4133.810,1184,1204
595,2026-07-07 18:15:00,2026-07-07 18:49:21,sell,4142.158,4132.872,4146.332,4133.81,4.173999999999978,44.9,5750.299999999999,tp 4132.892,1183,1205
596,2026-07-07 17:10:00,2026-07-07 18:51:19,sell,4145.544,4129.365,4153.948,4129.243,8.404000000000451,49.35,5799.650000000001,tp 4129.555,1170,1207
597,2026-07-07 17:15:00,2026-07-07 18:51:19,sell,4143.1,4129.23,4153.948,4120.789,10.847999999999956,48.94,5848.589999999999,tp 4129.243,1171,1208
598,2026-07-07 17:30:00,2026-07-07 18:51:24,sell,4145.977,4127.842,4149.459,4139.013,3.481999999999971,34.68,5883.27,tp 4127.851,1174,1209
599,2026-07-07 18:53:02,2026-07-07 18:53:02,buy,4126.986,4126.986,4144.647,4127.013,17.661000000000058,47.14,5930.410000000001,tp 4127.013,1210,1210
600,2026-07-07 16:20:00,2026-07-07 18:56:14,sell,4144.186,4130.212,4162.825,4106.407,18.639000000000124,10.86,5941.2699999999995,sl 4130.189,1160,1212
601,2026-07-07 17:20:00,2026-07-07 19:01:06,sell,4143.071,4120.742,4153.948,4120.294,10.877000000000407,44.72,5985.990000000001,tp 4120.789,1172,1214
602,2026-07-07 17:25:00,2026-07-07 19:01:06,sell,4145.18,4120.242,4153.948,4127.851,8.768000000000029,45.66,6031.65,tp 4120.294,1173,1215
603,2026-07-07 19:07:15,2026-07-07 19:07:15,buy,4114.297,4114.297,4145.197,4114.339,30.900000000000546,41.13,6072.78,tp 4114.339,1217,1217
604,2026-07-07 16:35:00,2026-07-07 19:07:16,sell,4143.313,4112.189,4162.825,4104.289,19.511999999999716,33.6,6106.38,tp 4112.215,1163,1218
605,2026-07-07 17:05:00,2026-07-07 19:07:57,sell,4145.817,4109.358,4153.948,4129.555,8.131000000000313,35.81,6142.1900000000005,tp 4109.365,1169,1219
606,2026-07-07 16:30:00,2026-07-07 19:07:57,sell,4145.786,4108.431,4162.825,4112.215,17.03899999999976,36.44,6178.629999999999,tp 4108.462,1162,1220
607,2026-07-07 16:55:00,2026-07-07 19:10:35,sell,4144.704,4107.893,4162.825,4108.129,18.121000000000095,36.63,6215.26,tp 4107.901,1167,1222
608,2026-07-07 17:00:00,2026-07-07 19:10:35,sell,4145.172,4107.893,4162.825,4109.365,17.653000000000247,36.81,6252.070000000001,tp 4108.129,1168,1223
609,2026-07-07 16:45:00,2026-07-07 19:11:20,sell,4143.44,4107.16,4162.825,4104.349,19.38500000000022,37.13,6289.2,tp 4107.211,1165,1224
610,2026-07-07 16:25:00,2026-07-07 19:11:23,sell,4144.868,4106.354,4162.825,4108.462,17.956999999999425,37.84,6327.04,tp 4106.407,1161,1225
611,2026-07-07 16:50:00,2026-07-07 19:11:52,sell,4144.517,4104.305,4162.825,4107.901,18.307999999999993,39.13,6366.17,tp 4104.349,1166,1226
612,2026-07-07 16:40:00,2026-07-07 19:12:20,sell,4144.287,4104.138,4162.825,4107.211,18.537999999999556,39.17,6405.34,tp 4104.289,1164,1227
613,2026-07-07 19:15:40,2026-07-07 19:15:40,buy,4100.13,4100.13,4140.051,4100.829,39.92100000000028,53.33,6458.67,tp 4100.829,1228,1228
614,2026-07-08 08:17:57,2026-07-08 08:17:57,buy,4090.853,4090.853,4145.197,4091.014,54.34400000000005,36.44,6495.11,tp 4091.014,1229,1229
615,2026-07-08 08:18:07,2026-07-08 08:18:07,buy,4085.2,4085.2,4140.051,4085.481,54.85100000000057,36.71,6531.82,tp 4085.481,1230,1230
616,2026-07-08 08:58:48,2026-07-08 08:58:48,buy,4053.366,4053.366,4140.051,4053.783,86.6850000000004,57.86,6589.679999999999,tp 4053.783,1231,1231
617,2026-07-10 14:33:06,2026-07-10 14:33:06,buy,4078.011,4078.011,4078.186,4167.586,0.1750000000001819,-29.92,6559.22,sl 4078.186,1233,1233
618,2026-07-14 13:01:53,2026-07-14 13:01:53,sell,4083.524,4083.524,4083.45,4068.032,0.07400000000006912,24.87,6584.09,sl 4083.450,1235,1235
619,2026-07-15 14:45:00,2026-07-15 15:20:32,sell,4057.382,4042.953,4066.771,4038.736,9.389000000000124,57.72,6641.81,tp 4042.979,1239,1247
620,2026-07-15 14:40:00,2026-07-15 15:20:33,sell,4062.192,4042.197,4071.425,4042.979,9.233000000000175,59.86,6701.67,tp 4042.260,1238,1248
621,2026-07-15 15:15:00,2026-07-15 15:20:33,sell,4044.285,4041.747,4056.202,4020.016,11.917000000000371,64.59,6766.26,tp 4041.896,1245,1249
622,2026-07-15 15:05:00,2026-07-15 15:20:36,sell,4059.239,4041.23,4068.627,4040.463,9.38799999999992,57.9,6824.16,tp 4041.269,1243,1250
623,2026-07-15 14:55:00,2026-07-15 15:20:37,sell,4055.954,4040.938,4065.674,4036.823,9.7199999999998,56.66,6880.82,tp 4041.082,1241,1251
624,2026-07-15 15:10:00,2026-07-15 15:22:13,sell,4054.666,4040.336,4061.051,4041.896,6.3849999999997635,56.71,6937.53,tp 4040.463,1244,1252
625,2026-07-15 14:35:00,2026-07-15 15:29:30,sell,4062.149,4049.937,4071.936,4042.26,9.787000000000262,26.07,6963.599999999999,sl 4049.901,1237,1254
626,2026-07-15 14:50:00,2026-07-15 16:10:57,sell,4059.824,4038.734,4069.195,4041.082,9.371000000000095,55.95,7019.55,tp 4038.736,1240,1263
627,2026-07-15 16:00:00,2026-07-15 16:17:06,sell,4046.871,4037.099,4056.202,4028.209,9.331000000000131,66.28,7085.83,tp 4037.148,1260,1265
628,2026-07-15 15:00:00,2026-07-15 16:17:08,sell,4060.529,4036.774,4069.901,4041.269,9.371999999999844,57.54,7143.37,tp 4036.823,1242,1266
629,2026-07-15 15:55:00,2026-07-15 16:19:46,sell,4050.356,4035.153,4056.96,4037.148,6.6039999999998145,56.9,7200.2699999999995,tp 4035.204,1259,1267
630,2026-07-15 15:35:00,2026-07-15 16:19:47,sell,4048.153,4033.338,4056.202,4032.586,8.049000000000433,63.76,7264.030000000001,tp 4033.372,1256,1268
631,2026-07-15 15:45:00,2026-07-15 16:19:47,sell,4049.378,4033.219,4056.531,4035.204,7.152999999999793,61.56,7325.59,tp 4033.270,1258,1269
632,2026-07-15 15:40:00,2026-07-15 16:34:39,sell,4048.609,4032.573,4056.202,4033.27,7.593000000000302,62.32,7387.91,tp 4032.586,1257,1273
633,2026-07-15 16:05:00,2026-07-15 16:35:15,sell,4043.555,4028.169,4056.202,4018.261,12.64700000000039,56.1,7444.01,tp 4028.209,1261,1275
634,2026-07-15 15:20:00,2026-07-15 17:35:23,sell,4045.793,4056.261,4056.202,4025.332,10.409000000000106,-23.95,7420.06,sl 4056.202,1246,1283
635,2026-07-15 17:35:23,2026-07-15 17:35:23,sell,4056.261,4056.261,4056.202,4025.332,0.058999999999741704,-31.4,7388.660000000001,sl 4056.202,1284,1284
636,2026-07-15 17:35:23,2026-07-15 17:35:23,sell,4056.261,4056.261,4056.202,4022.416,0.058999999999741704,-33.96,7354.7,sl 4056.202,1285,1285
637,2026-07-15 16:10:00,2026-07-15 17:35:23,sell,4042.223,4056.261,4056.241,4014.04,14.018000000000029,-25.41,7329.29,sl 4056.202,1262,1286
638,2026-07-15 17:35:23,2026-07-15 17:35:23,sell,4056.261,4056.261,4056.241,4014.04,0.01999999999998181,-28.07,7301.22,sl 4056.241,1287,1287
639,2026-07-15 17:35:23,2026-07-15 17:35:23,sell,4056.261,4056.261,4056.241,4002.655,0.01999999999998181,-35.99,7265.2300000000005,sl 4056.241,1288,1288
640,2026-07-15 16:25:00,2026-07-15 17:35:23,sell,4035.745,4056.261,4056.241,3994.753,20.496000000000095,-22.22,7243.009999999999,sl 4056.241,1271,1289
641,2026-07-15 16:30:00,2026-07-15 17:35:23,sell,4034.905,4056.261,4056.241,3992.077,21.335999999999785,-20.51,7222.5,sl 4056.241,1272,1290
642,2026-07-15 17:35:23,2026-07-15 17:35:23,sell,4056.261,4056.261,4056.241,3992.077,0.01999999999998181,-21.35,7201.15,sl 4056.241,1291,1291
643,2026-07-15 17:35:47,2026-07-15 17:35:47,sell,4058.768,4058.768,4058.578,3975.964,0.19000000000005457,-27.73,7173.42,sl 4058.578,1292,1292
644,2026-07-15 16:45:00,2026-07-15 17:35:47,sell,4028.47,4058.768,4058.578,3968.728,30.108000000000175,-28.58,7144.84,sl 4058.578,1277,1293
645,2026-07-15 16:50:00,2026-07-15 17:35:47,sell,4035.262,4058.768,4058.578,3989.14,23.315999999999804,-30.3,7114.54,sl 4058.578,1278,1294
646,2026-07-15 16:55:00,2026-07-15 17:35:47,sell,4034.001,4058.768,4058.578,3984.847,24.57699999999977,-23.51,7091.03,sl 4058.578,1279,1295
647,2026-07-15 17:00:00,2026-07-15 17:35:47,sell,4034.102,4058.768,4058.578,3983.764,24.476000000000113,-24.77,7066.259999999999,sl 4058.578,1280,1296
648,2026-07-15 17:05:00,2026-07-15 17:35:47,sell,4037.433,4058.768,4062.03,3988.92,24.597000000000207,-24.67,7041.59,sl 4058.578,1281,1297
649,2026-07-15 17:10:00,2026-07-15 17:43:55,sell,4036.772,4062.199,4062.03,3986.256,25.258000000000266,-24.77,7016.82,sl 4062.030,1282,1298
650,2026-07-15 17:43:55,2026-07-15 17:43:55,sell,4062.199,4062.199,4062.03,3986.256,0.16899999999986903,-25.43,6991.389999999999,sl 4062.030,1299,1299
651,2026-07-17 17:55:01,2026-07-17 20:19:03,buy,4009.744,4010.091,3987.852,4053.528,21.89200000000028,-3.44,6987.950000000001,sl 4010.110,1301,1307
652,2026-07-17 19:30:00,2026-07-19 22:04:42,buy,4005.63,3995.932,3996.035,4024.364,9.595000000000255,-29.27,6957.0599999999995,sl 3996.035,1305,1308
653,2026-07-17 19:35:00,2026-07-19 22:04:42,buy,4006.639,3995.932,3996.035,4027.847,10.60400000000027,-29.09,6926.35,sl 3996.035,1306,1309
654,2026-07-19 22:04:42,2026-07-19 22:04:42,buy,3995.932,3995.932,3996.035,4027.847,0.10300000000006548,-32.12,6892.610000000001,sl 3996.035,1310,1310
655,2026-07-17 18:15:01,2026-07-20 00:01:01,buy,4010.641,3987.826,3979.136,4073.651,31.50500000000011,-21.91,6870.16,sl 3987.852,1302,1311
656,2026-07-17 18:35:00,2026-07-20 07:48:52,buy,4013.471,4016.374,3979.687,4080.889,33.784000000000106,5.73,6875.349999999999,sl 4016.468,1303,1315
657,2026-07-20 07:25:00,2026-07-20 08:03:54,buy,4008.605,4024.682,3993.611,4038.593,14.994000000000142,62.21,6937.56,tp 4024.616,1314,1317
658,2026-07-20 07:20:00,2026-07-20 08:24:55,buy,4003.946,4029.737,3993.611,4024.616,10.335000000000036,48.27,6985.830000000001,tp 4029.572,1313,1319
659,2026-07-20 10:30:00,2026-07-20 11:30:38,buy,4022.052,4036.289,4007.543,4051.226,14.509000000000015,63.56,7049.39,tp 4035.716,1324,1325
660,2026-07-17 19:10:00,2026-07-20 11:31:18,buy,4005.69,4027.391,3996.035,4025.0,9.6550000000002,13.92,7062.77,sl 4027.453,1304,1326
661,2026-07-20 10:05:00,2026-07-20 11:34:15,buy,4020.401,4036.979,4012.667,4035.716,7.733999999999924,64.97,7127.740000000001,tp 4036.877,1323,1327
662,2026-07-20 09:55:00,2026-07-20 11:34:17,buy,4020.737,4037.664,4012.667,4036.877,8.070000000000164,54.6,7182.34,tp 4037.621,1322,1328
663,2026-07-20 11:34:19,2026-07-20 11:34:19,sell,4038.606,4038.606,3993.611,4038.593,44.995000000000346,60.0,7242.34,tp 4038.593,1329,1329
664,2026-07-20 09:20:00,2026-07-20 12:15:27,buy,4019.463,4010.494,4010.693,4037.621,8.769999999999982,-34.73,7207.610000000001,sl 4010.693,1321,1330
665,2026-07-20 12:24:48,2026-07-20 12:24:48,buy,4007.525,4007.525,4007.543,4051.226,0.018000000000029104,-29.05,7178.5599999999995,sl 4007.543,1331,1331
666,2026-07-21 06:11:17,2026-07-21 06:11:17,sell,4069.554,4069.554,3992.084,4069.55,77.47000000000025,51.64,7229.660000000001,tp 4069.550,1332,1332
667,2026-07-21 18:27:07,2026-07-21 18:27:07,sell,4087.492,4087.492,3992.614,4087.291,94.87800000000016,63.2,7292.32,tp 4087.291,1333,1333
668,2026-07-22 18:55:00,2026-07-22 22:00:48,buy,4137.656,4117.8,4126.239,4160.49,11.417000000000371,-55.16,7237.16,sl 4126.239,1341,1343
669,2026-07-22 19:50:00,2026-07-22 22:00:48,buy,4135.248,4117.8,4126.239,4153.116,9.009000000000015,-59.57,7177.59,sl 4126.239,1342,1344
670,2026-07-22 22:00:48,2026-07-22 22:00:48,buy,4117.8,4117.8,4126.239,4153.116,8.438999999999396,-69.79,7107.8,sl 4126.239,1345,1345
671,2026-07-22 18:00:00,2026-07-22 22:00:49,buy,4142.822,4117.386,4117.429,4193.068,25.39300000000003,-24.99,7082.81,sl 4117.429,1338,1346
672,2026-07-22 18:25:00,2026-07-22 22:00:49,buy,4137.075,4117.386,4117.429,4176.367,19.64599999999973,-25.43,7057.38,sl 4117.429,1339,1347
673,2026-07-22 18:45:00,2026-07-22 22:00:49,buy,4136.188,4117.386,4126.239,4156.086,9.949000000000524,-19.69,7037.6900000000005,sl 4117.429,1340,1348
674,2026-07-22 17:30:00,2026-07-23 07:07:41,buy,4145.974,4111.465,4111.497,4215.834,34.47699999999986,-33.06,7003.009999999999,sl 4111.497,1335,1349
675,2026-07-22 17:40:00,2026-07-23 07:07:41,buy,4139.325,4111.465,4111.497,4195.134,27.82799999999952,-34.5,6966.89,sl 4111.497,1336,1350
676,2026-07-22 17:55:00,2026-07-23 07:07:41,buy,4142.381,4111.465,4117.429,4193.173,24.952000000000226,-27.86,6937.410000000001,sl 4111.497,1337,1351
677,2026-07-29 09:15:00,2026-07-29 09:30:31,buy,4036.476,4033.322,4032.102,4045.515,4.374000000000251,-31.08,6906.33,sl 4033.345,1353,1355
678,2026-07-29 09:30:32,2026-07-29 09:30:32,buy,4032.584,4032.584,4032.838,4045.96,0.25400000000036016,-32.39,6873.94,sl 4032.838,1356,1356
679,2026-07-29 09:20:00,2026-07-29 09:30:34,buy,4037.212,4032.03,4032.838,4045.96,4.373999999999796,-31.12,6842.82,sl 4032.102,1354,1357
680,2026-07-30 16:24:13,2026-07-30 16:24:13,sell,4118.356,4118.356,4103.372,4118.344,14.983999999999469,57.02,6899.84,tp 4118.344,1359,1359
681,2026-07-30 18:40:00,2026-07-30 19:17:21,buy,4104.651,4109.807,4079.856,4154.619,24.794999999999618,-27.95,6871.89,sl 4109.799,1361,1363
682,2026-07-30 18:45:00,2026-07-31 02:41:42,buy,4105.169,4079.838,4079.856,4155.795,25.312999999999647,-24.81,6846.54,sl 4079.856,1362,1364
683,2026-07-31 02:41:42,2026-07-31 02:41:42,buy,4079.838,4079.838,4079.856,4155.795,0.018000000000029104,-25.33,6820.67,sl 4079.856,1365,1365
684,2026-08-03 13:38:07,2026-08-03 13:38:07,buy,4024.916,4024.916,4024.963,4054.051,0.047000000000025466,-27.99,6792.68,sl 4024.963,1367,1367
685,2026-08-04 10:10:00,2026-08-04 11:42:46,buy,4047.463,4059.737,4033.13,4076.129,14.333000000000084,19.86,6812.54,sl 4059.989,1369,1372
686,2026-08-04 10:15:00,2026-08-04 11:48:01,buy,4049.016,4076.183,4033.13,4080.788,15.885999999999967,57.44,6869.98,tp 4076.129,1370,1373
687,2026-08-04 11:30:00,2026-08-04 11:51:44,buy,4061.034,4081.115,4029.475,4124.005,31.559000000000196,64.2,6934.179999999999,tp 4080.788,1371,1374
688,2026-08-05 02:18:35,2026-08-05 02:18:35,buy,4095.733,4095.733,4095.915,4124.005,0.181999999999789,34.7,6968.34,sl 4095.915,1382,1382
689,2026-08-04 18:50:00,2026-08-05 02:41:42,buy,4079.773,4126.11,4055.711,4128.365,24.062000000000353,46.94,7014.74,tp 4126.091,1378,1383
690,2026-08-04 19:10:00,2026-08-05 02:41:45,buy,4084.038,4126.895,4056.489,4139.625,27.548999999999978,46.86,7061.0599999999995,tp 4126.776,1380,1384
691,2026-08-04 19:00:00,2026-08-05 02:42:23,buy,4080.041,4128.377,4056.489,4126.776,23.552000000000135,48.61,7109.13,tp 4128.365,1379,1385
692,2026-08-05 04:07:44,2026-08-05 04:07:44,sell,4139.506,4139.506,4051.053,4139.481,88.45300000000043,59.55,7168.14,tp 4139.481,1386,1386
693,2026-08-04 19:50:00,2026-08-05 04:07:57,buy,4079.962,4139.737,4051.053,4139.481,28.909000000000106,55.7,7223.3,tp 4139.625,1381,1387
694,2026-08-04 18:25:00,2026-08-05 05:35:19,buy,4087.131,4147.518,4055.758,4149.91,31.373000000000047,61.26,7284.02,tp 4147.477,1376,1388
695,2026-08-04 18:40:00,2026-08-05 05:37:58,buy,4079.171,4149.958,4055.711,4126.091,23.460000000000036,62.83,7346.31,tp 4149.910,1377,1389
696,2026-08-10 09:15:00,2026-08-10 09:36:21,buy,4349.849,4340.261,4338.344,4372.859,11.50500000000011,-31.96,7314.35,sl 4340.313,1393,1395
697,2026-08-10 08:55:00,2026-08-10 10:00:20,buy,4346.653,4339.932,4340.313,4359.333,6.3400000000001455,-30.92,7283.43,sl 4339.974,1392,1396
698,2026-08-10 09:25:00,2026-08-10 10:38:15,buy,4348.032,4338.297,4338.344,4367.918,9.688000000000102,-34.66,7248.77,sl 4338.344,1394,1397
699,2026-08-10 10:38:15,2026-08-10 10:38:15,buy,4338.297,4338.297,4338.344,4367.918,0.04700000000048021,-29.21,7219.56,sl 4338.344,1398,1398
700,2026-08-10 08:20:01,2026-08-10 12:23:44,buy,4355.391,4327.358,4339.974,4386.225,15.416999999999462,-26.73,7192.830000000001,sl 4327.374,1391,1399
701,2026-08-11 14:45:00,2026-08-11 15:18:36,buy,4393.633,4385.075,4380.604,4419.691,13.028999999999542,0.81,7193.64,sl 4385.196,1401,1402
702,2026-08-11 15:34:28,2026-08-11 15:34:28,buy,4380.571,4380.571,4380.604,4419.691,0.03300000000035652,-26.13,7167.51,sl 4380.604,1403,1403
703,2026-08-11 17:15:00,2026-08-11 17:27:45,buy,4381.28,4379.412,4376.036,4391.972,5.243999999999687,-31.69,7135.820000000001,sl 4379.412,1408,1409
704,2026-08-11 17:34:48,2026-08-11 17:34:48,buy,4376.021,4376.021,4376.036,4391.972,0.015000000000327418,-31.55,7104.2699999999995,sl 4376.036,1410,1410
705,2026-08-11 17:10:00,2026-08-11 17:54:32,buy,4384.693,4373.197,4379.412,4395.255,5.280999999999949,-27.93,7076.34,sl 4373.219,1407,1412
706,2026-08-11 17:57:03,2026-08-11 17:57:03,buy,4371.146,4371.146,4371.312,4388.694,0.16600000000016735,-35.76,7040.58,sl 4371.312,1413,1413
707,2026-08-11 16:35:00,2026-08-11 17:57:20,buy,4382.507,4369.315,4373.219,4401.083,9.287999999999556,-35.28,7005.3,sl 4369.318,1406,1414
708,2026-08-11 16:05:00,2026-08-11 18:00:04,buy,4381.078,4367.875,4369.318,4404.598,11.760000000000218,-31.31,6973.99,sl 4367.892,1405,1415
709,2026-08-12 07:10:00,2026-08-12 09:27:42,buy,4402.467,4416.307,4381.043,4444.991,21.423999999999978,29.48,7003.469999999999,sl 4416.323,1417,1422
710,2026-08-12 07:15:00,2026-08-12 19:49:10,buy,4401.708,4409.809,4381.043,4443.437,20.664999999999964,7.34,7010.81,sl 4409.919,1418,1438
711,2026-08-12 19:40:00,2026-08-12 22:05:12,buy,4412.182,4404.489,4404.546,4427.454,7.6359999999995125,-24.72,6986.09,sl 4404.546,1436,1440
712,2026-08-12 19:45:00,2026-08-12 22:05:12,buy,4413.415,4404.489,4404.546,4431.354,8.868999999999687,-30.77,6955.32,sl 4404.546,1437,1441
713,2026-08-12 22:05:12,2026-08-12 22:05:12,buy,4404.489,4404.489,4404.546,4431.354,0.05700000000069849,-35.7,6919.62,sl 4404.546,1442,1442
714,2026-08-12 22:26:15,2026-08-12 22:26:15,buy,4400.577,4400.577,4400.582,4433.075,0.005000000000109139,-32.58,6887.04,sl 4400.582,1443,1443
715,2026-08-12 18:25:00,2026-08-13 00:09:14,buy,4410.82,4422.297,4397.783,4436.894,13.036999999999352,65.66,6946.23,tp 4422.281,1431,1444
716,2026-08-12 18:15:00,2026-08-13 00:16:30,buy,4405.882,4426.506,4397.783,4422.281,8.09899999999925,55.06,6998.06,tp 4426.385,1430,1445
717,2026-08-12 18:05:00,2026-08-13 00:19:19,buy,4398.973,4428.716,4385.267,4426.385,13.706000000000131,58.25,7053.080000000001,tp 4428.590,1429,1446
718,2026-08-12 18:45:00,2026-08-13 00:20:26,buy,4413.942,4430.883,4397.783,4446.149,16.15899999999965,66.41,7114.639999999999,tp 4430.738,1433,1447
719,2026-08-12 18:30:00,2026-08-13 00:23:43,buy,4408.748,4436.9,4397.783,4430.738,10.964999999999236,52.16,7163.570000000001,tp 4436.894,1432,1448
720,2026-08-12 07:40:00,2026-08-13 00:26:12,buy,4407.602,4431.306,4381.562,4459.34,26.039999999999964,29.6,7191.55,sl 4431.361,1419,1449
721,2026-08-12 19:30:00,2026-08-13 00:34:12,buy,4416.852,4444.841,4404.546,4441.464,12.305999999999585,63.07,7251.39,tp 4444.673,1435,1450
722,2026-08-12 19:00:00,2026-08-13 00:34:12,buy,4413.305,4446.366,4397.783,4444.673,15.521999999999935,64.85,7313.010000000001,tp 4446.149,1434,1451
723,2026-08-12 18:00:00,2026-08-13 05:46:40,buy,4399.591,4385.019,4385.267,4428.59,14.324000000000524,-25.32,7286.070000000001,sl 4385.267,1428,1452
724,2026-08-12 07:50:00,2026-08-13 05:59:10,buy,4408.999,4381.408,4381.562,4463.873,27.436999999999898,-26.19,7258.26,sl 4381.562,1420,1453
725,2026-08-12 09:00:00,2026-08-13 05:59:10,buy,4401.893,4381.408,4368.93,4467.63,32.96299999999974,-27.59,7229.05,sl 4381.562,1421,1454
726,2026-08-12 17:10:00,2026-08-13 06:04:40,buy,4406.504,4377.205,4377.518,4464.653,28.985999999999876,-28.26,7199.17,sl 4377.518,1424,1455
727,2026-08-12 17:15:00,2026-08-13 06:04:40,buy,4403.922,4377.205,4377.518,4456.532,26.40399999999954,-29.29,7168.26,sl 4377.518,1425,1456
728,2026-08-12 17:20:00,2026-08-13 06:04:40,buy,4403.883,4377.205,4377.518,4456.217,26.36499999999978,-26.71,7139.93,sl 4377.518,1426,1457
729,2026-08-12 17:35:00,2026-08-13 06:04:40,buy,4410.343,4377.205,4385.267,4460.666,25.076000000000022,-26.67,7111.64,sl 4377.518,1427,1458
730,2026-08-13 06:36:19,2026-08-13 06:36:19,buy,4368.878,4368.878,4368.93,4467.63,0.05200000000058935,-33.01,7077.01,sl 4368.930,1459,1459
731,2026-08-13 10:00:00,2026-08-13 13:55:00,sell,4384.472,4376.929,4407.57,4338.117,23.097999999999956,3.41,7080.42,sl 4376.886,1461,1487
732,2026-08-13 11:05:00,2026-08-13 16:14:40,sell,4389.246,4354.2,4411.502,4344.731,22.256000000000313,38.28,7118.7,tp 4354.265,1473,1488
733,2026-08-13 10:50:00,2026-08-13 19:13:57,sell,4390.208,4348.231,4411.502,4347.62,21.29400000000078,42.2,7160.9,tp 4348.271,1471,1489
734,2026-08-13 10:55:00,2026-08-13 19:14:05,sell,4392.483,4347.585,4411.502,4354.265,19.019000000000233,42.62,7203.5199999999995,tp 4347.620,1472,1490
735,2026-08-13 11:20:00,2026-08-13 19:15:01,sell,4393.032,4346.296,4417.913,4343.27,24.880999999999403,47.72,7251.240000000001,tp 4346.450,1476,1491
736,2026-08-13 10:35:00,2026-08-13 19:15:11,sell,4385.15,4345.968,4407.57,4340.31,22.420000000000073,41.05,7292.29,tp 4346.064,1468,1492
737,2026-08-13 11:10:00,2026-08-13 19:15:12,sell,4390.455,4344.698,4417.913,4335.539,27.45799999999963,44.55,7336.84,tp 4344.731,1474,1493
738,2026-08-13 11:25:00,2026-08-14 00:26:20,sell,4392.341,4343.17,4417.913,4341.197,25.571999999999207,49.86,7386.7,tp 4343.270,1477,1494
739,2026-08-13 10:45:00,2026-08-14 00:26:20,sell,4390.425,4341.669,4411.502,4348.271,21.077000000000226,46.72,7433.42,tp 4342.151,1470,1495
740,2026-08-13 11:30:00,2026-08-14 00:26:20,sell,4388.123,4341.149,4417.913,4328.759,29.789999999999964,51.19,7484.61,tp 4341.197,1478,1496
741,2026-08-13 10:40:00,2026-08-14 00:26:20,sell,4388.385,4340.204,4411.502,4342.151,23.11700000000019,44.95,7529.5599999999995,tp 4340.310,1469,1497
742,2026-08-13 10:25:01,2026-08-14 00:29:34,sell,4384.571,4339.982,4407.57,4338.573,22.998999999999796,45.07,7574.63,tp 4340.010,1466,1498
743,2026-08-13 10:30:00,2026-08-14 00:30:08,sell,4387.016,4338.554,4407.57,4346.064,20.554000000000087,46.02,7620.650000000001,tp 4338.573,1467,1499
744,2026-08-13 10:05:00,2026-08-14 00:30:10,sell,4384.709,4338.028,4407.57,4337.991,22.860999999999876,46.44,7667.089999999999,tp 4338.117,1462,1500
745,2026-08-13 10:10:00,2026-08-14 00:30:12,sell,4383.868,4337.947,4407.57,4336.464,23.701999999999316,46.76,7713.85,tp 4337.991,1463,1501
746,2026-08-13 12:15:00,2026-08-14 00:38:49,sell,4389.043,4336.621,4417.913,4331.303,28.86999999999989,54.0,7767.85,tp 4336.712,1484,1502
747,2026-08-13 10:15:00,2026-08-14 00:38:51,sell,4381.705,4336.441,4407.57,4329.975,25.86499999999978,47.43,7815.280000000001,tp 4336.464,1464,1503
748,2026-08-13 11:15:00,2026-08-14 00:39:45,sell,4394.018,4335.518,4417.913,4346.45,23.894999999999527,54.94,7870.219999999999,tp 4335.539,1475,1504
749,2026-08-13 12:20:00,2026-08-14 00:48:55,sell,4386.44,4330.109,4418.401,4322.59,31.96100000000024,58.93,7929.150000000001,tp 4331.303,1485,1505
750,2026-08-13 10:20:00,2026-08-14 00:48:55,sell,4385.05,4329.89,4407.57,4340.01,22.519999999999527,51.82,7980.969999999999,tp 4329.975,1465,1506
751,2026-08-13 11:50:00,2026-08-14 01:09:28,sell,4384.323,4328.53,4417.913,4317.782,33.589999999999236,59.59,8040.56,tp 4328.759,1479,1507
752,2026-08-13 12:05:00,2026-08-14 01:10:07,sell,4387.008,4326.887,4417.913,4325.012,30.904999999999745,60.71,8101.27,tp 4326.893,1482,1508
753,2026-08-13 12:10:00,2026-08-14 01:10:52,sell,4390.616,4324.983,4417.913,4336.712,27.29699999999957,62.03,8163.3,tp 4325.012,1483,1509
754,2026-08-13 12:25:00,2026-08-14 01:11:00,sell,4385.76,4322.511,4418.401,4320.478,32.64099999999962,63.93,8227.23,tp 4322.590,1486,1510
755,2026-08-14 01:18:31,2026-08-14 01:18:31,buy,4320.42,4320.42,4418.401,4320.478,97.98099999999977,65.34,8292.57,tp 4320.478,1511,1511
756,2026-08-13 12:00:00,2026-08-14 01:19:01,sell,4387.604,4317.831,4417.913,4326.893,30.308999999999287,66.99,8359.56,tp 4317.860,1481,1512
757,2026-08-13 11:55:00,2026-08-14 01:24:20,sell,4384.817,4317.738,4417.913,4317.86,33.09599999999955,66.58,8426.14,tp 4317.782,1480,1513
758,2026-08-14 15:35:00,2026-08-14 16:01:31,sell,4387.434,4395.462,4397.926,4366.279,10.49200000000019,-41.45,8384.689999999999,sl 4395.400,1515,1519
759,2026-08-14 18:45:28,2026-08-14 18:45:28,buy,4372.793,4372.793,4401.168,4372.875,28.375,76.5,8461.19,tp 4372.875,1523,1523
760,2026-08-14 16:50:00,2026-08-14 18:45:40,sell,4386.724,4372.389,4393.842,4372.488,7.117999999999483,73.12,8534.310000000001,tp 4372.401,1521,1524
761,2026-08-14 16:55:00,2026-08-14 18:45:40,sell,4386.309,4372.389,4393.27,4372.387,6.96100000000024,71.67,8605.98,tp 4372.488,1522,1525
762,2026-08-14 18:45:40,2026-08-14 18:45:40,buy,4372.327,4372.327,4393.27,4372.387,20.94300000000021,83.89,8689.869999999999,tp 4372.387,1526,1526
763,2026-08-14 15:40:01,2026-08-14 19:52:13,sell,4387.456,4378.631,4397.816,4366.736,10.359999999999673,26.41,8716.28,sl 4378.499,1516,1527
764,2026-08-14 16:00:00,2026-08-16 23:32:41,sell,4391.918,4370.986,4401.168,4372.875,9.25,77.88,8794.16,tp 4371.004,1518,1528
765,2026-08-14 15:55:00,2026-08-17 00:44:27,sell,4390.456,4397.896,4400.182,4371.004,9.725999999999658,-41.76,8752.4,sl 4397.816,1517,18296251443314688
