pos_id,entry_deal_id,exit_deal_id,entry_ticket,exit_ticket,entry_time,exit_time,entry_price,exit_price,sl,tp,stop_dist,volume,planned_risk_dollars,net_pnl,balance,exit_reason
1,3,9,5,11,2025-10-01 17:00:00,2025-10-01 18:00:30,3871.021,3859.002,3858.56,3895.943,12.46100000000024,0.01,12.46100000000024,-12.08,2987.92,sl 3859.006
2,4,10,6,12,2025-10-01 17:05:00,2025-10-01 18:00:30,3871.078,3859.002,3859.006,3895.222,12.072000000000116,0.01,12.072000000000118,-10.5,2977.42,sl 3859.006
3,5,11,7,13,2025-10-01 17:10:00,2025-10-01 18:00:30,3869.5,3859.002,3859.006,3890.488,10.494000000000142,0.01,10.494000000000142,-11.06,2966.36,sl 3859.006
4,6,12,8,14,2025-10-01 17:15:00,2025-10-01 18:00:30,3870.055,3859.002,3859.006,3892.153,11.048999999999978,0.01,11.048999999999978,-11.37,2954.9900000000002,sl 3859.006
5,7,13,9,15,2025-10-01 17:20:00,2025-10-01 18:00:30,3870.367,3859.002,3859.006,3893.089,11.361000000000331,0.01,11.361000000000331,-12.55,2942.4399999999996,sl 3859.006
6,1,14,3,16,2025-10-01 16:50:00,2025-10-01 18:00:37,3870.692,3858.538,3858.56,3894.956,12.132000000000062,0.01,12.132000000000062,-12.15,2930.29,sl 3858.560
7,2,15,4,17,2025-10-01 16:55:00,2025-10-01 18:00:37,3870.031,3858.538,3858.56,3892.973,11.471000000000004,0.01,11.471000000000004,-11.49,2918.8,sl 3858.560
8,8,16,10,18,2025-10-01 17:25:00,2025-10-01 18:00:37,3871.554,3858.538,3859.006,3896.65,12.54800000000023,0.01,12.54800000000023,-12.48,2906.32,sl 3858.560
9,17,18,19,20,2025-10-02 07:55:00,2025-10-02 08:57:15,3866.973,3878.81,3878.806,3843.307,11.833000000000084,0.01,11.833000000000084,-11.84,2894.48,sl 3878.806
10,19,20,21,22,2025-10-02 19:10:00,2025-10-03 03:43:15,3856.465,3842.444,3869.478,3830.439,13.01299999999992,0.01,13.01299999999992,14.03,2908.51,sl 3842.434
11,21,30,23,32,2025-10-07 07:30:00,2025-10-07 09:17:34,3951.5,3959.795,3940.236,3974.028,11.264000000000124,0.01,11.264000000000124,15.52,2924.03,tp 3959.778
12,22,31,24,33,2025-10-07 08:05:00,2025-10-07 09:17:54,3944.284,3960.626,3936.537,3959.778,7.747000000000298,0.01,7.747000000000298,15.3,2939.3300000000004,tp 3960.624
13,25,33,27,35,2025-10-07 08:25:00,2025-10-07 09:24:39,3953.477,3962.418,3947.904,3964.623,5.572999999999865,0.02,11.14599999999973,23.17,2962.5,tp 3962.399
14,23,34,25,36,2025-10-07 08:10:00,2025-10-07 09:24:39,3945.334,3962.439,3937.689,3960.624,7.644999999999982,0.01,7.644999999999983,15.86,2978.36,tp 3962.427
15,26,35,28,37,2025-10-07 08:30:00,2025-10-07 09:25:41,3950.837,3963.442,3945.056,3962.399,5.780999999999949,0.02,11.561999999999898,22.62,3000.98,tp 3963.434
16,24,37,26,39,2025-10-07 08:15:00,2025-10-07 09:52:28,3946.581,3956.386,3938.658,3962.427,7.923000000000229,0.01,7.92300000000023,4.89,3005.87,sl 3956.387
17,27,38,29,40,2025-10-07 08:35:00,2025-10-07 11:44:19,3952.128,3964.642,3946.475,3963.434,5.653000000000247,0.02,11.306000000000495,22.33,3028.2,tp 3964.623
18,28,40,30,42,2025-10-07 09:10:00,2025-10-07 12:43:41,3954.878,3973.147,3945.753,3973.128,9.125,0.01,9.125,18.27,3046.47,tp 3973.128
19,29,41,31,43,2025-10-07 09:15:00,2025-10-07 13:09:20,3958.911,3983.882,3945.753,3985.227,13.157999999999902,0.01,13.157999999999904,25.42,3071.89,tp 3983.865
20,32,42,34,44,2025-10-07 09:20:00,2025-10-07 13:09:42,3960.314,3985.241,3945.753,3989.436,14.560999999999694,0.01,14.560999999999694,26.33,3098.22,tp 3985.227
21,36,43,38,45,2025-10-07 09:30:00,2025-10-07 15:18:36,3958.457,3989.452,3945.753,3983.865,12.703999999999724,0.01,12.703999999999724,29.14,3127.3599999999997,tp 3989.436
22,39,44,41,46,2025-10-07 12:20:00,2025-10-07 23:01:40,3971.234,3992.115,3960.794,3992.108,10.440000000000055,0.01,10.440000000000055,20.89,3148.25,tp 3992.108
23,45,46,47,48,2025-10-09 11:30:00,2025-10-09 12:54:40,4035.988,4049.991,4049.983,4007.998,13.995000000000346,0.01,13.995000000000346,-14.0,3134.25,sl 4049.983
24,47,48,49,50,2025-10-10 16:05:00,2025-10-10 16:06:39,3996.314,3984.433,3984.438,4020.03,11.875999999999749,0.01,11.875999999999749,-11.88,3122.37,sl 3984.438
25,49,51,51,53,2025-10-10 16:10:00,2025-10-10 16:19:41,3990.343,3978.213,3978.223,4014.628,12.11999999999989,0.01,12.11999999999989,-12.13,3110.24,sl 3978.223
26,50,52,52,54,2025-10-10 16:15:00,2025-10-10 16:19:42,3990.178,3977.813,3977.827,4014.946,12.350999999999658,0.01,12.350999999999658,-12.37,3097.87,sl 3977.827
27,53,54,55,56,2025-10-10 16:30:00,2025-10-10 17:02:39,3987.958,3975.963,3975.963,4011.948,11.99499999999989,0.01,11.99499999999989,-12.0,3085.87,sl 3975.963
28,55,60,57,62,2025-10-10 17:05:00,2025-10-10 18:14:38,3980.637,3996.294,3970.648,4000.603,9.989000000000033,0.01,9.989000000000033,19.9,3105.77,tp 3996.286
29,56,61,58,63,2025-10-10 17:10:00,2025-10-10 18:21:16,3976.393,4000.62,3966.466,3996.286,9.927000000000135,0.01,9.927000000000135,19.98,3125.75,tp 4000.603
30,57,62,59,64,2025-10-10 17:15:00,2025-10-10 18:21:40,3982.356,4002.11,3972.483,4002.102,9.873000000000047,0.01,9.873000000000047,19.75,3145.5,tp 4002.102
31,58,63,60,65,2025-10-10 17:20:00,2025-10-10 18:22:38,3984.195,4004.04,3974.287,4004.011,9.908000000000357,0.01,9.908000000000357,19.84,3165.34,tp 4004.011
32,59,64,61,66,2025-10-10 17:25:00,2025-10-10 18:23:41,3986.433,4008.632,3975.35,4008.599,11.083000000000084,0.01,11.083000000000084,22.2,3187.54,tp 4008.599
33,65,69,67,71,2025-10-14 12:40:00,2025-10-14 13:00:30,4110.78,4102.214,4102.222,4127.851,8.557999999999993,0.01,8.557999999999993,-8.57,3178.97,sl 4102.222
34,66,70,68,72,2025-10-14 12:45:00,2025-10-14 13:00:30,4109.749,4102.214,4102.222,4124.803,7.527000000000044,0.02,15.054000000000087,-15.07,3163.8999999999996,sl 4102.222
35,67,71,69,73,2025-10-14 12:50:00,2025-10-14 13:00:30,4109.098,4102.214,4102.222,4122.817,6.876000000000204,0.02,13.752000000000407,-13.77,3150.13,sl 4102.222
36,68,72,70,74,2025-10-14 12:55:00,2025-10-14 13:00:39,4107.193,4100.383,4100.396,4120.787,6.79700000000048,0.02,13.59400000000096,-13.62,3136.51,sl 4100.396
37,81,85,83,87,2025-10-14 18:45:00,2025-10-14 19:36:20,4148.603,4142.588,4138.181,4169.447,10.42200000000048,0.01,10.42200000000048,-15.06,3121.4500000000003,sl 4142.621
38,82,86,84,88,2025-10-14 18:50:00,2025-10-14 19:36:20,4150.12,4142.588,4142.621,4165.118,7.498999999999796,0.02,14.997999999999593,-11.65,3109.7999999999997,sl 4142.621
39,83,87,85,89,2025-10-14 19:00:00,2025-10-14 19:36:20,4148.414,4142.588,4142.621,4160.0,5.792999999999665,0.02,11.58599999999933,-8.11,3101.69,sl 4142.621
40,76,88,78,90,2025-10-14 18:20:00,2025-10-14 19:36:42,4144.702,4138.155,4132.129,4169.848,12.57300000000032,0.01,12.57300000000032,-15.12,3086.57,sl 4138.181
41,77,89,79,91,2025-10-14 18:25:00,2025-10-14 19:36:42,4145.715,4138.155,4138.181,4160.783,7.53400000000056,0.02,15.068000000001122,-15.68,3070.8900000000003,sl 4138.181
42,78,90,80,92,2025-10-14 18:30:00,2025-10-14 19:36:42,4145.994,4138.155,4138.181,4161.62,7.813000000000102,0.02,15.626000000000204,-8.01,3062.8799999999997,sl 4138.181
43,79,91,81,93,2025-10-14 18:35:00,2025-10-14 19:36:42,4146.169,4138.155,4138.181,4162.145,7.988000000000284,0.01,7.988000000000284,-9.2,3053.6800000000003,sl 4138.181
44,80,92,82,94,2025-10-14 18:40:00,2025-10-14 19:36:42,4147.361,4138.155,4138.181,4165.721,9.180000000000291,0.01,9.180000000000291,-10.44,3043.24,sl 4138.181
45,73,93,75,95,2025-10-14 17:50:00,2025-10-14 22:22:38,4145.409,4158.312,4132.129,4171.969,13.279999999999745,0.01,13.279999999999745,12.9,3056.14,sl 4158.336
46,75,94,77,96,2025-10-14 18:10:00,2025-10-15 01:02:42,4147.776,4169.87,4132.129,4179.07,15.646999999999935,0.01,15.646999999999936,25.17,3080.77,tp 4169.848
47,74,95,76,97,2025-10-14 17:55:00,2025-10-15 01:05:21,4146.44,4175.072,4132.129,4175.062,14.310999999999694,0.01,14.310999999999693,28.63,3108.86,tp 4175.062
48,84,96,86,98,2025-10-14 19:05:00,2025-10-15 01:07:31,4150.698,4179.077,4142.621,4166.852,8.077000000000226,0.01,8.077000000000226,31.3,3139.6200000000003,tp 4179.070
49,97,100,99,102,2025-10-24 18:40:00,2025-10-24 20:00:41,4110.857,4102.278,4117.898,4096.775,7.041000000000167,0.02,14.082000000000336,24.64,3164.2599999999998,tp 4102.283
50,98,101,100,103,2025-10-24 19:15:00,2025-10-24 20:01:30,4114.599,4102.2,4120.757,4102.283,6.157999999999447,0.02,12.315999999998894,8.66,3172.92,
51,99,102,101,104,2025-10-24 19:20:00,2025-10-24 20:01:30,4114.238,4102.142,4120.286,4102.142,6.0479999999997744,0.02,12.095999999999549,24.2,3197.12,tp 4102.142
52,104,103,106,105,2025-10-27 07:00:00,2025-10-24 20:11:42,4078.447,4096.736,4071.562,4092.217,6.885000000000218,0.02,13.770000000000437,14.12,3211.24,tp 4096.775
53,106,105,108,107,2025-10-27 07:15:00,2025-10-27 07:10:40,4071.8,4071.555,4064.702,4085.996,7.097999999999956,0.02,14.195999999999914,-13.78,3197.4599999999996,sl 4071.562
54,107,109,109,111,2025-10-27 07:20:00,2025-10-27 07:28:02,4073.243,4066.378,4066.389,4086.951,6.8539999999998145,0.02,13.707999999999629,-13.73,3183.73,sl 4066.389
55,108,113,110,115,2025-10-27 07:25:00,2025-10-27 07:56:38,4069.302,4064.688,4062.668,4082.57,6.6340000000000146,0.02,13.268000000000029,-14.22,3169.51,sl 4064.702
56,110,114,112,116,2025-10-27 07:30:00,2025-10-27 08:21:31,4068.55,4063.346,4061.605,4082.44,6.945000000000164,0.02,13.890000000000327,-13.99,3155.5200000000004,sl 4063.370
57,111,115,113,117,2025-10-27 07:35:00,2025-10-27 08:21:40,4070.341,4062.655,4063.37,4084.283,6.971000000000004,0.02,13.942000000000007,-13.29,3142.23,sl 4062.668
58,112,116,114,118,2025-10-27 07:40:00,2025-10-27 08:22:04,4068.885,4062.095,4062.099,4082.457,6.786000000000058,0.02,13.572000000000116,-13.58,3128.65,sl 4062.099
59,118,117,120,119,2025-10-31 08:55:00,2025-10-27 08:22:14,4007.92,4061.599,3994.722,4034.271,13.197999999999865,0.01,13.197999999999865,-13.9,3114.75,sl 4061.605
60,119,121,121,123,2025-10-31 12:35:00,2025-10-31 12:47:39,4017.99,4033.867,4010.06,4033.85,7.929999999999836,0.01,7.929999999999835,15.88,3130.63,tp 4033.850
61,120,122,122,124,2025-10-31 12:40:00,2025-10-31 12:47:40,4026.362,4034.283,4018.802,4041.482,7.559999999999945,0.02,15.119999999999893,26.36,3156.9900000000002,tp 4034.271
62,123,127,125,129,2025-10-31 13:10:00,2025-10-31 13:32:40,4029.406,4020.221,4020.226,4047.766,9.179999999999836,0.01,9.179999999999836,-9.19,3147.7999999999997,sl 4020.226
63,124,128,126,130,2025-10-31 13:15:00,2025-10-31 13:32:40,4031.385,4020.221,4020.226,4053.703,11.159000000000106,0.01,11.159000000000106,-11.17,3136.63,sl 4020.226
64,125,129,127,131,2025-10-31 13:20:00,2025-10-31 13:32:40,4029.293,4020.221,4020.226,4047.427,9.067000000000007,0.01,9.067000000000007,-9.07,3127.56,sl 4020.226
65,126,130,128,132,2025-10-31 13:30:00,2025-10-31 13:37:40,4026.923,4018.799,4016.379,4047.963,10.543999999999869,0.01,10.543999999999869,-15.12,3112.44,sl 4018.802
66,132,131,134,133,2025-11-03 08:40:00,2025-10-31 13:39:15,4014.604,4016.373,4025.793,3992.226,11.189000000000306,0.01,11.189000000000306,-10.55,3101.89,sl 4016.379
67,134,133,136,135,2025-11-03 11:35:00,2025-11-03 09:09:37,4003.882,4025.8,4010.088,3991.47,6.206000000000131,0.02,12.412000000000262,-11.2,3090.69,sl 4025.793
68,135,137,137,139,2025-11-03 11:40:00,2025-11-03 12:34:30,4005.091,4010.092,4011.376,3992.521,6.285000000000309,0.02,12.57000000000062,-12.42,3078.27,sl 4010.088
69,136,138,138,140,2025-11-03 11:50:00,2025-11-03 12:48:29,4006.819,4011.407,4012.992,3994.473,6.173000000000229,0.02,12.346000000000458,-12.63,3065.64,sl 4011.376
70,140,139,142,141,2025-11-03 14:25:00,2025-11-03 12:48:42,4016.449,4013.014,4023.189,4002.969,6.739999999999782,0.02,13.479999999999565,-12.39,3053.25,sl 4012.992
71,142,141,144,143,2025-11-06 14:25:00,2025-11-03 14:33:04,3995.276,4002.95,3981.584,4022.66,13.692000000000007,0.01,13.692000000000007,27.0,3080.25,tp 4002.969
72,143,144,145,146,2025-11-06 14:30:00,2025-11-06 14:41:42,3992.018,3995.164,3981.584,4012.916,10.434000000000196,0.01,10.434000000000196,-0.12,3080.13,sl 3995.165
73,145,146,147,148,2025-11-06 14:55:00,2025-11-06 15:03:14,3996.254,3981.577,3981.56,4025.642,14.69399999999996,0.01,14.69399999999996,-10.44,3069.69,sl 3981.584
74,148,147,150,149,2025-11-06 17:10:00,2025-11-06 15:03:14,3983.703,3981.548,3969.492,4012.125,14.210999999999785,0.01,14.210999999999785,-14.7,3054.9900000000002,sl 3981.560
75,149,151,151,153,2025-11-06 17:15:00,2025-11-06 17:23:30,3978.925,3969.486,3964.543,4007.689,14.382000000000062,0.01,14.382000000000062,-14.21,3040.7799999999997,sl 3969.492
76,150,152,152,154,2025-11-06 17:20:00,2025-11-07 06:50:21,3977.917,4004.682,3964.543,4004.665,13.373999999999796,0.01,13.373999999999796,26.76,3067.0000000000005,tp 4004.665
77,154,153,156,155,2025-11-12 14:20:00,2025-11-07 06:53:32,4133.018,4007.689,4127.151,4144.752,5.867000000000189,0.02,11.734000000000378,28.76,3095.2200000000003,tp 4007.689
78,155,156,157,158,2025-11-12 14:25:00,2025-11-12 14:33:42,4132.771,4127.14,4127.011,4144.291,5.759999999999309,0.02,11.519999999998618,-11.76,3083.4599999999996,sl 4127.151
79,158,157,160,159,2025-11-12 14:35:00,2025-11-12 14:33:42,4127.609,4127.01,4119.089,4144.661,8.520000000000437,0.01,8.520000000000437,-11.52,3071.94,sl 4127.011
80,159,162,161,164,2025-11-12 14:40:00,2025-11-12 15:09:42,4135.777,4144.675,4125.704,4155.965,10.07300000000032,0.01,10.07300000000032,17.07,3089.01,tp 4144.661
81,160,163,162,165,2025-11-12 14:45:00,2025-11-12 15:11:30,4136.396,4155.978,4125.704,4157.78,10.692000000000007,0.01,10.692000000000007,20.2,3109.21,tp 4155.965
82,161,164,163,166,2025-11-12 15:00:00,2025-11-12 15:11:39,4136.807,4157.801,4125.704,4159.013,11.103000000000065,0.01,11.103000000000065,21.4,3130.61,tp 4157.780
83,166,165,168,167,2025-11-13 16:45:00,2025-11-12 15:11:42,4197.788,4159.026,4186.573,4220.215,11.214999999999236,0.01,11.214999999999236,22.22,3152.83,tp 4159.013
84,167,168,169,170,2025-11-13 18:25:00,2025-11-13 18:31:18,4198.695,4186.573,4183.505,4229.075,15.1899999999996,0.01,15.189999999999602,-11.22,3141.61,sl 4186.573
85,170,169,172,171,2025-11-17 12:50:00,2025-11-13 18:31:21,4080.316,4183.497,4071.687,4097.574,8.628999999999905,0.01,8.628999999999905,-15.2,3126.4100000000003,sl 4183.505
86,171,172,173,174,2025-11-17 13:05:00,2025-11-17 13:08:40,4087.477,4083.447,4081.863,4098.705,5.614000000000033,0.02,11.228000000000065,3.13,3129.54,sl 4083.463
87,174,173,176,175,2025-11-18 13:55:00,2025-11-17 13:09:41,4068.976,4081.861,4082.387,4042.154,13.411000000000058,0.01,13.411000000000058,-11.23,3118.31,sl 4081.863
88,175,179,177,181,2025-11-18 14:40:00,2025-11-18 14:57:39,4077.634,4070.691,4090.857,4051.218,13.222999999999956,0.01,13.222999999999956,-1.71,3116.6,sl 4070.691
89,1322,180,1324,182,2026-07-20 10:30:00,2025-11-18 15:50:41,4022.052,4051.203,4007.543,4051.226,14.509000000000015,0.02,29.018000000000026,26.43,3143.0299999999997,tp 4051.218
90,176,181,178,183,2025-11-18 14:45:00,2025-11-18 15:51:02,4073.305,4050.628,4086.322,4047.235,13.01700000000028,0.01,13.017000000000282,24.26,3167.2900000000004,tp 4050.646
91,177,182,179,184,2025-11-18 14:50:00,2025-11-18 16:02:39,4074.894,4047.212,4087.015,4050.646,12.121000000000095,0.01,12.121000000000095,26.1,3193.39,tp 4047.235
92,178,185,180,187,2025-11-18 14:55:00,2025-11-18 17:40:39,4061.53,4073.853,4073.841,4036.98,12.310999999999694,0.01,12.310999999999694,-12.32,3181.0699999999997,sl 4073.841
93,183,186,185,188,2025-11-18 17:35:00,2025-11-18 17:43:32,4066.154,4075.123,4075.12,4048.222,8.965999999999894,0.01,8.965999999999894,-8.97,3172.1000000000004,sl 4075.120
94,184,191,186,193,2025-11-18 17:40:00,2025-11-18 18:39:41,4070.54,4072.191,4079.471,4052.678,8.93100000000004,0.01,8.93100000000004,-1.65,3170.45,sl 4072.172
95,189,192,191,194,2025-11-18 18:00:00,2025-11-18 19:13:31,4071.481,4077.958,4080.045,4054.353,8.56399999999985,0.01,8.56399999999985,-8.52,3161.93,sl 4077.936
96,188,193,190,195,2025-11-18 17:50:00,2025-11-18 19:18:36,4072.742,4080.065,4081.568,4055.09,8.826000000000022,0.01,8.826000000000022,-8.59,3153.3399999999997,sl 4080.045
97,187,194,189,196,2025-11-18 17:45:00,2025-11-18 19:58:35,4073.099,4081.568,4082.079,4055.139,8.980000000000018,0.01,8.980000000000018,-8.83,3144.51,sl 4081.568
98,190,195,192,197,2025-11-18 18:05:00,2025-11-18 19:58:39,4069.435,4082.099,4077.936,4052.433,8.501000000000204,0.01,8.501000000000204,-9.0,3135.51,sl 4082.079
99,196,197,198,199,2025-11-25 18:55:00,2025-11-25 18:59:32,4139.605,4134.147,4134.168,4150.479,5.436999999999898,0.02,10.873999999999796,-10.92,3124.59,sl 4134.168
100,198,201,200,203,2025-11-26 18:35:00,2025-11-26 18:45:38,4159.899,4158.407,4155.112,4169.509,4.787000000000262,0.03,14.361000000000784,-14.86,3109.73,sl 4158.428
101,202,207,204,209,2025-11-26 18:50:00,2025-11-26 19:21:29,4160.764,4168.846,4156.723,4168.846,4.041000000000167,0.03,12.123000000000502,24.25,3133.98,tp 4168.846
102,199,208,201,210,2025-11-26 18:40:00,2025-11-26 19:21:40,4162.122,4169.525,4158.428,4169.51,3.6940000000004147,0.04,14.77600000000166,28.88,3162.86,tp 4169.509
103,203,209,205,211,2025-11-26 18:55:00,2025-11-27 01:05:31,4163.341,4160.349,4159.169,4171.685,4.17200000000048,0.03,12.51600000000144,-13.4,3144.61,sl 4160.350
104,204,210,206,212,2025-11-26 19:00:00,2025-11-27 01:05:31,4164.816,4160.349,4160.35,4173.748,4.46599999999944,0.03,13.39799999999832,-13.16,3128.2200000000003,sl 4160.350
105,205,211,207,213,2025-11-26 19:15:00,2025-11-27 01:05:31,4166.931,4160.349,4160.35,4180.093,6.5809999999992215,0.02,13.161999999998445,-14.43,3110.56,sl 4160.350
106,200,212,202,214,2025-11-26 18:45:00,2025-11-27 01:05:42,4159.542,4159.146,4153.734,4171.158,5.807999999999993,0.02,11.615999999999985,-12.58,3093.13,sl 4159.169
107,206,213,208,215,2025-11-26 19:20:00,2025-11-27 01:16:42,4167.565,4153.707,4160.35,4181.995,7.214999999999236,0.02,14.429999999998472,-11.67,3078.23,sl 4153.734
108,214,217,216,219,2025-11-28 09:15:00,2025-11-28 10:33:29,4162.27,4165.086,4153.463,4179.857,8.807000000000698,0.01,8.807000000000698,2.82,3081.05,sl 4165.095
109,215,222,217,224,2025-11-28 09:20:00,2025-11-28 11:54:39,4166.222,4172.582,4154.793,4189.077,11.429000000000087,0.01,11.429000000000087,6.36,3087.4100000000003,sl 4172.619
110,218,227,220,229,2025-11-28 10:50:00,2025-11-28 14:00:36,4165.54,4186.163,4152.732,4191.156,12.807999999999993,0.01,12.807999999999991,22.29,3109.7,tp 4186.131
111,219,228,221,230,2025-11-28 10:55:00,2025-11-28 14:00:37,4163.865,4186.434,4152.732,4186.131,11.13299999999981,0.01,11.13299999999981,22.46,3132.16,tp 4186.434
112,216,229,218,231,2025-11-28 09:25:00,2025-11-28 14:00:40,4161.768,4187.016,4149.151,4187.002,12.61700000000019,0.01,12.61700000000019,25.25,3157.41,tp 4187.002
113,220,230,222,232,2025-11-28 11:00:00,2025-11-28 14:12:15,4163.966,4191.157,4152.732,4186.434,11.234000000000378,0.01,11.234000000000378,25.62,3183.0299999999997,tp 4191.156
114,224,231,226,233,2025-11-28 12:05:00,2025-11-28 14:22:40,4171.987,4197.855,4158.35,4199.261,13.636999999999716,0.01,13.636999999999716,26.35,3209.38,tp 4197.827
115,223,232,225,234,2025-11-28 12:00:00,2025-11-28 14:23:31,4172.14,4199.264,4158.35,4199.72,13.789999999999964,0.01,13.789999999999964,27.27,3236.65,tp 4199.261
116,221,233,223,235,2025-11-28 11:50:00,2025-11-28 14:23:40,4173.398,4199.722,4158.35,4203.494,15.047999999999774,0.01,15.047999999999776,27.58,3264.23,tp 4199.720
117,225,234,227,236,2025-11-28 12:10:00,2025-11-28 14:23:40,4171.509,4199.722,4158.35,4197.827,13.15899999999965,0.01,13.15899999999965,30.04,3294.27,tp 4199.713
118,226,235,228,237,2025-11-28 13:25:00,2025-11-28 14:40:17,4169.675,4203.506,4154.656,4199.713,15.019000000000233,0.01,15.019000000000233,30.11,3324.38,tp 4203.494
119,236,237,238,239,2025-11-28 16:15:00,2025-11-28 19:16:27,4199.709,4217.012,4183.089,4232.949,16.61999999999989,0.01,16.61999999999989,17.3,3341.6800000000003,sl 4217.034
120,238,246,240,248,2025-12-01 18:55:00,2025-12-01 19:43:25,4238.913,4237.19,4234.025,4248.689,4.88799999999992,0.03,14.66399999999976,-5.17,3336.5099999999998,sl 4237.192
121,239,247,241,249,2025-12-01 19:00:00,2025-12-01 19:44:53,4240.419,4234.272,4234.282,4252.693,6.136999999999716,0.02,12.273999999999432,-12.3,3324.21,sl 4234.282
122,240,248,242,250,2025-12-01 19:15:00,2025-12-01 19:45:41,4237.853,4232.539,4232.55,4248.459,5.302999999999884,0.03,15.90899999999965,-15.94,3308.27,sl 4232.550
123,241,249,243,251,2025-12-01 19:20:00,2025-12-01 19:45:41,4237.873,4232.539,4232.55,4248.519,5.322999999999411,0.03,15.968999999998232,-16.0,3292.27,sl 4232.550
124,242,250,244,252,2025-12-01 19:25:00,2025-12-01 19:45:41,4238.802,4232.539,4232.55,4251.306,6.251999999999498,0.02,12.503999999998996,-12.52,3279.75,sl 4232.550
125,243,251,245,253,2025-12-01 19:30:00,2025-12-01 19:45:41,4241.759,4232.539,4232.55,4260.177,9.208999999999833,0.01,9.208999999999833,-9.22,3270.53,sl 4232.550
126,244,252,246,254,2025-12-01 19:35:00,2025-12-01 19:45:41,4239.865,4232.539,4232.55,4254.495,7.3149999999996,0.02,14.6299999999992,-14.65,3255.88,sl 4232.550
127,245,253,247,255,2025-12-01 19:40:00,2025-12-01 19:45:41,4241.765,4232.539,4232.55,4260.195,9.215000000000146,0.01,9.215000000000146,-9.23,3246.65,sl 4232.550
128,254,255,256,257,2025-12-05 09:50:00,2025-12-05 14:57:05,4223.536,4240.938,4207.432,4255.744,16.10400000000027,0.01,16.10400000000027,17.4,3264.05,sl 4240.938
129,256,263,258,265,2025-12-05 17:40:00,2025-12-07 23:10:03,4210.895,4196.136,4194.824,4243.037,16.071000000000822,0.01,16.071000000000822,-16.47,3247.0400000000004,sl 4196.760
130,257,264,259,266,2025-12-05 18:25:00,2025-12-07 23:10:03,4212.607,4196.136,4196.76,4244.301,15.846999999999753,0.01,15.846999999999753,-16.63,3229.87,sl 4196.760
131,258,265,260,267,2025-12-05 18:30:00,2025-12-07 23:10:03,4212.766,4196.136,4196.76,4244.778,16.005999999999403,0.01,16.005999999999403,-15.93,3213.4,sl 4196.760
132,259,266,261,268,2025-12-05 18:45:00,2025-12-07 23:10:03,4212.071,4196.136,4196.76,4242.693,15.310999999999694,0.01,15.310999999999694,-14.54,3198.32,sl 4196.713
133,260,267,262,269,2025-12-05 18:55:00,2025-12-07 23:10:03,4210.676,4196.136,4196.713,4238.602,13.963000000000648,0.01,13.963000000000648,-12.89,3184.8900000000003,sl 4196.713
134,261,268,263,270,2025-12-05 19:00:00,2025-12-07 23:10:03,4209.029,4196.136,4196.713,4233.661,12.316000000000713,0.01,12.316000000000713,-13.24,3171.11,sl 4196.713
135,262,269,264,271,2025-12-05 19:05:00,2025-12-07 23:10:05,4209.381,4194.044,4196.713,4234.717,12.668000000000575,0.01,12.668000000000577,-16.86,3153.71,sl 4194.824
136,270,272,272,274,2025-12-09 09:40:00,2025-12-09 12:50:36,4203.659,4207.159,4211.761,4187.455,8.102000000000771,0.01,8.102000000000771,-13.78,3139.93,sl 4207.159
137,271,274,273,276,2025-12-09 12:35:00,2025-12-09 13:44:40,4202.567,4200.89,4207.159,4193.383,4.5919999999996435,0.03,13.77599999999893,2.77,3142.7,sl 4200.870
138,275,277,277,279,2025-12-09 13:45:00,2025-12-09 14:11:42,4200.705,4190.671,4190.686,4220.743,10.019000000000233,0.01,10.019000000000233,-10.04,3132.66,sl 4190.686
139,276,278,278,280,2025-12-09 13:50:00,2025-12-09 14:11:42,4200.272,4190.671,4190.686,4219.444,9.58600000000024,0.01,9.58600000000024,-9.6,3123.06,sl 4190.686
140,273,279,275,281,2025-12-09 13:30:00,2025-12-09 14:12:04,4201.948,4190.134,4207.85,4190.144,5.902000000000044,0.02,11.804000000000087,23.63,3146.69,tp 4190.144
141,280,281,282,283,2025-12-09 14:35:00,2025-12-09 16:19:04,4200.875,4212.003,4189.785,4223.061,11.090000000000146,0.01,11.090000000000146,11.12,3157.81,sl 4212.013
142,282,295,284,297,2025-12-09 17:35:00,2025-12-09 20:25:38,4204.926,4209.514,4193.715,4227.348,11.21100000000024,0.01,11.21100000000024,4.58,3162.39,sl 4209.528
143,285,296,287,298,2025-12-09 17:50:00,2025-12-10 09:46:39,4206.837,4193.801,4193.715,4233.081,13.122000000000298,0.01,13.122000000000297,-12.05,3149.7999999999997,sl 4193.846
144,286,297,288,299,2025-12-09 17:55:00,2025-12-10 09:46:39,4205.85,4193.801,4193.846,4229.858,12.004000000000815,0.01,12.004000000000815,-9.34,3139.92,sl 4193.846
145,287,298,289,300,2025-12-09 18:00:00,2025-12-10 09:46:39,4203.136,4193.801,4193.846,4221.716,9.290000000000873,0.01,9.290000000000873,-9.08,3130.3,sl 4193.846
146,288,299,290,301,2025-12-09 18:05:00,2025-12-10 09:46:39,4202.878,4193.801,4193.846,4220.942,9.032000000000153,0.01,9.032000000000153,-9.62,3120.1400000000003,sl 4193.846
147,289,300,291,302,2025-12-09 18:10:00,2025-12-10 09:46:39,4203.421,4193.801,4193.846,4222.571,9.575000000000728,0.01,9.575000000000728,-12.69,3106.91,sl 4193.846
148,283,301,285,303,2025-12-09 17:40:00,2025-12-10 09:46:40,4206.474,4193.701,4193.715,4231.992,12.759000000000015,0.01,12.759000000000015,-12.77,3093.6,sl 4193.715
149,284,302,286,304,2025-12-09 17:45:00,2025-12-10 09:46:40,4207.36,4193.701,4193.715,4234.65,13.644999999999527,0.01,13.644999999999527,-13.66,3079.4,sl 4193.715
150,290,303,292,305,2025-12-09 18:15:00,2025-12-10 09:46:40,4206.489,4193.701,4193.846,4231.775,12.643000000000029,0.01,12.643000000000029,-13.14,3065.7200000000003,sl 4193.715
151,291,304,293,306,2025-12-09 19:30:00,2025-12-10 09:46:40,4208.552,4193.6,4193.637,4238.382,14.914999999999964,0.01,14.914999999999964,-14.95,3050.23,sl 4193.637
152,292,305,294,307,2025-12-09 19:40:00,2025-12-10 09:46:40,4209.152,4193.6,4193.637,4240.182,15.515000000000327,0.01,15.51500000000033,-15.55,3034.14,sl 4193.637
153,293,306,295,308,2025-12-09 19:45:00,2025-12-10 09:46:40,4209.46,4193.6,4193.637,4241.106,15.82300000000032,0.01,15.82300000000032,-15.86,3017.74,sl 4193.637
154,294,307,296,309,2025-12-09 19:50:00,2025-12-10 09:46:40,4208.293,4193.6,4193.637,4237.605,14.655999999999949,0.01,14.655999999999949,-14.69,3002.5099999999998,sl 4193.637
155,311,323,313,325,2025-12-15 07:35:00,2025-12-15 08:48:38,4341.457,4347.615,4330.682,4363.007,10.775000000000546,0.01,10.775000000000546,22.58,3025.09,tp 4347.614
156,308,324,310,326,2025-12-15 07:20:00,2025-12-15 09:08:40,4343.463,4344.016,4332.199,4365.991,11.264000000000124,0.01,11.264000000000124,0.56,3025.65,sl 4344.047
157,317,325,319,327,2025-12-15 08:05:00,2025-12-15 09:14:36,4340.979,4349.372,4330.682,4361.573,10.29700000000048,0.01,10.29700000000048,29.8,3055.4500000000003,tp 4349.368
158,319,326,321,328,2025-12-15 08:15:00,2025-12-15 09:15:03,4343.038,4349.747,4339.252,4350.61,3.7859999999991487,0.04,15.143999999996597,30.14,3085.5899999999997,tp 4349.734
159,320,327,322,329,2025-12-15 08:20:00,2025-12-15 09:15:15,4342.212,4350.254,4338.451,4349.734,3.761000000000422,0.04,15.04400000000169,29.65,3115.2400000000002,tp 4350.248
160,321,328,323,330,2025-12-15 08:25:00,2025-12-15 10:00:38,4342.842,4341.0,4339.139,4350.248,3.70299999999952,0.04,14.81199999999808,-15.27,3099.97,sl 4341.017
161,318,329,320,331,2025-12-15 08:10:00,2025-12-15 10:31:40,4341.922,4339.228,4338.199,4349.368,3.7229999999999563,0.04,14.891999999999825,-15.24,3084.73,sl 4339.252
162,330,333,332,335,2025-12-15 11:55:00,2025-12-15 12:30:01,4342.712,4346.73,4346.715,4334.706,4.002999999999702,0.03,12.008999999999105,-12.05,3072.68,sl 4346.715
163,331,334,333,336,2025-12-15 12:10:00,2025-12-15 12:30:15,4343.487,4347.416,4347.408,4335.645,3.9210000000002765,0.03,11.763000000000828,-11.79,3060.89,sl 4347.408
164,332,335,334,337,2025-12-15 12:20:00,2025-12-15 12:34:39,4344.633,4348.328,4348.327,4337.245,3.6940000000004147,0.04,14.77600000000166,-14.78,3046.1099999999997,sl 4348.327
165,309,338,311,340,2025-12-15 07:25:00,2025-12-15 12:49:27,4343.45,4344.333,4330.682,4368.986,12.768000000000029,0.01,12.768000000000029,0.88,3046.9900000000002,sl 4344.357
166,336,342,338,344,2025-12-15 12:35:00,2025-12-15 13:04:59,4347.661,4340.591,4351.193,4340.597,3.532000000000153,0.04,14.128000000000613,28.28,3075.27,tp 4340.597
167,339,344,341,346,2025-12-15 12:50:00,2025-12-15 13:05:38,4344.653,4338.67,4348.331,4337.297,3.6779999999998836,0.04,14.711999999999534,30.02,3105.29,tp 4338.678
168,337,345,339,347,2025-12-15 12:45:00,2025-12-15 13:05:41,4345.525,4338.188,4349.19,4338.195,3.6649999999999636,0.04,14.659999999999854,29.35,3134.64,tp 4338.195
169,340,346,342,348,2025-12-15 12:55:00,2025-12-15 13:05:42,4346.176,4337.926,4349.925,4338.678,3.7489999999997963,0.04,14.995999999999185,30.88,3165.52,tp 4337.936
170,310,347,312,349,2025-12-15 07:30:00,2025-12-15 13:06:38,4344.198,4337.294,4330.682,4371.23,13.516000000000531,0.01,13.516000000000531,29.43,3194.95,tp 4337.297
171,348,349,350,351,2025-12-15 13:15:00,2025-12-15 13:20:14,4335.908,4341.218,4341.207,4325.31,5.298999999999978,0.02,10.597999999999956,-10.62,3184.33,sl 4341.207
172,312,351,314,353,2025-12-15 07:40:00,2025-12-15 13:35:27,4336.326,4336.646,4330.682,4347.614,5.644000000000233,0.02,11.288000000000466,-7.55,3176.7799999999997,sl 4336.647
173,350,352,352,354,2025-12-15 13:25:00,2025-12-15 13:49:27,4337.831,4343.748,4343.737,4326.019,5.905999999999949,0.02,11.811999999999898,-11.84,3164.94,sl 4343.737
174,343,353,345,355,2025-12-15 13:05:00,2025-12-15 13:49:41,4340.489,4344.694,4344.692,4332.083,4.203000000000429,0.03,12.609000000001288,-12.61,3152.33,sl 4344.692
175,313,354,315,356,2025-12-15 07:45:00,2025-12-15 14:00:31,4339.94,4330.671,4330.682,4358.456,9.25799999999981,0.01,9.25799999999981,-10.79,3141.54,sl 4330.682
176,314,355,316,357,2025-12-15 07:50:00,2025-12-15 14:00:31,4340.955,4330.671,4330.682,4361.501,10.273000000000138,0.01,10.273000000000138,-9.27,3132.27,sl 4330.682
177,315,356,317,358,2025-12-15 07:55:00,2025-12-15 14:00:31,4340.599,4330.671,4330.682,4360.433,9.917000000000371,0.01,9.917000000000371,-10.29,3121.98,sl 4330.682
178,316,357,318,359,2025-12-15 08:00:00,2025-12-15 14:00:31,4339.481,4330.671,4330.682,4357.079,8.798999999999978,0.01,8.798999999999978,-9.93,3112.05,sl 4330.682
179,322,358,324,360,2025-12-15 08:30:00,2025-12-15 14:00:31,4346.091,4330.671,4341.017,4356.239,5.074000000000524,0.03,15.22200000000157,-8.81,3103.2400000000002,sl 4330.682
180,341,359,343,361,2025-12-15 13:00:00,2025-12-15 14:00:31,4345.644,4330.671,4349.486,4337.936,3.8419999999996435,0.04,15.367999999998574,-10.31,3092.93,sl 4330.682
181,360,364,362,366,2025-12-17 12:10:00,2025-12-17 13:29:41,4316.066,4327.595,4303.931,4340.336,12.135000000000218,0.01,12.13500000000022,11.53,3104.46,sl 4327.611
182,361,365,363,367,2025-12-17 12:15:00,2025-12-17 13:58:32,4316.784,4342.505,4303.931,4342.49,12.853000000000065,0.01,12.853000000000064,25.73,3130.19,tp 4342.490
183,362,366,364,368,2025-12-17 12:35:00,2025-12-17 14:00:40,4319.382,4344.904,4303.931,4350.284,15.451000000000022,0.01,15.451000000000024,27.31,3157.5,tp 4344.899
184,363,367,365,369,2025-12-17 12:40:00,2025-12-18 16:10:40,4317.587,4350.286,4303.931,4344.899,13.656000000000859,0.01,13.656000000000859,30.91,3186.79,tp 4350.284
185,368,369,370,371,2025-12-19 11:50:00,2025-12-19 12:04:38,4328.746,4324.934,4324.939,4336.36,3.806999999999789,0.04,15.227999999999156,-15.24,3171.55,sl 4324.939
186,370,371,372,373,2025-12-19 13:25:00,2025-12-19 14:47:17,4330.855,4322.722,4322.728,4347.109,8.126999999999498,0.01,8.126999999999498,-8.14,3163.4100000000003,sl 4322.728
187,383,386,385,388,2025-12-23 16:20:00,2025-12-23 16:31:41,4460.961,4456.309,4453.319,4476.245,7.641999999999825,0.02,15.28399999999965,-13.48,3149.93,sl 4456.333
188,373,391,375,393,2025-12-23 15:20:00,2025-12-23 16:50:38,4448.65,4471.147,4435.988,4474.028,12.661999999999352,0.01,12.661999999999352,23.56,3173.49,tp 4471.146
189,372,392,374,394,2025-12-23 15:15:00,2025-12-23 16:53:42,4448.571,4474.038,4435.834,4474.051,12.73700000000008,0.01,12.737000000000082,25.39,3198.8799999999997,tp 4474.028
190,374,393,376,395,2025-12-23 15:25:00,2025-12-23 16:53:42,4447.59,4474.061,4435.8,4471.146,11.789999999999964,0.01,11.789999999999964,25.49,3224.37,tp 4474.051
191,384,394,386,396,2025-12-23 16:25:00,2025-12-23 16:54:21,4463.049,4474.28,4456.333,4476.481,6.716000000000349,0.02,13.432000000000698,25.13,3249.5,tp 4474.275
192,382,396,384,398,2025-12-23 16:15:00,2025-12-23 16:57:05,4460.824,4476.246,4452.143,4478.186,8.680999999999585,0.01,8.680999999999585,30.57,3280.07,tp 4476.245
193,377,398,379,400,2025-12-23 15:50:00,2025-12-23 17:03:32,4456.941,4476.852,4445.267,4480.289,11.673999999999978,0.01,11.673999999999978,22.57,3302.6400000000003,tp 4476.835
194,388,399,390,401,2025-12-23 16:40:00,2025-12-23 17:03:42,4462.268,4477.919,4453.008,4480.788,9.260000000000218,0.01,9.260000000000218,23.35,3325.99,tp 4477.904
195,375,400,377,402,2025-12-23 15:40:00,2025-12-23 17:03:42,4454.407,4477.973,4441.79,4479.641,12.61700000000019,0.01,12.61700000000019,24.71,3350.7,tp 4477.955
196,381,401,383,403,2025-12-23 16:10:00,2025-12-23 17:03:43,4458.609,4478.187,4448.66,4478.507,9.949000000000524,0.01,9.949000000000524,17.37,3368.0699999999997,tp 4478.186
197,380,402,382,404,2025-12-23 16:05:00,2025-12-23 17:04:21,4457.59,4478.513,4446.994,4478.782,10.596000000000458,0.01,10.596000000000458,19.9,3387.9700000000003,tp 4478.507
198,379,403,381,405,2025-12-23 16:00:00,2025-12-23 17:04:29,4458.631,4478.792,4447.926,4480.041,10.704999999999927,0.01,10.704999999999927,21.2,3409.1699999999996,tp 4478.782
199,387,404,389,406,2025-12-23 16:35:00,2025-12-23 17:04:39,4460.745,4479.365,4451.435,4479.365,9.30999999999949,0.01,9.30999999999949,18.62,3427.79,tp 4479.365
200,376,405,378,407,2025-12-23 15:45:00,2025-12-23 17:04:41,4453.261,4479.646,4440.914,4477.955,12.347000000000662,0.01,12.347000000000662,25.24,3453.0299999999997,tp 4479.641
201,409,414,411,416,2025-12-23 17:20:00,2025-12-23 17:53:15,4474.425,4469.722,4467.323,4488.629,7.101999999999862,0.02,14.203999999999725,-16.52,3436.51,sl 4469.732
202,410,415,412,417,2025-12-23 17:30:00,2025-12-23 17:53:15,4477.98,4469.722,4469.732,4494.476,8.247999999999593,0.02,16.495999999999185,-11.94,3424.57,sl 4469.732
203,411,416,413,418,2025-12-23 17:35:00,2025-12-23 17:53:15,4475.692,4469.722,4469.732,4487.612,5.960000000000036,0.02,11.920000000000073,-16.93,3407.6400000000003,sl 4469.732
204,412,417,414,419,2025-12-23 17:40:00,2025-12-23 17:53:15,4478.186,4469.722,4469.732,4495.094,8.453999999999724,0.02,16.907999999999447,-17.81,3389.83,sl 4469.732
205,378,421,380,423,2025-12-23 15:55:00,2025-12-23 18:12:37,4454.279,4480.07,4443.001,4476.835,11.278000000000247,0.01,11.278000000000247,21.44,3411.27,tp 4480.041
206,385,422,387,424,2025-12-23 16:30:00,2025-12-23 18:12:38,4461.715,4480.315,4455.435,4474.275,6.279999999999745,0.02,12.55999999999949,23.38,3434.65,tp 4480.289
207,389,423,391,425,2025-12-23 16:45:00,2025-12-23 18:12:40,4466.244,4480.806,4460.414,4477.904,5.829999999999927,0.02,11.659999999999854,18.54,3453.19,tp 4480.788
208,390,433,392,435,2025-12-23 16:50:00,2025-12-23 18:58:20,4470.113,4482.674,4463.844,4482.651,6.269000000000233,0.02,12.538000000000466,25.12,3478.31,tp 4482.651
209,397,435,399,437,2025-12-23 17:00:00,2025-12-23 19:01:30,4474.389,4488.552,4467.323,4488.521,7.0659999999998035,0.02,14.131999999999609,28.32,3506.63,tp 4488.521
210,408,436,410,438,2025-12-23 17:15:00,2025-12-23 19:01:30,4475.635,4488.654,4467.323,4492.259,8.311999999999898,0.02,16.623999999999796,28.46,3535.09,tp 4488.629
211,427,437,429,439,2025-12-23 18:30:00,2025-12-23 19:01:37,4478.132,4489.266,4470.703,4492.99,7.428999999999178,0.02,14.857999999998356,29.96,3565.05,tp 4489.244
212,418,438,420,440,2025-12-23 18:00:00,2025-12-23 19:01:38,4472.866,4489.64,4464.49,4489.618,8.376000000000204,0.02,16.752000000000407,33.55,3598.6000000000004,tp 4489.618
213,428,439,430,441,2025-12-23 18:35:00,2025-12-23 19:01:40,4474.284,4490.253,4466.804,4489.244,7.479999999999563,0.02,14.959999999999127,30.04,3628.64,tp 4490.224
214,419,440,421,442,2025-12-23 18:05:00,2025-12-23 19:01:42,4475.032,4490.866,4467.126,4490.844,7.905999999999949,0.02,15.811999999999898,31.67,3660.31,tp 4490.844
215,429,441,431,443,2025-12-23 18:40:00,2025-12-23 19:03:28,4475.236,4491.346,4467.742,4490.224,7.493999999999687,0.02,14.987999999999374,29.37,3689.68,tp 4491.324
216,424,442,426,444,2025-12-23 18:15:00,2025-12-23 19:03:30,4477.779,4491.921,4470.072,4493.193,7.707000000000335,0.02,15.41400000000067,30.3,3719.98,tp 4491.916
217,407,443,409,445,2025-12-23 17:10:00,2025-12-23 19:03:31,4475.74,4492.261,4467.323,4492.574,8.416999999999462,0.02,16.833999999998923,33.25,3753.23,tp 4492.259
218,431,444,433,446,2025-12-23 18:50:00,2025-12-23 19:03:37,4478.449,4492.522,4471.151,4493.045,7.2979999999997744,0.02,14.595999999999549,28.04,3781.27,tp 4492.514
219,406,445,408,447,2025-12-23 17:05:00,2025-12-23 19:03:37,4478.855,4492.574,4467.323,4501.919,11.531999999999243,0.01,11.531999999999243,33.67,3814.94,tp 4492.574
220,425,446,427,448,2025-12-23 18:20:00,2025-12-23 19:03:38,4476.772,4492.836,4469.2,4491.916,7.572000000000116,0.02,15.144000000000233,30.15,3845.09,tp 4492.830
221,426,447,428,449,2025-12-23 18:25:00,2025-12-23 19:03:39,4477.758,4492.993,4470.222,4492.83,7.536000000000058,0.02,15.072000000000116,29.73,3874.82,tp 4492.990
222,430,448,432,450,2025-12-23 18:45:00,2025-12-23 19:03:39,4476.662,4493.045,4469.331,4491.324,7.331000000000131,0.02,14.66200000000026,29.19,3904.01,tp 4493.045
223,395,449,397,451,2025-12-23 16:55:00,2025-12-23 19:03:40,4475.366,4493.202,4463.844,4498.41,11.521999999999935,0.01,11.521999999999935,30.84,3934.8500000000004,tp 4493.193
224,420,450,422,452,2025-12-23 18:10:00,2025-12-23 19:03:40,4477.671,4493.255,4469.88,4493.253,7.791000000000167,0.02,15.582000000000335,31.17,3966.02,tp 4493.253
225,434,451,436,453,2025-12-23 19:00:00,2025-12-23 19:04:40,4484.603,4494.423,4479.699,4494.411,4.904000000000451,0.03,14.712000000001352,29.46,3995.48,tp 4494.411
226,413,456,415,458,2025-12-23 17:45:00,2025-12-23 19:20:29,4478.627,4488.84,4469.732,4496.417,8.895000000000437,0.02,17.790000000000873,13.47,4008.95,sl 4488.861
227,457,464,459,466,2025-12-23 19:25:00,2025-12-23 23:36:39,4488.878,4500.496,4483.076,4500.482,5.80199999999968,0.03,17.40599999999904,34.86,4043.81,tp 4500.482
228,432,465,434,467,2025-12-23 18:55:00,2025-12-23 23:37:28,4478.5,4501.939,4471.493,4492.514,7.006999999999607,0.02,14.013999999999212,23.08,4066.89,tp 4501.919
229,458,466,460,468,2025-12-23 19:30:00,2025-12-23 23:37:31,4490.157,4502.719,4483.161,4504.149,6.996000000000095,0.02,13.992000000000191,39.13,4106.0199999999995,tp 4502.706
230,454,467,456,469,2025-12-23 19:15:00,2025-12-23 23:37:40,4493.901,4503.669,4483.161,4515.381,10.739999999999782,0.01,10.739999999999782,27.35,4133.370000000001,tp 4503.660
231,452,468,454,470,2025-12-23 19:05:00,2025-12-23 23:37:42,4493.795,4504.157,4483.161,4515.063,10.634000000000015,0.01,10.634000000000015,28.0,4161.37,tp 4504.149
232,461,469,463,471,2025-12-23 19:45:00,2025-12-23 23:38:56,4493.203,4506.417,4483.161,4513.287,10.042000000000371,0.02,20.084000000000742,31.01,4192.38,tp 4506.408
233,462,470,464,472,2025-12-23 19:50:00,2025-12-23 23:39:02,4490.91,4506.987,4483.161,4506.408,7.748999999999796,0.02,15.497999999999593,31.77,4224.150000000001,tp 4506.984
234,459,471,461,473,2025-12-23 19:35:00,2025-12-23 23:52:36,4489.676,4509.641,4483.161,4502.706,6.515000000000327,0.03,19.545000000000982,35.32,4259.469999999999,tp 4509.618
235,453,472,455,474,2025-12-23 19:10:00,2025-12-23 23:52:38,4492.133,4510.104,4483.161,4510.077,8.971999999999753,0.02,17.943999999999505,35.94,4295.41,tp 4510.077
236,460,473,462,475,2025-12-23 19:40:00,2025-12-24 00:25:42,4491.98,4513.313,4483.161,4509.618,8.818999999999505,0.02,17.63799999999901,40.22,4334.55,tp 4513.287
237,455,474,457,476,2025-12-23 19:20:00,2025-12-24 00:30:40,4489.994,4515.08,4483.161,4503.66,6.832999999999629,0.02,13.66599999999926,21.28,4355.29,tp 4515.063
238,463,475,465,477,2025-12-23 19:55:00,2025-12-24 00:31:40,4491.102,4515.387,4483.161,4506.984,7.9409999999998035,0.02,15.881999999999607,21.49,4376.24,tp 4515.381
239,476,477,478,479,2025-12-24 07:05:00,2025-12-24 07:47:39,4493.286,4484.459,4484.493,4510.872,8.792999999999665,0.02,17.58599999999933,-17.65,4358.59,sl 4484.493
240,478,484,480,486,2025-12-30 18:15:00,2025-12-30 19:48:27,4371.269,4351.755,4351.764,4410.279,19.50500000000011,0.01,19.50500000000011,-19.51,4339.08,sl 4351.764
241,479,485,481,487,2025-12-30 18:25:00,2025-12-30 19:48:27,4370.945,4351.755,4351.764,4409.307,19.180999999999585,0.01,19.180999999999585,-19.19,4319.89,sl 4351.764
242,480,486,482,488,2025-12-30 18:30:00,2025-12-30 19:48:27,4371.056,4351.755,4351.764,4409.64,19.29199999999946,0.01,19.29199999999946,-19.3,4300.59,sl 4351.764
243,481,487,483,489,2025-12-30 18:55:00,2025-12-30 19:48:41,4364.679,4348.864,4348.887,4396.263,15.792000000000371,0.01,15.792000000000373,-15.82,4284.77,sl 4348.887
244,482,488,484,490,2025-12-30 19:00:00,2025-12-30 19:48:41,4365.03,4348.864,4348.887,4397.316,16.14300000000003,0.01,16.14300000000003,-16.17,4268.6,sl 4348.887
245,483,489,485,491,2025-12-30 19:05:00,2025-12-30 19:48:41,4367.69,4348.864,4348.887,4405.296,18.802999999999884,0.01,18.802999999999884,-18.83,4249.77,sl 4348.887
246,490,496,492,498,2026-01-02 19:30:00,2026-01-04 23:07:00,4318.822,4353.486,4311.066,4334.334,7.756000000000313,0.02,15.512000000000626,69.33,4318.02,tp 4334.334
247,491,497,493,499,2026-01-02 19:35:00,2026-01-04 23:07:00,4320.742,4353.486,4313.473,4335.28,7.269000000000233,0.02,14.538000000000467,65.49,4382.43,tp 4335.280
248,492,498,494,500,2026-01-02 19:40:00,2026-01-04 23:07:00,4323.877,4353.486,4316.457,4338.717,7.420000000000073,0.02,14.840000000000146,59.22,4440.570000000001,tp 4338.717
249,493,499,495,501,2026-01-02 19:45:00,2026-01-04 23:07:00,4322.881,4353.486,4315.418,4337.807,7.463000000000648,0.02,14.926000000001297,61.21,4500.7,tp 4337.807
250,494,500,496,502,2026-01-02 19:50:00,2026-01-04 23:07:00,4321.283,4353.486,4313.766,4336.317,7.517000000000735,0.02,15.034000000001472,64.4,4564.0199999999995,tp 4336.317
251,495,501,497,503,2026-01-02 19:55:00,2026-01-04 23:07:00,4320.062,4353.486,4312.889,4334.408,7.1729999999997744,0.02,14.345999999999549,66.85,4629.790000000001,tp 4334.408
252,502,510,504,512,2026-01-06 09:15:00,2026-01-06 11:18:40,4458.077,4448.773,4438.476,4497.279,19.601000000000568,0.01,19.601000000000568,-9.31,4620.48,sl 4448.779
253,508,511,510,513,2026-01-06 09:45:00,2026-01-06 11:57:27,4456.019,4463.46,4440.126,4487.805,15.893000000000029,0.01,15.893000000000029,31.12,4651.599999999999,tp 4463.451
254,503,512,505,514,2026-01-06 09:20:00,2026-01-06 14:52:38,4454.521,4486.64,4438.476,4486.611,16.045000000000073,0.01,16.045000000000073,32.12,4683.72,tp 4486.611
255,507,513,509,515,2026-01-06 09:40:00,2026-01-06 14:52:42,4456.349,4487.823,4440.126,4488.795,16.222999999999956,0.01,16.222999999999956,31.8,4715.52,tp 4487.805
256,506,514,508,516,2026-01-06 09:35:00,2026-01-06 14:55:37,4457.095,4488.804,4438.476,4494.333,18.619000000000597,0.01,18.619000000000597,32.45,4747.97,tp 4488.795
257,504,515,506,517,2026-01-06 09:25:00,2026-01-06 18:18:39,4457.355,4493.469,4438.476,4495.113,18.878999999999905,0.01,18.878999999999905,36.67,4784.64,tp 4493.445
258,505,516,507,518,2026-01-06 09:30:00,2026-01-06 20:57:39,4456.799,4494.37,4438.476,4493.445,18.32300000000032,0.01,18.32300000000032,37.27,4821.910000000001,tp 4494.333
259,509,517,511,519,2026-01-06 09:50:00,2026-01-06 23:01:00,4447.901,4498.082,4440.126,4463.451,7.774999999999636,0.02,15.549999999999272,40.72,4862.63,tp 4495.113
260,518,522,520,524,2026-01-07 08:05:00,2026-01-07 08:41:37,4463.678,4473.195,4458.932,4473.17,4.746000000000095,0.05,23.730000000000473,47.59,4910.22,tp 4473.170
261,520,523,522,525,2026-01-07 08:15:00,2026-01-07 09:07:31,4465.932,4461.855,4461.2,4475.396,4.731999999999971,0.05,23.659999999999854,-22.44,4887.780000000001,sl 4461.877
262,519,524,521,526,2026-01-07 08:10:00,2026-01-07 09:07:39,4465.861,4461.227,4461.227,4475.129,4.6340000000000146,0.05,23.170000000000073,-23.17,4864.61,sl 4461.227
263,521,525,523,527,2026-01-07 08:20:00,2026-01-07 09:07:39,4466.344,4461.197,4461.877,4475.278,4.4669999999996435,0.05,22.334999999998217,-23.67,4840.94,sl 4461.200
264,526,527,528,529,2026-01-14 18:35:00,2026-01-14 23:09:37,4630.006,4614.365,4614.369,4661.28,15.637000000000626,0.01,15.637000000000626,-15.64,4825.299999999999,sl 4614.369
265,528,529,530,531,2026-01-27 11:25:00,2026-01-27 11:48:42,5085.919,5075.076,5091.338,5075.081,5.418999999999869,0.04,21.675999999999476,43.38,4868.68,tp 5075.081
266,530,532,532,534,2026-02-02 19:50:00,2026-02-02 20:21:43,4705.865,4658.579,4729.494,4658.616,23.628999999999905,0.01,23.628999999999905,47.29,4915.97,tp 4658.616
267,531,533,533,535,2026-02-02 19:55:00,2026-02-02 23:08:20,4690.984,4714.117,4714.073,4644.806,23.088999999999942,0.01,23.088999999999942,-23.14,4892.83,sl 4714.073
268,534,535,536,537,2026-02-04 19:55:00,2026-02-04 23:01:38,4937.444,4985.663,4913.493,4985.346,23.951000000000022,0.01,23.951000000000022,48.22,4941.05,tp 4985.346
269,536,538,538,540,2026-02-06 10:50:00,2026-02-06 11:01:25,4869.853,4884.928,4884.889,4839.781,15.036000000000058,0.01,15.036000000000058,-15.08,4925.97,sl 4884.889
270,537,539,539,541,2026-02-06 11:00:00,2026-02-06 11:23:26,4878.364,4890.482,4890.458,4854.176,12.094000000000051,0.02,24.188000000000102,-24.23,4901.740000000001,sl 4890.458
271,540,542,542,544,2026-02-06 11:50:00,2026-02-06 12:07:40,4884.586,4901.674,4901.672,4850.414,17.08599999999933,0.01,17.08599999999933,-17.08,4884.66,sl 4901.672
272,541,547,543,549,2026-02-06 11:55:00,2026-02-06 12:38:58,4889.802,4890.879,4906.567,4856.272,16.765000000000327,0.01,16.765000000000327,-1.08,4883.58,sl 4890.828
273,544,548,546,550,2026-02-06 12:25:00,2026-02-06 12:44:40,4878.991,4895.513,4896.857,4843.259,17.865999999999985,0.01,17.865999999999985,-17.86,4865.72,sl 4895.473
274,543,549,545,551,2026-02-06 12:15:00,2026-02-06 12:45:36,4895.638,4896.887,4913.831,4859.252,18.19300000000021,0.01,18.19300000000021,-17.9,4847.820000000001,sl 4896.857
275,545,550,547,552,2026-02-06 12:30:00,2026-02-06 12:48:40,4877.645,4901.533,4895.473,4841.989,17.82799999999952,0.01,17.82799999999952,-18.03,4829.79,sl 4901.524
276,546,551,548,553,2026-02-06 12:35:00,2026-02-06 13:00:42,4883.504,4913.848,4901.524,4847.464,18.020000000000437,0.01,18.020000000000437,-18.21,4811.58,sl 4913.831
277,552,554,554,556,2026-02-10 08:25:00,2026-02-10 08:56:30,5038.835,5042.531,5023.712,5069.081,15.122999999999593,0.01,15.122999999999593,3.69,4815.2699999999995,sl 5042.541
278,553,555,555,557,2026-02-10 08:50:00,2026-02-10 08:57:38,5051.384,5039.754,5039.754,5074.644,11.63000000000011,0.02,23.26000000000022,-23.26,4792.01,sl 5039.754
279,556,563,558,565,2026-02-10 10:20:00,2026-02-10 10:57:28,5041.807,5046.048,5029.842,5065.737,11.965000000000146,0.02,23.93000000000029,8.49,4800.5,sl 5046.101
280,557,569,559,571,2026-02-10 10:30:00,2026-02-10 12:07:20,5047.969,5045.952,5036.324,5071.259,11.645000000000437,0.02,23.290000000000873,-4.04,4796.46,sl 5045.987
281,558,570,560,572,2026-02-10 10:35:00,2026-02-10 12:42:30,5051.824,5040.912,5040.587,5074.298,11.23699999999917,0.02,22.47399999999834,-14.14,4782.32,sl 5040.953
282,559,571,561,573,2026-02-10 10:40:00,2026-02-10 12:42:30,5055.047,5040.912,5040.953,5083.235,14.093999999999141,0.01,14.093999999999141,-13.38,4768.94,sl 5040.953
283,560,572,562,574,2026-02-10 10:45:00,2026-02-10 12:42:30,5054.286,5040.912,5040.953,5080.952,13.332999999999629,0.01,13.332999999999629,-13.52,4755.419999999999,sl 5040.953
284,561,573,563,575,2026-02-10 10:50:00,2026-02-10 12:42:30,5054.427,5040.912,5040.953,5081.375,13.47399999999925,0.01,13.47399999999925,-17.69,4737.7300000000005,sl 5040.953
285,565,574,567,576,2026-02-10 11:05:00,2026-02-10 12:42:30,5046.819,5040.912,5039.228,5062.001,7.591000000000349,0.03,22.773000000001048,-12.16,4725.57,sl 5040.953
286,566,575,568,577,2026-02-10 11:10:00,2026-02-10 12:42:30,5053.074,5040.912,5040.953,5077.316,12.120999999999185,0.01,12.120999999999185,-19.79,4705.78,sl 5040.953
287,562,576,564,578,2026-02-10 10:55:00,2026-02-10 12:42:37,5049.757,5040.52,5040.953,5067.365,8.803999999999178,0.02,17.607999999998356,-22.61,4683.17,sl 5040.587
288,567,577,569,579,2026-02-10 11:15:00,2026-02-10 12:42:40,5050.805,5039.734,5040.953,5070.509,9.851999999999862,0.02,19.703999999999724,-23.31,4659.86,sl 5039.797
289,564,578,566,580,2026-02-10 11:00:00,2026-02-10 12:43:18,5047.225,5039.613,5039.622,5062.431,7.6030000000000655,0.03,22.809000000000196,-22.84,4637.0199999999995,sl 5039.622
290,568,579,570,581,2026-02-10 11:20:00,2026-02-10 12:43:19,5047.503,5039.185,5039.797,5062.915,7.706000000000131,0.03,23.11800000000039,-22.9,4614.120000000001,sl 5039.228
291,581,585,583,587,2026-02-11 15:35:00,2026-02-11 17:08:38,5053.881,5082.298,5035.655,5090.333,18.226000000000568,0.01,18.226000000000568,35.83,4649.95,tp 5082.251
292,583,586,585,588,2026-02-11 15:45:00,2026-02-11 17:08:39,5048.872,5082.741,5030.07,5086.476,18.80200000000059,0.01,18.80200000000059,34.44,4684.389999999999,tp 5082.725
293,580,587,582,589,2026-02-11 15:30:00,2026-02-11 17:17:18,5049.317,5085.741,5031.106,5085.739,18.21100000000024,0.01,18.21100000000024,36.42,4720.81,tp 5085.739
294,582,588,584,590,2026-02-11 15:40:00,2026-02-11 17:17:20,5046.471,5086.539,5028.581,5082.251,17.889999999999418,0.01,17.889999999999418,37.67,4758.4800000000005,tp 5086.476
295,584,589,586,591,2026-02-11 15:50:00,2026-02-11 17:17:40,5048.297,5090.383,5031.083,5082.725,17.213999999999942,0.01,17.213999999999942,36.5,4794.98,tp 5090.333
296,590,592,592,594,2026-02-18 07:00:00,2026-02-18 07:06:36,4930.645,4938.719,4938.666,4914.603,8.02099999999973,0.02,16.04199999999946,-16.15,4778.83,sl 4938.666
297,593,609,595,611,2026-02-18 07:10:00,2026-02-18 08:44:25,4938.236,4921.134,4946.767,4921.174,8.530999999999949,0.02,17.061999999999898,34.2,4813.03,tp 4921.174
298,596,610,598,612,2026-02-18 07:25:00,2026-02-18 08:44:26,4935.119,4920.954,4943.756,4917.845,8.637000000000626,0.02,17.27400000000125,36.0,4849.03,tp 4921.009
299,594,611,596,613,2026-02-18 07:15:00,2026-02-18 08:44:26,4938.207,4920.894,4946.847,4920.927,8.639999999999418,0.02,17.279999999998836,34.62,4883.65,tp 4920.927
300,591,612,593,614,2026-02-18 07:05:00,2026-02-18 08:44:30,4934.746,4920.535,4942.971,4918.296,8.224999999999454,0.02,16.44999999999891,14.21,4897.86,
301,597,613,599,615,2026-02-18 07:30:00,2026-02-18 08:44:37,4938.957,4920.178,4947.931,4921.009,8.97399999999925,0.02,17.9479999999985,36.77,4934.63,tp 4920.211
302,598,615,600,617,2026-02-18 07:35:00,2026-02-18 08:52:40,4938.567,4918.899,4947.745,4920.211,9.177999999999884,0.02,18.355999999999767,36.26,4970.89,tp 4918.949
303,595,616,597,618,2026-02-18 07:20:00,2026-02-18 08:59:29,4934.381,4918.29,4943.163,4916.817,8.781999999999243,0.02,17.563999999998487,16.46,4987.35,tp 4918.296
304,599,617,601,619,2026-02-18 07:40:00,2026-02-18 08:59:37,4937.029,4917.764,4946.069,4918.949,9.039999999999964,0.02,18.079999999999927,34.71,5022.06,tp 4917.845
305,600,618,602,620,2026-02-18 07:45:00,2026-02-18 08:59:41,4934.042,4916.796,4943.142,4915.842,9.099999999999454,0.02,18.19999999999891,35.17,5057.2300000000005,tp 4916.817
306,601,619,603,621,2026-02-18 07:50:00,2026-02-18 09:04:35,4932.068,4915.833,4941.126,4913.952,9.057999999999993,0.02,18.115999999999985,36.41,5093.639999999999,tp 4915.842
307,602,621,604,623,2026-02-18 08:00:00,2026-02-18 09:06:37,4930.414,4913.895,4939.026,4913.19,8.61200000000008,0.02,17.22400000000016,36.35,5129.990000000001,tp 4913.952
308,603,622,605,624,2026-02-18 08:10:00,2026-02-18 09:06:39,4929.486,4913.409,4937.556,4913.346,8.069999999999709,0.03,24.209999999999127,48.22,5178.21,tp 4913.450
309,604,623,606,625,2026-02-18 08:15:00,2026-02-18 09:06:39,4929.484,4913.312,4937.501,4913.45,8.016999999999825,0.03,24.050999999999476,48.52,5226.7300000000005,tp 4913.346
310,620,627,622,629,2026-02-18 09:05:00,2026-02-18 09:24:27,4915.075,4921.982,4921.934,4901.357,6.859000000000378,0.03,20.577000000001135,-20.72,5206.009999999999,sl 4921.934
311,625,632,627,634,2026-02-18 09:15:00,2026-02-18 10:09:39,4916.851,4923.812,4924.629,4901.295,7.778000000000247,0.03,23.33400000000074,-23.52,5182.49,sl 4923.800
312,605,637,607,639,2026-02-18 08:20:00,2026-02-18 10:38:00,4926.331,4913.158,4933.989,4911.015,7.657999999999447,0.03,22.97399999999834,34.51,5217.0,tp 4913.190
313,606,638,608,640,2026-02-18 08:30:00,2026-02-18 10:38:03,4926.122,4911.846,4933.231,4911.904,7.108999999999469,0.03,21.326999999998407,42.83,5259.83,tp 4911.904
314,607,639,609,641,2026-02-18 08:35:00,2026-02-18 10:38:03,4924.082,4911.726,4931.168,4909.91,7.085999999999331,0.03,21.257999999997992,41.88,5301.71,tp 4911.769
315,608,640,610,642,2026-02-18 08:40:00,2026-02-18 10:38:04,4925.687,4911.011,4932.646,4911.769,6.958999999999833,0.03,20.876999999999494,45.96,5347.67,tp 4911.015
316,614,641,616,643,2026-02-18 08:45:00,2026-02-18 10:38:16,4921.366,4909.858,4928.002,4908.094,6.636000000000422,0.03,19.908000000001266,42.68,5390.35,tp 4909.910
317,624,643,626,645,2026-02-18 09:10:00,2026-02-18 11:46:20,4918.682,4908.056,4925.929,4904.188,7.247000000000298,0.03,21.74100000000089,39.93,5430.280000000001,tp 4908.094
318,642,645,644,647,2026-02-18 11:45:00,2026-02-18 12:01:27,4911.464,4917.689,4917.679,4899.034,6.2150000000001455,0.04,24.860000000000582,-24.9,5405.38,sl 4917.679
319,644,646,646,648,2026-02-18 11:50:00,2026-02-18 12:01:41,4913.485,4919.433,4919.42,4901.615,5.9350000000004,0.04,23.7400000000016,-23.79,5381.59,sl 4919.420
320,626,647,628,649,2026-02-18 09:20:00,2026-02-18 12:10:36,4915.974,4924.665,4923.8,4900.322,7.826000000000022,0.03,23.478000000000065,-23.45,5358.14,sl 4924.629
321,629,648,631,650,2026-02-18 09:55:00,2026-02-18 12:13:02,4920.479,4925.736,4928.969,4903.499,8.489999999999782,0.03,25.46999999999934,-24.87,5333.27,sl 4925.712
322,628,649,630,651,2026-02-18 09:50:00,2026-02-18 12:13:03,4919.712,4925.929,4928.529,4902.078,8.817000000000007,0.02,17.634000000000015,-21.74,5311.530000000001,sl 4925.929
323,634,650,636,652,2026-02-18 10:15:00,2026-02-18 12:17:38,4920.033,4927.811,4928.289,4903.521,8.255999999999403,0.03,24.767999999998207,-24.6,5286.929999999999,sl 4927.791
324,633,651,635,653,2026-02-18 10:10:00,2026-02-18 12:18:01,4922.874,4928.304,4931.498,4905.626,8.623999999999796,0.02,17.247999999999593,-24.81,5262.12,sl 4928.289
325,630,652,632,654,2026-02-18 10:00:00,2026-02-18 12:18:02,4917.448,4928.552,4925.712,4900.92,8.264000000000124,0.03,24.79200000000037,-17.68,5244.44,sl 4928.529
326,631,653,633,655,2026-02-18 10:05:00,2026-02-18 12:18:04,4921.589,4928.986,4930.053,4904.661,8.463999999999942,0.03,25.391999999999825,-25.52,5218.919999999999,sl 4928.969
327,635,654,637,656,2026-02-18 10:20:00,2026-02-18 12:42:24,4919.61,4929.537,4927.791,4903.248,8.181000000000495,0.03,24.543000000001484,-24.73,5194.1900000000005,sl 4929.487
328,636,655,638,657,2026-02-18 10:30:00,2026-02-18 12:42:26,4921.292,4930.109,4929.487,4904.902,8.194999999999709,0.03,24.584999999999127,-25.56,5168.629999999999,sl 4930.053
329,657,656,659,658,2026-02-19 12:15:00,2026-02-18 12:42:39,4988.552,4931.5,4972.837,5019.982,15.714999999999236,0.01,15.714999999999236,-17.25,5151.38,sl 4931.498
330,658,659,660,661,2026-02-19 13:05:00,2026-02-19 13:30:24,4983.427,4977.45,4977.464,4995.353,5.962999999999738,0.04,23.851999999998952,-23.91,5127.47,sl 4977.464
331,661,660,663,662,2026-02-20 08:50:00,2026-02-19 13:30:39,5024.822,4972.806,5006.487,5061.492,18.335000000000036,0.01,18.335000000000036,-15.74,5111.7300000000005,sl 4972.837
332,662,664,664,666,2026-02-20 08:55:00,2026-02-20 14:05:30,5030.447,5038.625,5006.487,5078.367,23.960000000000036,0.01,23.960000000000036,13.81,5125.54,sl 5038.648
333,663,665,665,667,2026-02-20 09:00:00,2026-02-20 15:06:28,5028.998,5006.485,5006.487,5074.02,22.510999999999513,0.01,22.510999999999513,-23.96,5101.58,sl 5006.487
334,667,666,669,668,2026-02-24 17:20:00,2026-02-20 15:06:28,5160.919,5006.485,5181.897,5118.963,20.978000000000065,0.01,20.978000000000065,-22.51,5079.07,sl 5006.487
335,668,678,670,680,2026-02-24 17:25:00,2026-02-24 18:56:04,5160.172,5162.985,5181.897,5116.722,21.725000000000364,0.01,21.725000000000364,-2.07,5077.0,sl 5162.981
336,675,679,677,681,2026-02-24 18:00:00,2026-02-24 23:03:00,5163.588,5135.76,5181.897,5126.97,18.309000000000196,0.01,18.309000000000196,31.24,5108.24,tp 5137.215
337,676,680,678,682,2026-02-24 18:05:00,2026-02-24 23:03:00,5167.003,5135.76,5181.897,5137.215,14.894000000000233,0.01,14.894000000000233,32.51,5140.75,tp 5141.022
338,669,681,671,683,2026-02-24 17:30:00,2026-02-25 01:18:41,5158.793,5181.935,5181.897,5112.585,23.10400000000027,0.01,23.10400000000027,-21.77,5118.98,sl 5181.897
339,670,682,672,684,2026-02-24 17:35:00,2026-02-25 01:18:41,5157.974,5181.935,5181.897,5110.128,23.922999999999774,0.01,23.922999999999774,-23.15,5095.83,sl 5181.897
340,671,683,673,685,2026-02-24 17:40:00,2026-02-25 01:18:41,5158.543,5181.935,5181.897,5111.835,23.35400000000027,0.01,23.35400000000027,-23.97,5071.86,sl 5181.897
341,672,684,674,686,2026-02-24 17:45:00,2026-02-25 01:18:41,5160.672,5181.935,5181.897,5118.222,21.225000000000364,0.01,21.225000000000364,-23.4,5048.46,sl 5181.897
342,673,685,675,687,2026-02-24 17:50:00,2026-02-25 01:18:41,5159.924,5181.935,5181.897,5115.978,21.972999999999956,0.01,21.972999999999956,-21.27,5027.19,sl 5181.897
343,674,686,676,688,2026-02-24 17:55:00,2026-02-25 01:18:41,5159.405,5181.935,5181.897,5114.421,22.49200000000019,0.01,22.49200000000019,-22.02,5005.169999999999,sl 5181.897
344,677,687,679,689,2026-02-24 18:10:00,2026-02-25 01:18:41,5168.272,5181.935,5181.897,5141.022,13.625,0.01,13.625000000000002,-22.53,4982.64,sl 5181.897
345,689,688,691,690,2026-02-26 19:40:00,2026-02-25 01:18:41,5184.423,5181.935,5177.061,5199.147,7.36200000000008,0.03,22.08600000000024,-18.35,4964.29,sl 5181.897
346,690,692,692,694,2026-02-26 19:45:00,2026-02-26 20:38:40,5186.267,5199.233,5179.119,5200.563,7.148000000000138,0.03,21.44400000000041,44.43,5008.72,tp 5199.147
347,691,693,693,695,2026-02-26 19:50:00,2026-02-26 20:48:03,5194.07,5200.594,5183.978,5214.254,10.091999999999643,0.02,20.183999999999287,42.98,5051.7,tp 5200.563
348,695,694,697,696,2026-02-27 07:10:00,2026-02-26 23:01:37,5187.133,5183.78,5164.119,5233.161,23.014000000000124,0.01,23.014000000000124,-20.58,5031.12,sl 5183.978
349,697,704,699,706,2026-02-27 07:20:00,2026-02-27 09:48:41,5178.34,5172.628,5160.059,5214.902,18.28099999999995,0.01,18.28099999999995,-23.43,5007.69,sl 5172.690
350,698,705,700,707,2026-02-27 09:15:00,2026-02-27 09:48:41,5178.484,5172.628,5172.69,5190.072,5.7940000000007785,0.04,23.176000000003114,-22.39,4985.299999999999,sl 5172.690
351,699,706,701,708,2026-02-27 09:20:00,2026-02-27 09:48:41,5178.226,5172.628,5172.69,5189.298,5.536000000000058,0.04,22.144000000000233,-20.12,4965.18,sl 5172.690
352,700,707,702,709,2026-02-27 09:25:00,2026-02-27 09:48:41,5179.334,5172.628,5172.69,5192.622,6.644000000000233,0.03,19.932000000000695,-19.92,4945.26,sl 5172.690
353,701,708,703,710,2026-02-27 09:30:00,2026-02-27 09:48:41,5179.268,5172.628,5172.69,5192.424,6.578000000000429,0.03,19.734000000001288,-21.83,4923.43,sl 5172.690
354,702,709,704,711,2026-02-27 09:35:00,2026-02-27 09:48:41,5179.902,5172.628,5172.69,5194.326,7.212000000000444,0.03,21.63600000000133,-23.4,4900.030000000001,sl 5172.690
355,696,710,698,712,2026-02-27 07:15:00,2026-02-27 12:36:38,5181.928,5184.789,5160.059,5225.666,21.868999999999687,0.01,21.868999999999687,-2.34,4897.69,sl 5184.815
356,703,711,705,713,2026-02-27 09:40:00,2026-02-27 13:08:42,5180.426,5214.945,5172.69,5195.898,7.736000000000786,0.03,23.208000000002357,36.61,4934.299999999999,tp 5214.902
357,713,712,715,714,2026-03-02 19:25:00,2026-02-27 13:20:42,5325.434,5225.682,5308.391,5359.52,17.043000000000575,0.01,17.043000000000575,43.75,4978.05,tp 5225.666
358,714,715,716,717,2026-03-02 19:30:00,2026-03-02 20:16:42,5330.997,5329.052,5314.282,5364.427,16.715000000000146,0.01,16.715000000000146,3.62,4981.67,sl 5329.097
359,717,716,719,718,2026-03-04 17:20:00,2026-03-03 01:06:38,5147.474,5364.464,5137.772,5166.878,9.702000000000226,0.02,19.40400000000045,33.46,5014.59,tp 5364.427
360,719,718,721,720,2026-03-04 17:25:00,2026-03-04 17:23:17,5128.577,5137.747,5112.875,5159.981,15.702000000000226,0.01,15.702000000000227,-19.46,4995.13,sl 5137.772
361,723,726,725,728,2026-03-04 17:50:00,2026-03-04 18:04:40,5139.965,5132.975,5124.012,5171.871,15.95300000000043,0.01,15.953000000000431,-21.08,4974.05,sl 5133.024
362,720,728,722,730,2026-03-04 17:30:00,2026-03-04 18:09:38,5134.19,5131.207,5116.602,5169.366,17.587999999999738,0.01,17.587999999999738,2.63,4976.68,sl 5131.256
363,724,729,726,731,2026-03-04 17:55:00,2026-03-04 18:10:29,5143.514,5126.092,5133.024,5164.494,10.489999999999782,0.02,20.979999999999563,-15.16,4961.52,sl 5126.145
364,722,730,724,732,2026-03-04 17:45:00,2026-03-04 18:10:37,5137.509,5123.989,5121.171,5170.185,16.337999999999738,0.01,16.337999999999738,-15.98,4945.540000000001,sl 5124.012
365,721,731,723,733,2026-03-04 17:35:00,2026-03-04 18:10:42,5136.465,5121.127,5118.599,5172.197,17.865999999999985,0.01,17.865999999999985,-16.38,4929.16,sl 5121.171
366,727,732,729,734,2026-03-04 18:05:00,2026-03-04 18:11:27,5134.143,5118.686,5118.707,5165.015,15.435999999999694,0.01,15.435999999999694,-15.45,4913.71,sl 5118.707
367,725,733,727,735,2026-03-04 18:00:00,2026-03-04 18:11:28,5141.246,5118.594,5126.145,5171.448,15.100999999999658,0.01,15.10099999999966,-17.88,4895.83,sl 5118.599
368,735,734,737,736,2026-03-06 17:40:00,2026-03-04 18:20:27,5145.759,5116.556,5125.581,5186.115,20.177999999999884,0.01,20.177999999999884,-17.63,4878.2,sl 5116.602
369,736,737,738,739,2026-03-06 17:45:00,2026-03-06 18:43:14,5137.993,5162.829,5125.581,5162.817,12.412000000000262,0.01,12.412000000000262,24.84,4903.04,tp 5162.817
370,739,738,741,740,2026-03-10 18:20:00,2026-03-06 19:38:36,5173.01,5158.867,5162.372,5194.379,10.63799999999992,0.02,21.27599999999984,13.11,4916.15,sl 5158.874
371,741,740,743,742,2026-03-10 18:25:00,2026-03-10 18:24:04,5193.086,5194.385,5170.468,5238.322,22.618000000000393,0.01,22.618000000000393,42.75,4958.9,tp 5194.379
372,743,742,745,744,2026-03-11 11:55:00,2026-03-11 02:02:40,5183.358,5201.205,5208.08,5133.914,24.721999999999753,0.01,24.721999999999753,8.12,4966.48,sl 5201.230
373,744,746,746,748,2026-03-11 12:10:00,2026-03-11 12:51:40,5187.586,5179.468,5205.116,5152.526,17.529999999999745,0.01,17.529999999999745,3.89,4970.37,sl 5179.419
374,745,747,747,749,2026-03-11 12:15:00,2026-03-11 13:00:43,5191.467,5164.141,5205.116,5164.169,13.649000000000342,0.01,13.649000000000342,27.33,4997.7,tp 5164.169
375,749,748,751,750,2026-03-12 12:10:00,2026-03-11 13:51:38,5169.584,5152.522,5178.307,5152.138,8.722999999999956,0.02,17.445999999999913,35.07,5032.7699999999995,tp 5152.526
376,751,750,753,752,2026-03-17 10:30:00,2026-03-12 12:48:29,5003.703,5178.324,4983.865,5043.379,19.838000000000648,0.01,19.838000000000648,-17.48,5015.290000000001,sl 5178.307
377,752,755,754,757,2026-03-17 10:35:00,2026-03-17 12:46:35,5004.309,5014.379,4983.865,5045.197,20.444000000000415,0.01,20.444000000000415,10.68,5025.97,sl 5014.411
378,757,759,759,761,2026-03-17 13:25:00,2026-03-17 13:32:41,5013.868,5025.44,5007.643,5026.318,6.225000000000364,0.04,24.90000000000146,50.18,5076.150000000001,tp 5025.375
379,756,760,758,762,2026-03-17 13:20:00,2026-03-17 13:32:43,5017.942,5026.336,5007.896,5038.034,10.046000000000276,0.02,20.092000000000553,49.87,5126.0199999999995,tp 5026.318
380,753,763,755,765,2026-03-17 10:40:00,2026-03-17 13:41:41,4999.074,5029.548,4983.865,5029.492,15.208999999999833,0.01,15.208999999999834,30.48,5156.5,tp 5029.492
381,754,764,756,766,2026-03-17 10:45:00,2026-03-17 13:43:39,4999.536,5030.906,4983.865,5030.878,15.671000000000276,0.01,15.671000000000276,31.37,5187.87,tp 5030.878
382,758,767,760,769,2026-03-17 13:30:00,2026-03-17 13:50:30,5012.895,5021.673,5006.655,5025.375,6.240000000000691,0.04,24.960000000002765,17.36,5205.23,sl 5021.690
383,761,768,763,770,2026-03-17 13:35:00,2026-03-17 13:53:37,5024.338,5007.868,5004.62,5063.774,19.717999999999847,0.01,19.717999999999847,-20.14,5185.089999999999,sl 5007.896
384,762,772,764,774,2026-03-17 13:40:00,2026-03-17 14:31:31,5025.694,5004.608,5004.62,5067.842,21.074000000000524,0.01,21.074000000000524,-19.73,5165.360000000001,sl 5004.620
385,765,773,767,775,2026-03-17 13:45:00,2026-03-17 14:31:31,5027.409,5004.608,5004.62,5072.987,22.78899999999976,0.01,22.78899999999976,-21.08,5144.28,sl 5004.620
386,766,774,768,776,2026-03-17 13:50:00,2026-03-17 14:31:31,5024.76,5004.608,5004.62,5065.04,20.140000000000327,0.01,20.140000000000327,-22.8,5121.48,sl 5004.620
387,770,775,772,777,2026-03-17 14:10:00,2026-03-17 14:31:31,5017.422,5004.608,5004.62,5043.026,12.80199999999968,0.02,25.60399999999936,-20.15,5101.33,sl 5004.620
388,769,776,771,778,2026-03-17 14:05:00,2026-03-17 14:31:31,5011.051,5004.608,5001.825,5029.503,9.226000000000568,0.02,18.452000000001135,-25.62,5075.71,sl 5004.620
389,771,780,773,782,2026-03-17 14:25:00,2026-03-17 15:27:38,5010.022,5001.822,4998.605,5032.856,11.417000000000371,0.02,22.834000000000742,-18.46,5057.25,sl 5001.825
390,777,781,779,783,2026-03-17 14:45:00,2026-03-17 15:28:28,5013.867,4998.568,4998.605,5044.391,15.262000000000626,0.01,15.262000000000626,-22.9,5034.35,sl 4998.605
391,778,782,780,784,2026-03-17 14:50:00,2026-03-17 15:28:28,5018.414,4998.568,4998.605,5058.032,19.809000000000196,0.01,19.809000000000196,-15.3,5019.05,sl 4998.605
392,779,783,781,785,2026-03-17 14:55:00,2026-03-17 15:28:28,5010.674,4998.568,4998.605,5034.812,12.069000000000415,0.02,24.13800000000083,-19.84,4999.21,sl 4998.605
393,785,784,787,786,2026-03-17 15:30:00,2026-03-17 15:28:28,4995.214,4998.568,4981.962,5021.718,13.251999999999498,0.01,13.251999999999498,-24.21,4975.0,sl 4998.605
394,787,786,789,788,2026-03-17 15:40:00,2026-03-17 15:36:43,4982.487,4981.945,4967.165,5013.131,15.322000000000116,0.01,15.322000000000116,-13.26,4961.74,sl 4981.962
395,788,796,790,798,2026-03-17 16:10:00,2026-03-17 17:43:57,4994.064,4998.289,4977.401,5027.39,16.663000000000466,0.01,16.663000000000466,15.8,4977.54,sl 4998.337
396,794,797,796,799,2026-03-17 16:55:00,2026-03-17 22:45:35,5000.842,4994.324,4993.938,5014.65,6.903999999999542,0.03,20.711999999998625,-22.99,4954.55,sl 4994.332
397,793,798,795,800,2026-03-17 16:40:00,2026-03-17 22:45:37,5001.418,4993.817,4991.879,5020.496,9.53899999999976,0.02,19.07799999999952,-21.08,4933.47,sl 4993.938
398,791,799,793,801,2026-03-17 16:25:00,2026-03-18 01:52:30,5002.162,4993.167,4985.981,5034.524,16.181000000000495,0.01,16.181000000000495,-21.86,4910.530000000001,sl 4993.240
399,792,800,794,802,2026-03-17 16:30:00,2026-03-18 01:52:39,5004.093,4991.805,4993.24,5025.799,10.853000000000065,0.02,21.70600000000013,-19.23,4890.22,sl 4991.879
400,790,801,792,803,2026-03-17 16:20:00,2026-03-18 04:34:14,5000.877,4985.959,4984.767,5033.097,16.110000000000582,0.01,16.110000000000582,-16.2,4873.4800000000005,sl 4985.981
401,789,802,791,804,2026-03-17 16:15:00,2026-03-18 04:36:28,4994.859,4984.742,4978.38,5027.817,16.47900000000027,0.01,16.47900000000027,-16.14,4856.799999999999,sl 4984.767
402,795,803,797,805,2026-03-17 17:00:00,2026-03-18 08:45:40,5001.986,4978.347,4994.332,5017.294,7.653999999999542,0.03,22.961999999998625,-16.51,4839.75,sl 4978.380
403,805,804,807,806,2026-03-23 17:40:00,2026-03-18 08:45:42,4430.904,4977.363,4454.194,4384.318,23.289999999999964,0.01,23.289999999999964,-16.7,4822.51,sl 4977.401
404,807,809,809,811,2026-03-23 18:20:00,2026-03-23 18:30:39,4415.039,4432.351,4434.544,4375.966,19.50500000000011,0.01,19.50500000000011,-18.16,4804.35,sl 4432.333
405,806,810,808,812,2026-03-23 18:10:00,2026-03-23 18:30:41,4417.102,4433.623,4436.59,4378.129,19.488000000000284,0.01,19.488000000000284,-2.7199999999999998,4801.63,sl 4433.603
406,808,811,810,813,2026-03-23 18:25:00,2026-03-23 18:30:43,4414.185,4434.551,4432.333,4377.889,18.14799999999923,0.01,18.14799999999923,-19.51,4782.12,sl 4434.544
407,813,812,815,814,2026-03-24 16:25:00,2026-03-23 18:31:42,4423.379,4436.608,4446.647,4376.843,23.26800000000003,0.01,23.26800000000003,-19.51,4762.61,sl 4436.590
408,815,814,817,816,2026-04-06 12:25:00,2026-03-24 17:36:05,4664.482,4376.819,4657.271,4678.904,7.21100000000024,0.03,21.633000000000717,46.56,4809.17,tp 4376.843
409,816,817,818,819,2026-04-06 12:30:00,2026-04-06 12:40:15,4666.479,4678.909,4658.771,4681.895,7.708000000000538,0.03,23.124000000001615,43.28,4852.45,tp 4678.904
410,818,821,820,823,2026-04-06 13:15:00,2026-04-06 13:41:38,4668.835,4677.559,4677.539,4651.427,8.703999999999724,0.02,17.407999999999447,-17.45,4835.0,sl 4677.539
411,819,822,821,824,2026-04-06 13:25:00,2026-04-06 13:41:38,4672.348,4677.691,4680.773,4655.498,8.425000000000182,0.02,16.850000000000364,-17.56,4817.44,sl 4677.682
412,820,823,822,825,2026-04-06 13:30:00,2026-04-06 13:44:40,4668.911,4666.036,4677.682,4651.318,8.77099999999973,0.02,17.54199999999946,-1.33,4816.11,sl 4666.048
413,825,824,827,826,2026-04-06 17:45:00,2026-04-06 13:56:40,4656.479,4680.815,4665.863,4637.711,9.384000000000015,0.02,18.76800000000003,-16.93,4799.179999999999,sl 4680.773
414,827,826,829,828,2026-04-16 14:10:00,2026-04-06 18:11:41,4799.813,4665.899,4787.612,4825.115,12.201000000000022,0.01,12.201000000000022,-18.84,4780.34,sl 4665.863
415,829,828,831,830,2026-04-16 16:40:00,2026-04-16 14:40:32,4796.36,4787.502,4785.883,4817.314,10.476999999999862,0.02,20.953999999999724,-12.31,4768.03,sl 4787.612
416,831,830,833,832,2026-04-16 16:50:00,2026-04-16 16:49:07,4787.991,4785.856,4777.42,4809.511,10.570999999999913,0.02,21.141999999999825,-21.01,4747.0199999999995,sl 4785.883
417,832,835,834,837,2026-04-16 17:05:00,2026-04-16 17:29:54,4792.226,4785.29,4782.734,4811.21,9.49199999999928,0.02,18.98399999999856,-19.22,4727.8,sl 4785.298
418,833,836,835,838,2026-04-16 17:10:00,2026-04-16 17:37:51,4794.902,4782.623,4785.298,4814.11,9.60400000000027,0.02,19.20800000000054,-19.2,4708.6,sl 4782.734
419,834,837,836,839,2026-04-16 17:20:00,2026-04-17 01:01:46,4791.286,4791.178,4781.28,4810.329,10.006000000000313,0.02,20.012000000000626,6.38,4713.900000000001,sl 4791.362
420,839,838,841,840,2026-04-20 19:45:01,2026-04-17 01:10:28,4812.192,4781.275,4788.801,4858.338,23.39099999999962,0.01,23.39099999999962,-20.02,4692.799999999999,sl 4781.280
421,840,841,842,843,2026-04-20 19:50:00,2026-04-21 04:31:05,4812.438,4789.541,4789.764,4858.605,22.673999999999978,0.01,22.673999999999978,-22.9,4669.360000000001,sl 4789.764
422,843,842,845,844,2026-04-21 10:55:00,2026-04-21 04:55:53,4789.784,4788.794,4812.298,4744.756,22.514000000000124,0.01,22.514000000000124,-23.4,4645.42,sl 4788.801
423,844,849,846,851,2026-04-21 11:00:00,2026-04-21 12:32:00,4789.5,4778.223,4812.298,4743.904,22.797999999999774,0.01,22.797999999999774,11.56,4656.9800000000005,sl 4778.191
424,845,850,847,852,2026-04-21 11:45:00,2026-04-21 14:40:18,4793.205,4755.864,4815.625,4747.579,22.420000000000073,0.01,22.420000000000073,39.94,4696.919999999999,tp 4755.979
425,847,851,849,853,2026-04-21 11:55:00,2026-04-21 14:40:19,4793.792,4752.991,4815.625,4750.771,21.83299999999963,0.01,21.83299999999963,41.68,4738.6,tp 4753.081
426,846,852,848,854,2026-04-21 11:50:00,2026-04-21 14:40:20,4795.802,4750.768,4815.625,4755.979,19.82300000000032,0.01,19.82300000000032,43.02,4781.620000000001,tp 4750.771
427,848,853,850,855,2026-04-21 12:00:00,2026-04-21 14:44:53,4794.67,4747.568,4815.625,4753.081,20.954999999999927,0.01,20.954999999999927,45.64,4827.26,tp 4747.579
428,855,854,857,856,2026-04-22 14:55:00,2026-04-21 14:44:59,4737.841,4743.898,4715.431,4783.282,22.410000000000764,0.01,22.410000000000764,45.6,4872.860000000001,tp 4743.904
429,856,857,858,859,2026-04-22 19:40:00,2026-04-22 22:37:50,4740.059,4731.561,4731.599,4756.784,8.460000000000036,0.02,16.920000000000073,-17.0,4855.86,sl 4731.599
430,859,858,861,860,2026-04-24 15:50:00,2026-04-23 00:09:46,4724.116,4715.372,4733.499,4704.747,9.38299999999981,0.02,18.76599999999962,-22.47,4831.7699999999995,sl 4715.431
431,860,869,862,871,2026-04-24 16:40:00,2026-04-24 17:54:43,4723.989,4725.742,4733.914,4704.625,9.925000000000182,0.02,19.850000000000364,-3.25,4828.52,sl 4725.686
432,866,870,868,872,2026-04-24 17:15:00,2026-04-24 19:49:31,4727.626,4716.1,4734.404,4714.07,6.778000000000247,0.03,20.334000000000742,37.45,4865.97,tp 4716.118
433,865,871,867,873,2026-04-24 17:10:01,2026-04-24 19:56:23,4727.533,4714.024,4734.449,4713.701,6.915999999999258,0.03,20.747999999997774,40.81,4906.780000000001,tp 4714.070
434,864,872,866,874,2026-04-24 17:05:00,2026-04-24 20:01:44,4728.0,4713.685,4735.339,4713.559,7.338999999999942,0.03,22.016999999999825,41.54,4948.32,tp 4713.701
435,863,873,865,875,2026-04-24 17:00:00,2026-04-24 20:01:44,4726.688,4713.49,4734.294,4711.116,7.605999999999767,0.03,22.8179999999993,43.53,4991.849999999999,tp 4713.559
436,862,874,864,876,2026-04-24 16:55:00,2026-04-24 20:06:02,4724.392,4711.097,4733.241,4706.694,8.84900000000016,0.02,17.69800000000032,46.77,5038.620000000001,tp 4711.116
437,867,875,869,877,2026-04-24 17:20:00,2026-04-24 20:07:07,4728.584,4710.271,4734.817,4716.118,6.233000000000175,0.03,18.699000000000524,37.87,5076.49,tp 4710.597
438,861,876,863,878,2026-04-24 16:50:00,2026-04-24 20:14:04,4721.982,4706.69,4731.501,4702.944,9.519000000000233,0.02,19.038000000000466,35.4,5111.889999999999,tp 4706.694
439,868,877,870,879,2026-04-24 17:30:00,2026-04-26 22:02:03,4722.894,4696.485,4729.131,4710.597,6.23700000000008,0.03,18.71100000000024,55.01,5166.900000000001,tp 4704.625
440,879,878,881,880,2026-04-27 07:15:00,2026-04-26 22:02:03,4717.233,4696.485,4704.816,4742.067,12.417000000000371,0.02,24.834000000000742,50.99,5217.889999999999,tp 4702.944
441,880,884,882,886,2026-04-27 07:25:00,2026-04-27 08:20:25,4717.694,4709.84,4704.816,4744.023,12.878000000000611,0.01,12.878000000000611,-20.37,5197.52,sl 4709.894
442,881,885,883,887,2026-04-27 07:35:00,2026-04-27 08:30:05,4716.63,4708.093,4709.894,4730.102,6.735999999999876,0.03,20.20799999999963,-25.62,5171.900000000001,sl 4708.242
443,882,886,884,888,2026-04-27 07:50:00,2026-04-27 08:40:22,4714.497,4705.906,4708.242,4726.821,6.255000000000109,0.04,25.020000000000437,-26.07,5145.83,sl 4705.964
444,883,887,885,889,2026-04-27 08:10:00,2026-04-27 09:09:54,4712.422,4704.595,4705.964,4724.972,6.457999999999629,0.04,25.831999999998516,-25.28,5120.55,sl 4704.816
445,889,888,891,890,2026-04-29 10:40:00,2026-04-27 09:09:54,4570.595,4704.595,4560.4,4590.985,10.195000000000618,0.02,20.390000000001237,-13.09,5107.46,sl 4704.816
446,891,890,893,892,2026-05-01 12:30:00,2026-04-29 11:53:03,4603.054,4560.371,4627.51,4554.142,24.45600000000013,0.01,24.45600000000013,-20.45,5087.01,sl 4560.400
447,893,892,895,894,2026-05-01 17:40:00,2026-05-01 13:55:29,4630.629,4627.628,4638.1,4615.687,7.471000000000458,0.03,22.413000000001375,-24.58,5062.43,sl 4627.510
448,894,896,896,898,2026-05-01 17:45:00,2026-05-01 17:53:34,4628.139,4634.7,4635.341,4614.182,7.2020000000002256,0.03,21.606000000000673,-21.37,5041.06,sl 4634.632
449,895,897,897,899,2026-05-01 17:50:00,2026-05-01 17:53:35,4627.578,4635.445,4634.632,4613.47,7.053999999999178,0.03,21.161999999997533,-21.92,5019.14,sl 4635.341
450,899,898,901,900,2026-05-01 19:40:01,2026-05-01 18:15:01,4617.158,4615.632,4631.892,4587.69,14.733999999999469,0.01,14.733999999999469,44.99,5064.13,tp 4615.687
451,900,903,902,905,2026-05-01 19:45:00,2026-05-04 00:33:18,4611.655,4610.053,4631.892,4572.06,20.23700000000008,0.01,20.23700000000008,7.11,5071.24,sl 4609.987
452,901,904,903,906,2026-05-01 19:50:00,2026-05-04 07:59:51,4615.03,4578.792,4631.892,4579.092,16.86200000000008,0.01,16.86200000000008,36.24,5107.48,tp 4579.092
453,902,905,904,907,2026-05-01 19:55:00,2026-05-04 10:01:42,4610.584,4571.735,4631.892,4569.024,21.307999999999993,0.01,21.307999999999993,39.92,5147.4,tp 4572.060
454,907,906,909,908,2026-05-04 10:10:00,2026-05-04 10:02:04,4547.404,4568.97,4537.378,4567.813,10.02600000000075,0.02,20.0520000000015,41.61,5189.009999999999,tp 4569.024
455,909,908,911,910,2026-05-07 17:40:00,2026-05-04 10:15:19,4703.418,4537.308,4693.591,4723.501,9.826999999999316,0.02,19.653999999998632,-20.19,5168.820000000001,sl 4537.378
456,911,914,913,916,2026-05-07 17:50:00,2026-05-07 18:45:16,4699.835,4700.943,4684.647,4730.211,15.188000000000102,0.01,15.188000000000102,-21.55,5147.2699999999995,sl 4700.991
457,910,915,912,917,2026-05-07 17:45:00,2026-05-07 18:45:16,4699.647,4700.881,4684.573,4730.455,15.073999999999614,0.01,15.073999999999616,-5.08,5142.1900000000005,sl 4700.902
458,912,916,914,918,2026-05-07 18:00:00,2026-05-07 18:45:19,4711.719,4699.569,4700.991,4732.8,10.728000000000065,0.02,21.45600000000013,-13.53,5128.66,sl 4699.700
459,913,918,915,920,2026-05-07 18:40:00,2026-05-07 19:19:21,4713.099,4700.705,4699.7,4740.08,13.399000000000342,0.01,13.399000000000342,1.06,5129.72,sl 4700.817
460,917,924,919,926,2026-05-07 18:50:00,2026-05-07 20:02:39,4700.699,4716.364,4693.023,4716.051,7.675999999999476,0.03,23.02799999999843,46.99,5176.71,tp 4716.051
461,919,925,921,927,2026-05-07 19:25:00,2026-05-07 20:37:36,4700.842,4705.88,4688.064,4726.398,12.777999999999338,0.02,25.555999999998676,6.04,5182.75,sl 4705.899
462,920,926,922,928,2026-05-07 19:30:00,2026-05-07 20:37:46,4705.339,4701.17,4696.663,4722.484,8.676000000000386,0.02,17.35200000000077,-18.03,5164.72,sl 4701.220
463,921,927,923,929,2026-05-07 19:45:00,2026-05-07 20:37:48,4710.186,4699.553,4701.22,4728.118,8.96599999999944,0.02,17.93199999999888,-19.29,5145.43,sl 4699.602
464,922,928,924,930,2026-05-07 19:50:00,2026-05-07 20:39:11,4709.202,4698.09,4699.602,4726.485,9.600000000000364,0.02,19.200000000000728,-17.73,5127.700000000001,sl 4698.121
465,923,929,925,931,2026-05-07 19:55:00,2026-05-07 20:40:06,4706.956,4696.442,4698.121,4723.906,8.835000000000036,0.02,17.670000000000073,-17.8,5109.9,sl 4696.663
466,931,930,933,932,2026-05-11 19:20:00,2026-05-07 20:56:24,4724.726,4688.045,4729.909,4714.36,5.182999999999993,0.04,20.73199999999997,-25.59,5084.3099999999995,sl 4688.064
467,932,935,934,937,2026-05-11 19:25:00,2026-05-11 19:40:06,4723.846,4729.004,4728.85,4713.838,5.004000000000815,0.05,25.020000000004078,-25.79,5058.52,sl 4728.850
468,933,936,935,938,2026-05-11 19:30:00,2026-05-11 19:40:06,4724.18,4729.004,4728.877,4714.786,4.697000000000116,0.05,23.485000000000582,-24.12,5034.400000000001,sl 4728.877
469,934,937,936,939,2026-05-11 19:35:00,2026-05-11 19:45:41,4724.597,4729.469,4729.215,4715.361,4.618000000000393,0.05,23.090000000001965,-24.36,5010.04,sl 4729.215
470,939,938,941,940,2026-05-12 11:35:00,2026-05-11 19:47:49,4699.019,4729.981,4688.918,4719.221,10.101000000000568,0.02,20.202000000001135,-21.02,4989.0199999999995,sl 4729.909
471,940,943,942,945,2026-05-12 12:00:00,2026-05-12 12:57:02,4706.89,4701.302,4729.462,4661.527,22.572000000000116,0.01,22.572000000000116,4.5600000000000005,4993.580000000001,sl 4701.315
472,941,944,943,946,2026-05-12 12:15:00,2026-05-12 15:17:29,4705.444,4661.499,4728.907,4658.518,23.462999999999738,0.01,23.462999999999738,45.39,5038.97,tp 4661.527
473,942,945,944,947,2026-05-12 12:20:00,2026-05-12 15:21:13,4704.264,4658.26,4728.907,4655.938,24.64300000000003,0.01,24.64300000000003,47.18,5086.150000000001,tp 4658.518
474,947,946,949,948,2026-05-13 18:10:00,2026-05-12 15:22:05,4690.745,4655.886,4710.767,4650.701,20.021999999999935,0.01,20.021999999999935,48.37,5134.5199999999995,tp 4655.938
475,948,951,950,953,2026-05-13 18:15:00,2026-05-14 00:17:07,4692.475,4704.23,4710.767,4655.369,18.29199999999946,0.01,18.29199999999946,-13.64,5120.88,sl 4704.053
476,949,952,951,954,2026-05-13 18:20:00,2026-05-14 00:17:07,4690.586,4704.23,4704.053,4663.652,13.466999999999643,0.01,13.466999999999643,-14.15,5106.7300000000005,sl 4704.053
477,950,953,952,955,2026-05-13 18:25:00,2026-05-14 04:05:40,4690.084,4676.883,4704.053,4662.335,13.969000000000051,0.01,13.969000000000051,13.87,5120.599999999999,sl 4676.801
478,955,954,957,956,2026-05-14 11:20:00,2026-05-14 04:32:38,4695.147,4710.77,4684.421,4717.73,10.725999999999658,0.02,21.451999999999316,-18.29,5102.31,sl 4710.767
479,956,957,958,959,2026-05-14 11:35:00,2026-05-14 11:55:29,4693.936,4704.807,4688.643,4704.522,5.292999999999665,0.04,21.17199999999866,43.49,5145.8,tp 4704.522
480,960,958,962,960,2026-05-19 09:50:00,2026-05-14 11:55:30,4540.881,4704.807,4533.978,4554.687,6.903000000000247,0.03,20.709000000000742,9.66,5155.46,
481,962,959,964,961,2026-05-21 13:05:00,2026-05-14 11:57:53,4512.403,4698.43,4501.272,4534.308,11.131000000000313,0.02,22.262000000000626,3.2800000000000002,5158.74,sl 4698.482
482,964,961,966,963,2026-05-22 09:10:00,2026-05-19 10:42:29,4522.281,4533.667,4506.418,4554.007,15.863000000000284,0.01,15.863000000000286,-21.64,5137.099999999999,sl 4533.978
483,965,963,967,965,2026-05-22 11:40:00,2026-05-21 13:14:53,4519.048,4501.247,4511.27,4534.253,7.777999999999338,0.03,23.333999999998014,-22.32,5114.780000000001,sl 4501.272
484,968,966,970,968,2026-05-22 12:50:00,2026-05-22 12:19:26,4519.05,4534.552,4508.951,4539.248,10.09900000000016,0.02,20.19800000000032,46.52,5161.3,tp 4534.253
485,969,967,971,969,2026-05-22 13:05:00,2026-05-22 12:21:56,4524.38,4526.948,4513.488,4545.954,10.891999999999825,0.02,21.78399999999965,4.67,5165.97,sl 4527.061
486,971,970,973,972,2026-05-22 13:30:00,2026-05-22 13:24:14,4522.248,4524.157,4510.8,4545.714,11.44799999999941,0.02,22.89599999999882,10.21,5176.18,sl 4524.190
487,974,972,976,974,2026-05-22 13:50:00,2026-05-22 13:42:37,4511.388,4513.432,4501.054,4532.032,10.333999999999833,0.02,20.667999999999665,-21.9,5154.280000000001,sl 4513.488
488,975,973,977,975,2026-05-22 14:10:00,2026-05-22 13:49:50,4510.202,4510.753,4498.184,4534.238,12.018000000000029,0.02,24.03600000000006,-22.99,5131.29,sl 4510.800
489,978,976,980,978,2026-05-28 14:15:00,2026-05-22 14:13:35,4464.353,4501.045,4476.27,4439.982,11.917000000000371,0.02,23.834000000000742,-20.69,5110.6,sl 4501.054
490,979,977,981,979,2026-05-28 14:20:00,2026-05-22 14:14:49,4464.596,4498.125,4478.497,4436.794,13.90100000000075,0.01,13.90100000000075,-24.15,5086.450000000001,sl 4498.184
491,982,980,984,982,2026-05-28 15:05:00,2026-05-28 14:45:18,4474.749,4476.313,4499.626,4424.995,24.877000000000407,0.01,24.877000000000407,-23.92,5062.53,sl 4476.270
492,983,981,985,983,2026-05-28 15:10:00,2026-05-28 14:46:05,4473.582,4478.637,4498.254,4423.797,24.67199999999957,0.01,24.67199999999957,-14.04,5048.49,sl 4478.497
493,986,989,988,991,2026-05-28 15:25:00,2026-05-28 16:18:20,4476.267,4493.978,4495.87,4436.479,19.603000000000065,0.01,19.603000000000065,-16.84,5031.65,sl 4493.722
494,985,990,987,992,2026-05-28 15:20:00,2026-05-28 16:19:43,4472.701,4495.907,4496.033,4425.518,23.332000000000335,0.01,23.332000000000335,-19.64,5012.009999999999,sl 4495.870
495,984,991,986,993,2026-05-28 15:15:00,2026-05-28 16:19:43,4471.552,4496.042,4496.271,4421.238,24.71900000000005,0.01,24.71900000000005,-23.34,4988.67,sl 4496.033
496,987,992,989,994,2026-05-28 15:30:00,2026-05-28 16:19:43,4477.142,4496.121,4493.722,4443.211,16.579999999999927,0.01,16.579999999999927,-15.29,4973.38,sl 4496.052
497,988,993,990,995,2026-05-28 15:35:00,2026-05-28 16:19:44,4480.827,4496.463,4496.052,4450.377,15.224999999999454,0.01,15.224999999999456,-24.91,4948.47,sl 4496.271
498,996,994,998,996,2026-06-02 14:10:00,2026-05-28 16:20:33,4503.404,4498.37,4481.097,4547.727,22.3070000000007,0.01,22.3070000000007,-24.79,4923.68,sl 4498.254
499,997,995,999,997,2026-06-02 15:25:00,2026-05-28 16:20:45,4503.827,4499.69,4481.726,4548.029,22.101000000000568,0.01,22.101000000000568,-24.94,4898.740000000001,sl 4499.626
500,998,1006,1000,1008,2026-06-02 15:30:00,2026-06-02 18:42:41,4505.886,4481.702,4481.726,4554.044,24.160000000000764,0.01,24.160000000000764,-22.13,4876.61,sl 4481.726
501,999,1007,1001,1009,2026-06-02 16:05:00,2026-06-02 18:42:41,4501.38,4481.702,4479.218,4545.323,22.162000000000262,0.01,22.162000000000262,-24.19,4852.42,sl 4481.726
502,1000,1008,1002,1010,2026-06-02 16:20:00,2026-06-02 18:42:58,4495.17,4480.974,4476.53,4532.45,18.640000000000327,0.01,18.640000000000327,-22.43,4829.99,sl 4481.097
503,1001,1009,1003,1011,2026-06-02 16:30:00,2026-06-02 18:43:03,4490.951,4480.581,4476.53,4519.253,14.421000000000276,0.01,14.421000000000278,-19.11,4810.88,sl 4480.600
504,1002,1010,1004,1012,2026-06-02 16:45:00,2026-06-02 18:43:03,4490.136,4480.581,4480.6,4509.208,9.536000000000058,0.02,19.072000000000116,-18.42,4792.46,sl 4480.600
505,1003,1011,1005,1013,2026-06-02 16:55:00,2026-06-02 18:43:04,4489.79,4479.166,4480.6,4508.356,9.1899999999996,0.02,18.3799999999992,-22.21,4770.25,sl 4479.218
506,1004,1012,1006,1014,2026-06-02 17:20:00,2026-06-02 23:10:55,4487.641,4476.466,4473.557,4515.647,14.083999999999833,0.01,14.083999999999833,-18.7,4751.55,sl 4476.530
507,1005,1013,1007,1015,2026-06-02 17:25:00,2026-06-02 23:10:55,4488.498,4476.466,4473.557,4518.05,14.940999999999804,0.01,14.940999999999804,-14.48,4737.070000000001,sl 4476.530
508,1016,1014,1018,1016,2026-06-04 07:40:00,2026-06-02 23:16:57,4463.921,4473.512,4447.154,4497.455,16.766999999999825,0.01,16.766999999999825,-14.13,4722.94,sl 4473.557
509,1017,1015,1019,1017,2026-06-04 08:15:00,2026-06-02 23:16:57,4460.77,4473.512,4439.573,4503.701,21.197000000000116,0.01,21.197000000000116,-14.99,4707.95,sl 4473.557
510,1018,1019,1020,1021,2026-06-04 08:40:00,2026-06-04 11:36:24,4461.223,4484.078,4439.573,4504.523,21.649999999999636,0.01,21.649999999999636,20.16,4728.11,sl 4484.088
511,1022,1020,1024,1022,2026-06-04 17:40:00,2026-06-04 11:48:38,4478.299,4503.704,4456.812,4521.273,21.48700000000008,0.01,21.48700000000008,42.93,4771.04,tp 4503.701
512,1023,1021,1025,1023,2026-06-04 17:50:00,2026-06-04 11:51:32,4479.018,4504.523,4456.812,4523.43,22.20600000000013,0.01,22.20600000000013,43.3,4814.34,tp 4504.523
513,1024,1026,1026,1028,2026-06-04 17:55:00,2026-06-05 00:12:16,4478.827,4456.556,4456.812,4522.857,22.015000000000327,0.01,22.015000000000327,-21.74,4792.06,sl 4456.812
514,1025,1027,1027,1029,2026-06-04 18:05:00,2026-06-05 00:12:16,4477.603,4456.556,4456.812,4519.185,20.791000000000167,0.01,20.791000000000167,-22.46,4769.06,sl 4456.812
515,1030,1028,1032,1030,2026-06-08 19:25:00,2026-06-05 00:12:16,4327.005,4456.556,4333.537,4313.746,6.532000000000153,0.03,19.59600000000046,-22.27,4746.25,sl 4456.812
516,1031,1029,1033,1031,2026-06-08 19:30:00,2026-06-05 00:12:16,4327.739,4456.556,4334.424,4314.537,6.6850000000004,0.03,20.0550000000012,-21.04,4724.67,sl 4456.812
517,1032,1034,1034,1036,2026-06-08 19:35:00,2026-06-08 23:34:32,4327.438,4316.42,4334.044,4314.226,6.605999999999767,0.03,19.8179999999993,35.64,4760.31,tp 4316.499
518,1033,1035,1035,1037,2026-06-08 19:55:00,2026-06-08 23:36:44,4328.299,4321.939,4334.202,4316.499,5.903000000000247,0.03,17.709000000000742,15.2,4775.51,sl 4321.893
519,1038,1036,1040,1038,2026-06-09 09:50:00,2026-06-08 23:49:00,4330.022,4314.482,4321.259,4347.392,8.76299999999992,0.02,17.52599999999984,39.77,4815.280000000001,tp 4314.537
520,1040,1037,1042,1039,2026-06-09 12:55:00,2026-06-08 23:49:01,4337.702,4314.085,4324.224,4364.874,13.478000000000065,0.01,13.478000000000065,40.05,4855.33,tp 4314.226
521,1042,1039,1044,1041,2026-06-15 19:40:00,2026-06-09 12:30:07,4321.069,4334.969,4316.199,4330.809,4.8700000000008,0.05,24.350000000004002,9.9,4865.23,sl 4335.056
522,1043,1041,1045,1043,2026-06-15 19:45:00,2026-06-09 13:49:20,4319.472,4355.849,4314.701,4329.014,4.770999999999731,0.05,23.854999999998654,18.15,4883.379999999999,sl 4355.879
523,1044,1045,1046,1047,2026-06-15 19:55:00,2026-06-15 20:12:37,4320.533,4316.121,4315.868,4329.452,4.664999999999964,0.05,23.324999999999818,-24.74,4858.64,sl 4316.199
524,1048,1046,1050,1048,2026-06-16 19:35:00,2026-06-15 20:14:35,4339.518,4315.821,4315.526,4387.502,23.99200000000019,0.01,23.99200000000019,-23.56,4835.08,sl 4315.868
525,1049,1047,1051,1049,2026-06-16 19:40:00,2026-06-15 20:16:30,4337.929,4314.623,4315.526,4383.065,22.403000000000247,0.01,22.403000000000247,-24.24,4810.84,sl 4314.701
526,1050,1051,1052,1053,2026-06-16 19:55:00,2026-06-17 01:15:35,4334.048,4344.869,4321.941,4358.721,12.106999999999971,0.01,12.106999999999971,5.35,4815.650000000001,sl 4344.894
527,1053,1052,1055,1054,2026-06-17 10:30:00,2026-06-17 04:34:25,4328.852,4321.931,4339.867,4306.822,11.015000000000327,0.02,22.030000000000655,-12.12,4802.99,sl 4321.941
528,1054,1059,1056,1061,2026-06-17 10:40:02,2026-06-17 13:37:18,4329.511,4339.881,4339.867,4308.799,10.355999999999767,0.02,20.711999999999534,-22.06,4780.929999999999,sl 4339.867
529,1055,1060,1057,1062,2026-06-17 12:00:00,2026-06-17 13:37:18,4323.447,4339.881,4342.774,4284.598,19.327000000000226,0.01,19.327000000000226,-20.74,4760.1900000000005,sl 4339.867
530,1056,1061,1058,1063,2026-06-17 12:10:00,2026-06-17 13:45:09,4323.253,4342.844,4343.01,4282.242,19.757000000000517,0.01,19.757000000000517,-19.39,4740.799999999999,sl 4342.774
531,1057,1062,1059,1064,2026-06-17 12:15:00,2026-06-17 13:45:09,4323.21,4343.034,4343.01,4283.802,19.800000000000182,0.01,19.800000000000182,-19.78,4721.02,sl 4343.010
532,1058,1063,1060,1065,2026-06-17 12:20:00,2026-06-17 13:45:09,4324.177,4343.034,4343.01,4284.345,18.83300000000054,0.01,18.83300000000054,-19.82,4701.200000000001,sl 4343.010
533,1066,1064,1068,1066,2026-06-18 18:20:00,2026-06-17 13:45:09,4228.652,4343.034,4220.628,4244.7,8.024000000000342,0.02,16.048000000000684,-18.85,4682.349999999999,sl 4343.010
534,1067,1065,1069,1067,2026-06-18 18:25:00,2026-06-17 13:54:38,4228.173,4339.453,4220.269,4243.981,7.903999999999542,0.02,15.807999999999083,1.52,4683.330000000001,sl 4339.497
535,1070,1068,1072,1070,2026-06-18 18:45:00,2026-06-18 18:36:46,4224.865,4220.459,4217.601,4239.393,7.264000000000124,0.03,21.79200000000037,-16.38,4666.95,sl 4220.628
536,1071,1069,1073,1071,2026-06-18 18:50:00,2026-06-18 18:40:02,4221.849,4220.268,4214.644,4236.433,7.204999999999927,0.03,21.61499999999978,-15.81,4651.139999999999,sl 4220.269
537,1074,1072,1076,1074,2026-06-25 13:05:00,2026-06-18 19:00:52,4029.073,4217.525,4046.516,3994.187,17.44300000000021,0.01,17.44300000000021,-22.02,4629.12,sl 4217.601
538,1075,1073,1077,1075,2026-06-25 13:15:00,2026-06-18 19:02:33,4030.827,4214.623,4050.684,3991.281,19.85699999999997,0.01,19.85699999999997,-21.68,4607.44,sl 4214.644
539,1077,1076,1079,1078,2026-06-25 15:15:00,2026-06-25 14:03:46,4008.023,4018.347,4018.618,3987.022,10.5949999999998,0.02,21.1899999999996,10.72,4618.16,sl 4018.339
540,1080,1078,1082,1080,2026-06-26 09:05:00,2026-06-25 15:21:35,4034.246,4018.637,4029.633,4043.616,4.613000000000284,0.04,18.452000000001135,-21.22,4596.94,sl 4018.618
541,1082,1079,1084,1081,2026-06-26 09:35:00,2026-06-26 02:46:37,4048.369,3991.206,4033.617,4077.873,14.751999999999953,0.01,14.751999999999954,39.62,4636.5599999999995,tp 3991.281
542,1084,1081,1086,1083,2026-06-29 07:55:00,2026-06-26 09:19:13,4064.545,4034.481,4058.101,4077.328,6.44399999999996,0.03,19.33199999999988,0.94,4637.5,sl 4034.526
543,1085,1083,1087,1085,2026-06-29 08:00:00,2026-06-26 13:01:01,4061.846,4056.808,4055.283,4075.185,6.563000000000102,0.03,19.689000000000302,8.44,4645.94,sl 4056.876
544,1086,1088,1088,1090,2026-06-29 08:10:00,2026-06-29 08:42:35,4063.87,4058.099,4057.063,4077.484,6.806999999999789,0.03,20.420999999999367,-19.34,4626.599999999999,sl 4058.101
545,1087,1089,1089,1091,2026-06-29 08:40:00,2026-06-29 08:43:57,4062.561,4056.864,4056.316,4075.051,6.245000000000346,0.03,18.735000000001037,-21.02,4605.58,sl 4057.063
546,1092,1090,1094,1092,2026-06-29 08:45:00,2026-06-29 08:44:30,4055.711,4056.137,4049.334,4068.948,6.376999999999953,0.03,19.130999999999858,-19.27,4586.3099999999995,sl 4056.316
547,1094,1091,1096,1093,2026-06-30 12:45:00,2026-06-29 08:44:36,4018.145,4055.252,4024.279,4007.182,6.1340000000000146,0.03,18.402000000000044,-19.78,4566.530000000001,sl 4055.283
548,1095,1093,1097,1095,2026-06-30 12:50:00,2026-06-29 08:57:52,4014.734,4049.331,4020.714,4003.452,5.980000000000018,0.03,17.940000000000055,-19.14,4547.389999999999,sl 4049.334
549,1096,1097,1098,1099,2026-06-30 12:55:00,2026-06-30 13:00:13,4014.19,4017.685,4019.847,4002.876,5.657000000000153,0.04,22.62800000000061,1.38,4548.77,sl 4017.425
550,1100,1098,1102,1100,2026-06-30 13:25:00,2026-06-30 13:07:29,4019.756,4019.866,4031.072,3997.124,11.316000000000258,0.01,11.316000000000258,-22.7,4526.070000000001,sl 4019.847
551,1102,1099,1104,1101,2026-06-30 14:00:00,2026-06-30 13:07:49,4029.964,4020.829,4043.916,4000.932,13.952000000000226,0.01,13.952000000000226,-18.29,4507.78,sl 4020.714
552,1104,1101,1106,1103,2026-06-30 14:15:00,2026-06-30 13:53:23,4043.41,4031.116,4060.527,4009.491,17.11700000000019,0.01,17.11700000000019,-11.36,4496.42,sl 4031.072
553,1105,1103,1107,1105,2026-06-30 14:20:00,2026-06-30 14:09:51,4048.8,4043.935,4066.259,4015.865,17.458999999999833,0.01,17.458999999999833,-13.98,4482.4400000000005,sl 4043.916
554,1108,1106,1110,1108,2026-07-01 13:35:00,2026-06-30 14:23:42,4047.85,4060.557,4061.766,4019.865,13.916000000000167,0.01,13.916000000000167,-17.15,4465.29,sl 4060.527
555,1110,1107,1112,1109,2026-07-01 13:40:00,2026-06-30 19:55:06,4071.39,4015.81,4087.251,4037.706,15.861000000000331,0.01,15.861000000000331,32.99,4498.28,tp 4015.865
556,1112,1109,1114,1111,2026-07-01 13:45:00,2026-07-01 13:38:57,4097.992,4061.826,4119.496,4054.984,21.503999999999905,0.01,21.503999999999905,-13.98,4484.3,sl 4061.766
557,1114,1111,1116,1113,2026-07-02 10:25:00,2026-07-01 13:43:56,4066.888,4087.325,4060.415,4079.834,6.472999999999956,0.03,19.41899999999987,-15.94,4468.360000000001,sl 4087.251
558,1116,1113,1118,1115,2026-07-02 12:00:00,2026-07-01 19:40:23,4065.687,4054.947,4057.765,4081.465,7.9220000000000255,0.02,15.844000000000053,43.04,4511.4,tp 4054.984
559,1117,1115,1119,1117,2026-07-02 12:05:00,2026-07-02 11:04:06,4066.908,4060.377,4057.765,4085.194,9.143000000000029,0.02,18.286000000000058,-19.53,4491.87,sl 4060.415
560,1120,1118,1122,1120,2026-07-02 12:35:00,2026-07-02 12:30:04,4126.381,4083.151,4142.556,4096.404,16.174999999999272,0.01,16.174999999999272,34.93,4526.8,tp 4081.465
561,1122,1119,1124,1121,2026-07-06 10:35:00,2026-07-02 12:30:05,4154.138,4085.852,4172.165,4118.084,18.027000000000044,0.01,18.027000000000044,37.88,4564.68,tp 4085.194
562,1123,1121,1125,1123,2026-07-06 11:25:00,2026-07-02 13:33:42,4156.665,4126.085,4168.937,4132.121,12.271999999999935,0.01,12.271999999999935,0.29,4564.97,sl 4126.069
563,1124,1126,1126,1128,2026-07-06 11:45:00,2026-07-06 12:43:29,4153.594,4131.857,4174.319,4111.919,20.725000000000364,0.01,20.725000000000364,24.81,4589.780000000001,tp 4132.121
564,1125,1127,1127,1129,2026-07-06 11:55:00,2026-07-06 12:45:52,4155.258,4137.291,4174.319,4117.136,19.061000000000604,0.01,19.061000000000604,16.85,4606.63,sl 4137.274
565,1138,1140,1140,1142,2026-07-06 19:50:00,2026-07-07 00:17:59,4162.92,4152.258,4169.302,4150.933,6.381999999999607,0.03,19.14599999999882,46.16,4652.79,tp 4152.319
566,1128,1141,1130,1143,2026-07-06 19:00:00,2026-07-07 00:19:50,4163.877,4156.857,4176.293,4138.94,12.415999999999258,0.01,12.415999999999258,-3.27,4649.5199999999995,sl 4156.797
567,1137,1142,1139,1144,2026-07-06 19:45:00,2026-07-07 00:38:13,4161.083,4150.806,4169.302,4144.645,8.219000000000051,0.02,16.438000000000102,36.34,4685.860000000001,tp 4150.933
568,1134,1143,1136,1145,2026-07-06 19:30:00,2026-07-07 00:59:27,4162.896,4147.097,4176.293,4135.937,13.396999999999935,0.01,13.396999999999935,44.42,4730.28,tp 4147.105
569,1136,1144,1138,1146,2026-07-06 19:40:00,2026-07-07 01:00:02,4160.163,4144.491,4169.302,4141.885,9.139000000000124,0.02,18.278000000000247,33.19,4763.469999999999,tp 4144.645
570,1135,1145,1137,1147,2026-07-06 19:35:00,2026-07-07 01:00:07,4161.903,4141.765,4169.302,4147.105,7.3989999999994325,0.03,22.196999999998297,36.8,4800.27,tp 4141.885
571,1129,1146,1131,1148,2026-07-06 19:05:01,2026-07-07 01:10:45,4161.753,4138.859,4176.293,4132.673,14.539999999999964,0.01,14.539999999999964,25.02,4825.290000000001,tp 4138.940
572,1133,1147,1135,1149,2026-07-06 19:25:00,2026-07-07 01:16:41,4162.099,4135.802,4176.293,4133.711,14.193999999999505,0.01,14.193999999999503,27.1,4852.39,tp 4135.937
573,1132,1148,1134,1150,2026-07-06 19:20:00,2026-07-07 01:22:12,4161.241,4133.702,4176.293,4131.137,15.05199999999968,0.01,15.05199999999968,28.4,4880.79,tp 4133.711
574,1130,1149,1132,1151,2026-07-06 19:10:01,2026-07-07 01:22:56,4160.959,4132.67,4176.293,4129.964,15.333999999999833,0.01,15.333999999999834,29.08,4909.87,tp 4132.673
575,1131,1150,1133,1152,2026-07-06 19:15:00,2026-07-07 01:27:07,4159.293,4131.051,4176.293,4125.293,17.0,0.01,17.0,30.19,4940.0599999999995,tp 4131.137
576,1139,1151,1141,1153,2026-07-06 19:55:00,2026-07-07 01:27:09,4163.798,4129.86,4169.302,4152.319,5.503999999999905,0.04,22.01599999999962,31.1,4971.160000000001,tp 4129.964
577,1154,1152,1156,1154,2026-07-07 11:40:00,2026-07-07 03:48:55,4145.524,4125.242,4167.628,4101.316,22.10399999999936,0.01,22.10399999999936,34.05,5005.21,tp 4125.293
578,1156,1153,1158,1155,2026-07-07 16:10:00,2026-07-07 05:40:20,4140.372,4117.109,4162.825,4095.466,22.45299999999952,0.01,22.45299999999952,38.15,5043.36,tp 4117.136
579,1157,1155,1159,1157,2026-07-07 16:15:00,2026-07-07 12:09:42,4141.071,4167.654,4162.825,4097.731,21.753999999999905,0.01,21.753999999999905,-22.13,5021.23,sl 4167.628
580,1173,1185,1175,1187,2026-07-07 17:35:00,2026-07-07 18:30:46,4145.875,4139.097,4149.27,4139.085,3.3950000000004366,0.07,23.76500000000306,48.57,5069.799999999999,tp 4139.350
581,1172,1186,1174,1188,2026-07-07 17:30:00,2026-07-07 18:30:46,4145.977,4139.043,4149.459,4139.013,3.481999999999971,0.07,24.3739999999998,47.83,5117.63,tp 4139.085
582,1171,1187,1173,1189,2026-07-07 17:25:00,2026-07-07 18:30:46,4145.18,4138.965,4153.948,4127.851,8.768000000000029,0.02,17.536000000000058,49.08,5166.71,tp 4139.013
583,1175,1188,1177,1190,2026-07-07 17:45:00,2026-07-07 18:32:49,4146.883,4138.726,4151.752,4137.145,4.869000000000597,0.05,24.345000000002983,44.75,5211.46,tp 4138.779
584,1177,1189,1179,1191,2026-07-07 17:55:00,2026-07-07 18:33:15,4143.713,4137.862,4146.934,4137.271,3.2210000000004584,0.07,22.547000000003212,47.05,5258.51,tp 4138.025
585,1176,1190,1178,1192,2026-07-07 17:50:00,2026-07-07 18:33:21,4145.119,4137.147,4148.289,4138.779,3.1700000000000728,0.07,22.190000000000513,45.96,5304.47,tp 4137.271
586,1174,1191,1176,1193,2026-07-07 17:40:00,2026-07-07 18:33:39,4146.036,4137.097,4149.379,4139.35,3.342999999999847,0.07,23.400999999998934,48.93,5353.400000000001,tp 4137.145
587,1182,1192,1184,1194,2026-07-07 18:20:00,2026-07-07 18:33:39,4141.759,4136.649,4144.882,4135.513,3.1229999999995925,0.08,24.98399999999674,49.6,5403.0,tp 4136.791
588,1158,1194,1160,1196,2026-07-07 16:20:00,2026-07-07 18:36:43,4144.186,4141.24,4162.825,4106.407,18.639000000000124,0.01,18.639000000000124,-0.87,5402.13,sl 4141.035
589,1183,1197,1185,1199,2026-07-07 18:25:00,2026-07-07 18:49:14,4142.849,4135.549,4145.956,4136.791,3.106999999999971,0.08,24.855999999999767,50.59,5452.72,tp 4135.564
590,1181,1198,1183,1200,2026-07-07 18:15:00,2026-07-07 18:49:16,4142.158,4135.472,4146.332,4133.81,4.173999999999978,0.06,25.043999999999865,50.29,5503.01,tp 4135.513
591,1195,1199,1197,1201,2026-07-07 18:40:00,2026-07-07 18:49:16,4141.449,4135.159,4144.682,4134.983,3.2330000000001746,0.08,25.864000000001397,53.67,5556.68,tp 4135.210
592,1159,1200,1161,1202,2026-07-07 16:25:00,2026-07-07 18:49:17,4144.868,4134.98,4162.825,4108.462,17.956999999999425,0.01,17.956999999999425,51.75,5608.43,tp 4134.983
593,1178,1201,1180,1203,2026-07-07 18:00:00,2026-07-07 18:49:17,4144.583,4134.752,4147.712,4138.025,3.129000000000815,0.07,21.903000000005708,46.32,5654.75,tp 4134.752
594,1180,1202,1182,1204,2026-07-07 18:10:00,2026-07-07 18:49:19,4141.852,4133.716,4146.332,4132.892,4.480000000000473,0.05,22.400000000002365,50.65,5705.4,tp 4133.810
595,1179,1203,1181,1205,2026-07-07 18:05:00,2026-07-07 18:49:21,4142.472,4132.872,4146.332,4134.752,3.860000000000582,0.06,23.160000000003492,44.9,5750.299999999999,tp 4132.892
596,1166,1205,1168,1207,2026-07-07 17:00:00,2026-07-07 18:51:19,4145.172,4129.365,4162.825,4109.365,17.653000000000247,0.01,17.653000000000247,49.35,5799.650000000001,tp 4129.555
597,1167,1206,1169,1208,2026-07-07 17:05:00,2026-07-07 18:51:19,4145.817,4129.23,4153.948,4129.555,8.131000000000313,0.03,24.39300000000094,48.94,5848.589999999999,tp 4129.243
598,1170,1207,1172,1209,2026-07-07 17:20:00,2026-07-07 18:51:24,4143.071,4127.842,4153.948,4120.294,10.877000000000407,0.02,21.754000000000815,34.68,5883.27,tp 4127.851
599,1193,1208,1195,1210,2026-07-07 18:35:00,2026-07-07 18:53:02,4138.769,4126.986,4144.647,4127.013,5.877999999999702,0.04,23.511999999998807,47.14,5930.410000000001,tp 4127.013
600,1160,1210,1162,1212,2026-07-07 16:30:00,2026-07-07 18:56:14,4145.786,4130.212,4162.825,4112.215,17.03899999999976,0.01,17.03899999999976,10.86,5941.2699999999995,sl 4130.189
601,1168,1212,1170,1214,2026-07-07 17:10:00,2026-07-07 19:01:06,4145.544,4120.742,4153.948,4129.243,8.404000000000451,0.03,25.21200000000135,44.72,5985.990000000001,tp 4120.789
602,1169,1213,1171,1215,2026-07-07 17:15:00,2026-07-07 19:01:06,4143.1,4120.242,4153.948,4120.789,10.847999999999956,0.02,21.695999999999913,45.66,6031.65,tp 4120.294
603,1196,1215,1198,1217,2026-07-07 18:45:00,2026-07-07 19:07:15,4141.868,4114.297,4145.197,4135.21,3.3289999999997235,0.08,26.63199999999779,41.13,6072.78,tp 4114.339
604,1161,1216,1163,1218,2026-07-07 16:35:00,2026-07-07 19:07:16,4143.313,4112.189,4162.825,4104.289,19.511999999999716,0.01,19.511999999999716,33.6,6106.38,tp 4112.215
605,1165,1217,1167,1219,2026-07-07 16:55:00,2026-07-07 19:07:57,4144.704,4109.358,4162.825,4108.129,18.121000000000095,0.01,18.121000000000095,35.81,6142.1900000000005,tp 4109.365
606,1162,1218,1164,1220,2026-07-07 16:40:00,2026-07-07 19:07:57,4144.287,4108.431,4162.825,4107.211,18.537999999999556,0.01,18.537999999999556,36.44,6178.629999999999,tp 4108.462
607,1163,1220,1165,1222,2026-07-07 16:45:00,2026-07-07 19:10:35,4143.44,4107.893,4162.825,4104.349,19.38500000000022,0.01,19.38500000000022,36.63,6215.26,tp 4107.901
608,1164,1221,1166,1223,2026-07-07 16:50:00,2026-07-07 19:10:35,4144.517,4107.893,4162.825,4107.901,18.307999999999993,0.01,18.307999999999993,36.81,6252.070000000001,tp 4108.129
609,1184,1222,1186,1224,2026-07-07 18:30:00,2026-07-07 19:11:20,4141.873,4107.16,4144.75,4135.564,2.8770000000004075,0.08,23.01600000000326,37.13,6289.2,tp 4107.211
610,1204,1223,1206,1225,2026-07-07 18:50:00,2026-07-07 19:11:23,4134.859,4106.354,4145.197,4114.339,10.337999999999738,0.02,20.675999999999476,37.84,6327.04,tp 4106.407
611,1209,1224,1211,1226,2026-07-07 18:55:00,2026-07-07 19:11:52,4127.286,4104.305,4145.197,4091.014,17.911000000000058,0.01,17.911000000000058,39.13,6366.17,tp 4104.349
612,1211,1225,1213,1227,2026-07-07 19:00:00,2026-07-07 19:12:20,4126.797,4104.138,4140.051,4100.829,13.254000000000815,0.02,26.50800000000163,39.17,6405.34,tp 4104.289
613,1214,1226,1216,1228,2026-07-07 19:05:00,2026-07-07 19:15:40,4121.911,4100.13,4140.051,4085.481,18.140000000000327,0.01,18.140000000000327,53.33,6458.67,tp 4100.829
614,1219,1227,1221,1229,2026-07-07 19:10:00,2026-07-08 08:17:57,4111.234,4090.853,4140.051,4053.783,28.817000000000007,0.01,28.81700000000001,36.44,6495.11,tp 4091.014
615,1230,1228,1232,1230,2026-07-09 13:00:00,2026-07-08 08:18:07,4107.934,4085.2,4078.186,4167.586,29.748000000000047,0.01,29.748000000000047,36.71,6531.82,tp 4085.481
616,1232,1229,1234,1231,2026-07-14 12:35:00,2026-07-08 08:58:48,4095.959,4053.366,4110.149,4068.032,14.19000000000051,0.02,28.380000000001022,57.86,6589.679999999999,tp 4053.783
617,1234,1231,1236,1233,2026-07-15 14:30:00,2026-07-10 14:33:06,4058.625,4078.011,4068.391,4039.093,9.766000000000076,0.03,29.29800000000023,-29.92,6559.22,sl 4078.186
618,1235,1233,1237,1235,2026-07-15 14:35:00,2026-07-14 13:01:53,4062.149,4083.524,4071.936,4042.26,9.787000000000262,0.03,29.361000000000786,24.87,6584.09,sl 4083.450
619,1236,1245,1238,1247,2026-07-15 14:40:00,2026-07-15 15:20:32,4062.192,4042.953,4071.425,4042.979,9.233000000000175,0.03,27.699000000000524,57.72,6641.81,tp 4042.979
620,1237,1246,1239,1248,2026-07-15 14:45:00,2026-07-15 15:20:33,4057.382,4042.197,4066.771,4038.736,9.389000000000124,0.03,28.16700000000037,59.86,6701.67,tp 4042.260
621,1241,1247,1243,1249,2026-07-15 15:05:00,2026-07-15 15:20:33,4059.239,4041.747,4068.627,4040.463,9.38799999999992,0.03,28.16399999999976,64.59,6766.26,tp 4041.896
622,1239,1248,1241,1250,2026-07-15 14:55:00,2026-07-15 15:20:36,4055.954,4041.23,4065.674,4036.823,9.7199999999998,0.03,29.159999999999396,57.9,6824.16,tp 4041.269
623,1238,1249,1240,1251,2026-07-15 14:50:00,2026-07-15 15:20:37,4059.824,4040.938,4069.195,4041.082,9.371000000000095,0.03,28.113000000000284,56.66,6880.82,tp 4041.082
624,1240,1250,1242,1252,2026-07-15 15:00:00,2026-07-15 15:22:13,4060.529,4040.336,4069.901,4041.269,9.371999999999844,0.03,28.11599999999953,56.71,6937.53,tp 4040.463
625,1242,1252,1244,1254,2026-07-15 15:10:00,2026-07-15 15:29:30,4054.666,4049.937,4061.051,4041.896,6.3849999999997635,0.05,31.92499999999882,26.07,6963.599999999999,sl 4049.901
626,1243,1261,1245,1263,2026-07-15 15:15:00,2026-07-15 16:10:57,4044.285,4038.734,4056.202,4020.016,11.917000000000371,0.02,23.834000000000742,55.95,7019.55,tp 4038.736
627,1256,1263,1258,1265,2026-07-15 15:45:00,2026-07-15 16:17:06,4049.378,4037.099,4056.531,4035.204,7.152999999999793,0.04,28.61199999999917,66.28,7085.83,tp 4037.148
628,1244,1264,1246,1266,2026-07-15 15:20:00,2026-07-15 16:17:08,4045.793,4036.774,4056.202,4025.332,10.409000000000106,0.03,31.227000000000317,57.54,7143.37,tp 4036.823
629,1255,1265,1257,1267,2026-07-15 15:40:00,2026-07-15 16:19:46,4048.609,4035.153,4056.202,4033.27,7.593000000000302,0.04,30.372000000001208,56.9,7200.2699999999995,tp 4035.204
630,1253,1266,1255,1268,2026-07-15 15:30:00,2026-07-15 16:19:47,4049.277,4033.338,4056.673,4033.372,7.395999999999731,0.04,29.583999999998923,63.76,7264.030000000001,tp 4033.372
631,1254,1267,1256,1269,2026-07-15 15:35:00,2026-07-15 16:19:47,4048.153,4033.219,4056.202,4032.586,8.049000000000433,0.04,32.19600000000173,61.56,7325.59,tp 4033.270
632,1251,1271,1253,1273,2026-07-15 15:25:00,2026-07-15 16:34:39,4044.94,4032.573,4056.202,4022.416,11.262000000000171,0.03,33.78600000000051,62.32,7387.91,tp 4032.586
633,1257,1273,1259,1275,2026-07-15 15:55:00,2026-07-15 16:35:15,4050.356,4028.169,4056.96,4037.148,6.6039999999998145,0.05,33.01999999999907,56.1,7444.01,tp 4028.209
634,1258,1281,1260,1283,2026-07-15 16:00:00,2026-07-15 17:35:23,4046.871,4056.261,4056.202,4028.209,9.331000000000131,0.03,27.99300000000039,-23.95,7420.06,sl 4056.202
635,1259,1282,1261,1284,2026-07-15 16:05:00,2026-07-15 17:35:23,4043.555,4056.261,4056.202,4018.261,12.64700000000039,0.02,25.29400000000078,-31.4,7388.660000000001,sl 4056.202
636,1260,1283,1262,1285,2026-07-15 16:10:00,2026-07-15 17:35:23,4042.223,4056.261,4056.241,4014.04,14.018000000000029,0.02,28.03600000000006,-33.96,7354.7,sl 4056.202
637,1262,1284,1264,1286,2026-07-15 16:15:00,2026-07-15 17:35:23,4038.265,4056.261,4056.241,4002.655,17.976000000000113,0.02,35.952000000000226,-25.41,7329.29,sl 4056.202
638,1268,1285,1270,1287,2026-07-15 16:20:00,2026-07-15 17:35:23,4034.041,4056.261,4056.241,3989.488,22.199999999999818,0.01,22.199999999999818,-28.07,7301.22,sl 4056.241
639,1269,1286,1271,1288,2026-07-15 16:25:00,2026-07-15 17:35:23,4035.745,4056.261,4056.241,3994.753,20.496000000000095,0.01,20.496000000000095,-35.99,7265.2300000000005,sl 4056.241
640,1270,1287,1272,1289,2026-07-15 16:30:00,2026-07-15 17:35:23,4034.905,4056.261,4056.241,3992.077,21.335999999999785,0.01,21.335999999999785,-22.22,7243.009999999999,sl 4056.241
641,1272,1288,1274,1290,2026-07-15 16:35:00,2026-07-15 17:35:23,4031.04,4056.261,4058.578,3975.964,27.53800000000001,0.01,27.53800000000001,-20.51,7222.5,sl 4056.241
642,1274,1289,1276,1291,2026-07-15 16:40:00,2026-07-15 17:35:23,4030.192,4056.261,4058.578,3974.113,28.385999999999967,0.01,28.385999999999967,-21.35,7201.15,sl 4056.241
643,1275,1290,1277,1292,2026-07-15 16:45:00,2026-07-15 17:35:47,4028.47,4058.768,4058.578,3968.728,30.108000000000175,0.01,30.108000000000175,-27.73,7173.42,sl 4058.578
644,1276,1291,1278,1293,2026-07-15 16:50:00,2026-07-15 17:35:47,4035.262,4058.768,4058.578,3989.14,23.315999999999804,0.01,23.315999999999804,-28.58,7144.84,sl 4058.578
645,1277,1292,1279,1294,2026-07-15 16:55:00,2026-07-15 17:35:47,4034.001,4058.768,4058.578,3984.847,24.57699999999977,0.01,24.57699999999977,-30.3,7114.54,sl 4058.578
646,1278,1293,1280,1295,2026-07-15 17:00:00,2026-07-15 17:35:47,4034.102,4058.768,4058.578,3983.764,24.476000000000113,0.01,24.476000000000113,-23.51,7091.03,sl 4058.578
647,1279,1294,1281,1296,2026-07-15 17:05:00,2026-07-15 17:35:47,4037.433,4058.768,4062.03,3988.92,24.597000000000207,0.01,24.597000000000207,-24.77,7066.259999999999,sl 4058.578
648,1280,1295,1282,1297,2026-07-15 17:10:00,2026-07-15 17:35:47,4036.772,4058.768,4062.03,3986.256,25.258000000000266,0.01,25.258000000000262,-24.67,7041.59,sl 4058.578
649,1298,1296,1300,1298,2026-07-17 17:15:00,2026-07-15 17:43:55,4013.528,4062.199,3987.852,4064.88,25.67599999999993,0.01,25.67599999999993,-24.77,7016.82,sl 4062.030
650,1299,1297,1301,1299,2026-07-17 17:55:01,2026-07-15 17:43:55,4009.744,4062.199,3987.852,4053.528,21.89200000000028,0.01,21.89200000000028,-25.43,6991.389999999999,sl 4062.030
651,1300,1305,1302,1307,2026-07-17 18:15:01,2026-07-17 20:19:03,4010.641,4010.091,3979.136,4073.651,31.50500000000011,0.01,31.50500000000011,-3.44,6987.950000000001,sl 4010.110
652,1301,1306,1303,1308,2026-07-17 18:35:00,2026-07-19 22:04:42,4013.471,3995.932,3979.687,4080.889,33.784000000000106,0.01,33.784000000000106,-29.27,6957.0599999999995,sl 3996.035
653,1302,1307,1304,1309,2026-07-17 19:10:00,2026-07-19 22:04:42,4005.69,3995.932,3996.035,4025.0,9.6550000000002,0.03,28.9650000000006,-29.09,6926.35,sl 3996.035
654,1303,1308,1305,1310,2026-07-17 19:30:00,2026-07-19 22:04:42,4005.63,3995.932,3996.035,4024.364,9.595000000000255,0.03,28.785000000000764,-32.12,6892.610000000001,sl 3996.035
655,1304,1309,1306,1311,2026-07-17 19:35:00,2026-07-20 00:01:01,4006.639,3987.826,3996.035,4027.847,10.60400000000027,0.03,31.812000000000808,-21.91,6870.16,sl 3987.852
656,1310,1313,1312,1315,2026-07-20 07:05:00,2026-07-20 07:48:52,4005.598,4016.374,3993.611,4029.572,11.98700000000008,0.02,23.97400000000016,5.73,6875.349999999999,sl 4016.468
657,1311,1315,1313,1317,2026-07-20 07:20:00,2026-07-20 08:03:54,4003.946,4024.682,3993.611,4024.616,10.335000000000036,0.03,31.00500000000011,62.21,6937.56,tp 4024.616
658,1312,1317,1314,1319,2026-07-20 07:25:00,2026-07-20 08:24:55,4008.605,4029.737,3993.611,4038.593,14.994000000000142,0.02,29.988000000000287,48.27,6985.830000000001,tp 4029.572
659,1320,1323,1322,1325,2026-07-20 09:55:00,2026-07-20 11:30:38,4020.737,4036.289,4012.667,4036.877,8.070000000000164,0.04,32.280000000000655,63.56,7049.39,tp 4035.716
660,1314,1324,1316,1326,2026-07-20 07:50:00,2026-07-20 11:31:18,4017.906,4027.391,3992.084,4069.55,25.822000000000116,0.01,25.822000000000116,13.92,7062.77,sl 4027.453
661,1319,1325,1321,1327,2026-07-20 09:20:00,2026-07-20 11:34:15,4019.463,4036.979,4010.693,4037.621,8.769999999999982,0.03,26.309999999999945,64.97,7127.740000000001,tp 4036.877
662,1318,1326,1320,1328,2026-07-20 08:45:00,2026-07-20 11:34:17,4022.07,4037.664,4010.693,4044.557,11.376999999999953,0.03,34.13099999999986,54.6,7182.34,tp 4037.621
663,1316,1327,1318,1329,2026-07-20 08:15:00,2026-07-20 11:34:19,4024.292,4038.606,3992.614,4087.291,31.677999999999884,0.01,31.677999999999884,60.0,7242.34,tp 4038.593
664,1321,1328,1323,1330,2026-07-20 10:05:00,2026-07-20 12:15:27,4020.401,4010.494,4012.667,4035.716,7.733999999999924,0.04,30.935999999999698,-34.73,7207.610000000001,sl 4010.693
665,1332,1329,1334,1331,2026-07-22 17:10:00,2026-07-20 12:24:48,4144.534,4007.525,4111.497,4211.088,33.03699999999935,0.01,33.03699999999935,-29.05,7178.5599999999995,sl 4007.543
666,1333,1330,1335,1332,2026-07-22 17:30:00,2026-07-21 06:11:17,4145.974,4069.554,4111.497,4215.834,34.47699999999986,0.01,34.47699999999986,51.64,7229.660000000001,tp 4069.550
667,1334,1331,1336,1333,2026-07-22 17:40:00,2026-07-21 18:27:07,4139.325,4087.492,4111.497,4195.134,27.82799999999952,0.01,27.82799999999952,63.2,7292.32,tp 4087.291
668,1337,1341,1339,1343,2026-07-22 18:25:00,2026-07-22 22:00:48,4137.075,4117.8,4117.429,4176.367,19.64599999999973,0.01,19.64599999999973,-55.16,7237.16,sl 4126.239
669,1338,1342,1340,1344,2026-07-22 18:45:00,2026-07-22 22:00:48,4136.188,4117.8,4126.239,4156.086,9.949000000000524,0.03,29.84700000000157,-59.57,7177.59,sl 4126.239
670,1339,1343,1341,1345,2026-07-22 18:55:00,2026-07-22 22:00:48,4137.656,4117.8,4126.239,4160.49,11.417000000000371,0.03,34.25100000000111,-69.79,7107.8,sl 4126.239
671,1335,1344,1337,1346,2026-07-22 17:55:00,2026-07-22 22:00:49,4142.381,4117.386,4117.429,4193.173,24.952000000000226,0.01,24.952000000000226,-24.99,7082.81,sl 4117.429
672,1336,1345,1338,1347,2026-07-22 18:00:00,2026-07-22 22:00:49,4142.822,4117.386,4117.429,4193.068,25.39300000000003,0.01,25.393000000000033,-25.43,7057.38,sl 4117.429
673,1340,1346,1342,1348,2026-07-22 19:50:00,2026-07-22 22:00:49,4135.248,4117.386,4126.239,4153.116,9.009000000000015,0.04,36.03600000000006,-19.69,7037.6900000000005,sl 4117.429
674,1350,1347,1352,1349,2026-07-29 09:10:00,2026-07-23 07:07:41,4037.761,4111.465,4033.345,4046.593,4.416000000000167,0.07,30.91200000000117,-33.06,7003.009999999999,sl 4111.497
675,1351,1348,1353,1350,2026-07-29 09:15:00,2026-07-23 07:07:41,4036.476,4111.465,4032.102,4045.515,4.374000000000251,0.07,30.61800000000176,-34.5,6966.89,sl 4111.497
676,1352,1349,1354,1351,2026-07-29 09:20:00,2026-07-23 07:07:41,4037.212,4111.465,4032.838,4045.96,4.373999999999796,0.07,30.617999999998574,-27.86,6937.410000000001,sl 4111.497
677,1356,1353,1358,1355,2026-07-30 15:40:00,2026-07-29 09:30:31,4099.351,4033.322,4089.538,4118.344,9.812999999999647,0.03,29.438999999998938,-31.08,6906.33,sl 4033.345
678,1358,1354,1360,1356,2026-07-30 18:00:00,2026-07-29 09:30:32,4102.819,4032.584,4109.799,4088.337,6.979999999999563,0.04,27.91999999999825,-32.39,6873.94,sl 4032.838
679,1359,1355,1361,1357,2026-07-30 18:40:00,2026-07-29 09:30:34,4104.651,4032.03,4079.856,4154.619,24.794999999999618,0.01,24.794999999999618,-31.12,6842.82,sl 4032.102
680,1360,1357,1362,1359,2026-07-30 18:45:00,2026-07-30 16:24:13,4105.169,4118.356,4079.856,4155.795,25.312999999999647,0.01,25.312999999999647,57.02,6899.84,tp 4118.344
681,1364,1361,1366,1363,2026-08-03 13:25:00,2026-07-30 19:17:21,4034.245,4109.807,4024.963,4054.051,9.281999999999698,0.03,27.845999999999094,-27.95,6871.89,sl 4109.799
682,1366,1362,1368,1364,2026-08-04 09:35:00,2026-07-31 02:41:42,4049.806,4079.838,4034.621,4080.176,15.184999999999945,0.02,30.36999999999989,-24.81,6846.54,sl 4079.856
683,1367,1363,1369,1365,2026-08-04 10:10:00,2026-07-31 02:41:42,4047.463,4079.838,4033.13,4076.129,14.333000000000084,0.02,28.666000000000167,-25.33,6820.67,sl 4079.856
684,1368,1365,1370,1367,2026-08-04 10:15:00,2026-08-03 13:38:07,4049.016,4024.916,4033.13,4080.788,15.885999999999967,0.02,31.771999999999935,-27.99,6792.68,sl 4024.963
685,1369,1370,1371,1372,2026-08-04 11:30:00,2026-08-04 11:42:46,4061.034,4059.737,4029.475,4124.005,31.559000000000196,0.01,31.559000000000196,19.86,6812.54,sl 4059.989
686,1373,1371,1375,1373,2026-08-04 18:00:00,2026-08-04 11:48:01,4086.263,4076.183,4055.758,4147.477,30.50500000000011,0.01,30.50500000000011,57.44,6869.98,tp 4076.129
687,1374,1372,1376,1374,2026-08-04 18:25:00,2026-08-04 11:51:44,4087.131,4081.115,4055.758,4149.91,31.373000000000047,0.01,31.373000000000044,64.2,6934.179999999999,tp 4080.788
688,1375,1380,1377,1382,2026-08-04 18:40:00,2026-08-05 02:18:35,4079.171,4095.733,4055.711,4126.091,23.460000000000036,0.01,23.460000000000036,34.7,6968.34,sl 4095.915
689,1376,1381,1378,1383,2026-08-04 18:50:00,2026-08-05 02:41:42,4079.773,4126.11,4055.711,4128.365,24.062000000000353,0.01,24.062000000000353,46.94,7014.74,tp 4126.091
690,1377,1382,1379,1384,2026-08-04 19:00:00,2026-08-05 02:41:45,4080.041,4126.895,4056.489,4126.776,23.552000000000135,0.01,23.552000000000135,46.86,7061.0599999999995,tp 4126.776
691,1378,1383,1380,1385,2026-08-04 19:10:00,2026-08-05 02:42:23,4084.038,4128.377,4056.489,4139.625,27.548999999999978,0.01,27.548999999999978,48.61,7109.13,tp 4128.365
692,1379,1384,1381,1386,2026-08-04 19:50:00,2026-08-05 04:07:44,4079.962,4139.506,4051.053,4139.481,28.909000000000106,0.01,28.909000000000106,59.55,7168.14,tp 4139.481
693,1388,1385,1390,1387,2026-08-10 07:10:00,2026-08-05 04:07:57,4354.087,4139.737,4327.374,4407.705,26.713000000000648,0.01,26.713000000000648,55.7,7223.3,tp 4139.625
694,1389,1386,1391,1388,2026-08-10 08:20:01,2026-08-05 05:35:19,4355.391,4147.518,4339.974,4386.225,15.416999999999462,0.02,30.833999999998923,61.26,7284.02,tp 4147.477
695,1390,1387,1392,1389,2026-08-10 08:55:00,2026-08-05 05:37:58,4346.653,4149.958,4340.313,4359.333,6.3400000000001455,0.05,31.700000000000728,62.83,7346.31,tp 4149.910
696,1391,1393,1393,1395,2026-08-10 09:15:00,2026-08-10 09:36:21,4349.849,4340.261,4338.344,4372.859,11.50500000000011,0.03,34.51500000000033,-31.96,7314.35,sl 4340.313
697,1392,1394,1394,1396,2026-08-10 09:25:00,2026-08-10 10:00:20,4348.032,4339.932,4338.344,4367.918,9.688000000000102,0.03,29.064000000000306,-30.92,7283.43,sl 4339.974
698,1398,1395,1400,1397,2026-08-11 14:30:00,2026-08-10 10:38:15,4384.669,4338.297,4371.188,4411.124,13.480999999999767,0.02,26.961999999999538,-34.66,7248.77,sl 4338.344
699,1399,1396,1401,1398,2026-08-11 14:45:00,2026-08-10 10:38:15,4393.633,4338.297,4380.604,4419.691,13.028999999999542,0.02,26.057999999999083,-29.21,7219.56,sl 4338.344
700,1402,1397,1404,1399,2026-08-11 15:35:00,2026-08-10 12:23:44,4378.312,4327.358,4367.892,4399.152,10.420000000000073,0.03,31.260000000000215,-26.73,7192.830000000001,sl 4327.374
701,1403,1400,1405,1402,2026-08-11 16:05:00,2026-08-11 15:18:36,4381.078,4385.075,4369.318,4404.598,11.760000000000218,0.03,35.280000000000655,0.81,7193.64,sl 4385.196
702,1404,1401,1406,1403,2026-08-11 16:35:00,2026-08-11 15:34:28,4382.507,4380.571,4373.219,4401.083,9.287999999999556,0.03,27.86399999999867,-26.13,7167.51,sl 4380.604
703,1405,1407,1407,1409,2026-08-11 17:10:00,2026-08-11 17:27:45,4384.693,4379.412,4379.412,4395.255,5.280999999999949,0.06,31.68599999999969,-31.69,7135.820000000001,sl 4379.412
704,1406,1408,1408,1410,2026-08-11 17:15:00,2026-08-11 17:34:48,4381.28,4376.021,4376.036,4391.972,5.243999999999687,0.06,31.463999999998123,-31.55,7104.2699999999995,sl 4376.036
705,1409,1410,1411,1412,2026-08-11 17:35:00,2026-08-11 17:54:32,4377.106,4373.197,4371.312,4388.694,5.793999999999869,0.06,34.763999999999214,-27.93,7076.34,sl 4373.219
706,1414,1411,1416,1413,2026-08-12 07:05:00,2026-08-11 17:57:03,4401.564,4371.146,4388.754,4426.602,12.8100000000004,0.02,25.620000000000804,-35.76,7040.58,sl 4371.312
707,1415,1412,1417,1414,2026-08-12 07:10:00,2026-08-11 17:57:20,4402.467,4369.315,4381.043,4444.991,21.423999999999978,0.01,21.423999999999978,-35.28,7005.3,sl 4369.318
708,1416,1413,1418,1415,2026-08-12 07:15:00,2026-08-11 18:00:04,4401.708,4367.875,4381.043,4443.437,20.664999999999964,0.01,20.664999999999964,-31.31,6973.99,sl 4367.892
709,1417,1420,1419,1422,2026-08-12 07:40:00,2026-08-12 09:27:42,4407.602,4416.307,4381.562,4459.34,26.039999999999964,0.01,26.039999999999964,29.48,7003.469999999999,sl 4416.323
710,1418,1436,1420,1438,2026-08-12 07:50:00,2026-08-12 19:49:10,4408.999,4409.809,4381.562,4463.873,27.436999999999898,0.01,27.4369999999999,7.34,7010.81,sl 4409.919
711,1432,1438,1434,1440,2026-08-12 19:00:00,2026-08-12 22:05:12,4413.305,4404.489,4397.783,4444.673,15.521999999999935,0.02,31.043999999999873,-24.72,6986.09,sl 4404.546
712,1433,1439,1435,1441,2026-08-12 19:30:00,2026-08-12 22:05:12,4416.852,4404.489,4404.546,4441.464,12.305999999999585,0.02,24.61199999999917,-30.77,6955.32,sl 4404.546
713,1434,1440,1436,1442,2026-08-12 19:40:00,2026-08-12 22:05:12,4412.182,4404.489,4404.546,4427.454,7.6359999999995125,0.04,30.54399999999805,-35.7,6919.62,sl 4404.546
714,1437,1441,1439,1443,2026-08-12 19:55:00,2026-08-12 22:26:15,4411.435,4400.577,4400.582,4433.075,10.853000000000065,0.03,32.5590000000002,-32.58,6887.04,sl 4400.582
715,1427,1442,1429,1444,2026-08-12 18:05:00,2026-08-13 00:09:14,4398.973,4422.297,4385.267,4426.385,13.706000000000131,0.02,27.412000000000265,65.66,6946.23,tp 4422.281
716,1426,1443,1428,1445,2026-08-12 18:00:00,2026-08-13 00:16:30,4399.591,4426.506,4385.267,4428.59,14.324000000000524,0.02,28.64800000000105,55.06,6998.06,tp 4426.385
717,1425,1444,1427,1446,2026-08-12 17:35:00,2026-08-13 00:19:19,4410.343,4428.716,4385.267,4460.666,25.076000000000022,0.01,25.076000000000022,58.25,7053.080000000001,tp 4428.590
718,1429,1445,1431,1447,2026-08-12 18:25:00,2026-08-13 00:20:26,4410.82,4430.883,4397.783,4436.894,13.036999999999352,0.02,26.073999999998705,66.41,7114.639999999999,tp 4430.738
719,1428,1446,1430,1448,2026-08-12 18:15:00,2026-08-13 00:23:43,4405.882,4436.9,4397.783,4422.281,8.09899999999925,0.04,32.395999999997,52.16,7163.570000000001,tp 4436.894
720,1419,1447,1421,1449,2026-08-12 09:00:00,2026-08-13 00:26:12,4401.893,4431.306,4368.93,4467.63,32.96299999999974,0.01,32.96299999999974,29.6,7191.55,sl 4431.361
721,1431,1448,1433,1450,2026-08-12 18:45:00,2026-08-13 00:34:12,4413.942,4444.841,4397.783,4446.149,16.15899999999965,0.02,32.3179999999993,63.07,7251.39,tp 4444.673
722,1430,1449,1432,1451,2026-08-12 18:30:00,2026-08-13 00:34:12,4408.748,4446.366,4397.783,4430.738,10.964999999999236,0.03,32.89499999999771,64.85,7313.010000000001,tp 4446.149
723,1424,1450,1426,1452,2026-08-12 17:20:00,2026-08-13 05:46:40,4403.883,4385.019,4377.518,4456.217,26.36499999999978,0.01,26.36499999999978,-25.32,7286.070000000001,sl 4385.267
724,1421,1451,1423,1453,2026-08-12 16:55:00,2026-08-13 05:59:10,4405.471,4381.408,4377.518,4461.392,27.95299999999952,0.01,27.952999999999523,-26.19,7258.26,sl 4381.562
725,1422,1452,1424,1454,2026-08-12 17:10:00,2026-08-13 05:59:10,4406.504,4381.408,4377.518,4464.653,28.985999999999876,0.01,28.98599999999988,-27.59,7229.05,sl 4381.562
726,1423,1453,1425,1455,2026-08-12 17:15:00,2026-08-13 06:04:40,4403.922,4377.205,4377.518,4456.532,26.40399999999954,0.01,26.403999999999545,-28.26,7199.17,sl 4377.518
727,1435,1454,1437,1456,2026-08-12 19:45:00,2026-08-13 06:04:40,4413.415,4377.205,4404.546,4431.354,8.868999999999687,0.04,35.47599999999875,-29.29,7168.26,sl 4377.518
728,1458,1455,1460,1457,2026-08-13 09:55:00,2026-08-13 06:04:40,4380.343,4377.205,4407.57,4325.442,27.22699999999986,0.01,27.22699999999986,-26.71,7139.93,sl 4377.518
729,1459,1456,1461,1458,2026-08-13 10:00:00,2026-08-13 06:04:40,4384.472,4377.205,4407.57,4338.117,23.097999999999956,0.01,23.097999999999956,-26.67,7111.64,sl 4377.518
730,1460,1457,1462,1459,2026-08-13 10:05:00,2026-08-13 06:36:19,4384.709,4368.878,4407.57,4337.991,22.860999999999876,0.01,22.860999999999876,-33.01,7077.01,sl 4368.930
731,1461,1485,1463,1487,2026-08-13 10:10:00,2026-08-13 13:55:00,4383.868,4376.929,4407.57,4336.464,23.701999999999316,0.01,23.701999999999316,3.41,7080.42,sl 4376.886
732,1469,1486,1471,1488,2026-08-13 10:50:00,2026-08-13 16:14:40,4390.208,4354.2,4411.502,4347.62,21.29400000000078,0.01,21.29400000000078,38.28,7118.7,tp 4354.265
733,1467,1487,1469,1489,2026-08-13 10:40:00,2026-08-13 19:13:57,4388.385,4348.231,4411.502,4342.151,23.11700000000019,0.01,23.11700000000019,42.2,7160.9,tp 4348.271
734,1468,1488,1470,1490,2026-08-13 10:45:00,2026-08-13 19:14:05,4390.425,4347.585,4411.502,4348.271,21.077000000000226,0.01,21.077000000000226,42.62,7203.5199999999995,tp 4347.620
735,1472,1489,1474,1491,2026-08-13 11:10:00,2026-08-13 19:15:01,4390.455,4346.296,4417.913,4335.539,27.45799999999963,0.01,27.45799999999963,47.72,7251.240000000001,tp 4346.450
736,1464,1490,1466,1492,2026-08-13 10:25:01,2026-08-13 19:15:11,4384.571,4345.968,4407.57,4338.573,22.998999999999796,0.01,22.998999999999796,41.05,7292.29,tp 4346.064
737,1470,1491,1472,1493,2026-08-13 10:55:00,2026-08-13 19:15:12,4392.483,4344.698,4411.502,4354.265,19.019000000000233,0.01,19.019000000000233,44.55,7336.84,tp 4344.731
738,1473,1492,1475,1494,2026-08-13 11:15:00,2026-08-14 00:26:20,4394.018,4343.17,4417.913,4346.45,23.894999999999527,0.01,23.894999999999527,49.86,7386.7,tp 4343.270
739,1466,1493,1468,1495,2026-08-13 10:35:00,2026-08-14 00:26:20,4385.15,4341.669,4407.57,4340.31,22.420000000000073,0.01,22.420000000000073,46.72,7433.42,tp 4342.151
740,1474,1494,1476,1496,2026-08-13 11:20:00,2026-08-14 00:26:20,4393.032,4341.149,4417.913,4343.27,24.880999999999403,0.01,24.880999999999403,51.19,7484.61,tp 4341.197
741,1465,1495,1467,1497,2026-08-13 10:30:00,2026-08-14 00:26:20,4387.016,4340.204,4407.57,4346.064,20.554000000000087,0.01,20.554000000000087,44.95,7529.5599999999995,tp 4340.310
742,1462,1496,1464,1498,2026-08-13 10:15:00,2026-08-14 00:29:34,4381.705,4339.982,4407.57,4329.975,25.86499999999978,0.01,25.86499999999978,45.07,7574.63,tp 4340.010
743,1463,1497,1465,1499,2026-08-13 10:20:00,2026-08-14 00:30:08,4385.05,4338.554,4407.57,4340.01,22.519999999999527,0.01,22.519999999999527,46.02,7620.650000000001,tp 4338.573
744,1471,1498,1473,1500,2026-08-13 11:05:00,2026-08-14 00:30:10,4389.246,4338.028,4411.502,4344.731,22.256000000000313,0.01,22.256000000000313,46.44,7667.089999999999,tp 4338.117
745,1475,1499,1477,1501,2026-08-13 11:25:00,2026-08-14 00:30:12,4392.341,4337.947,4417.913,4341.197,25.571999999999207,0.01,25.571999999999207,46.76,7713.85,tp 4337.991
746,1480,1500,1482,1502,2026-08-13 12:05:00,2026-08-14 00:38:49,4387.008,4336.621,4417.913,4325.012,30.904999999999745,0.01,30.904999999999745,54.0,7767.85,tp 4336.712
747,1476,1501,1478,1503,2026-08-13 11:30:00,2026-08-14 00:38:51,4388.123,4336.441,4417.913,4328.759,29.789999999999964,0.01,29.789999999999967,47.43,7815.280000000001,tp 4336.464
748,1477,1502,1479,1504,2026-08-13 11:50:00,2026-08-14 00:39:45,4384.323,4335.518,4417.913,4317.782,33.589999999999236,0.01,33.589999999999236,54.94,7870.219999999999,tp 4335.539
749,1481,1503,1483,1505,2026-08-13 12:10:00,2026-08-14 00:48:55,4390.616,4330.109,4417.913,4336.712,27.29699999999957,0.01,27.29699999999957,58.93,7929.150000000001,tp 4331.303
750,1478,1504,1480,1506,2026-08-13 11:55:00,2026-08-14 00:48:55,4384.817,4329.89,4417.913,4317.86,33.09599999999955,0.01,33.09599999999955,51.82,7980.969999999999,tp 4329.975
751,1479,1505,1481,1507,2026-08-13 12:00:00,2026-08-14 01:09:28,4387.604,4328.53,4417.913,4326.893,30.308999999999287,0.01,30.308999999999287,59.59,8040.56,tp 4328.759
752,1482,1506,1484,1508,2026-08-13 12:15:00,2026-08-14 01:10:07,4389.043,4326.887,4417.913,4331.303,28.86999999999989,0.01,28.86999999999989,60.71,8101.27,tp 4326.893
753,1483,1507,1485,1509,2026-08-13 12:20:00,2026-08-14 01:10:52,4386.44,4324.983,4418.401,4322.59,31.96100000000024,0.01,31.96100000000024,62.03,8163.3,tp 4325.012
754,1484,1508,1486,1510,2026-08-13 12:25:00,2026-08-14 01:11:00,4385.76,4322.511,4418.401,4320.478,32.64099999999962,0.01,32.64099999999962,63.93,8227.23,tp 4322.590
755,1512,1509,1514,1511,2026-08-14 15:30:00,2026-08-14 01:18:31,4385.1,4320.42,4395.4,4364.263,10.299999999999272,0.04,41.19999999999709,65.34,8292.57,tp 4320.478
756,1513,1510,1515,1512,2026-08-14 15:35:00,2026-08-14 01:19:01,4387.434,4317.831,4397.926,4366.279,10.49200000000019,0.03,31.476000000000564,66.99,8359.56,tp 4317.860
757,1514,1511,1516,1513,2026-08-14 15:40:01,2026-08-14 01:24:20,4387.456,4317.738,4397.816,4366.736,10.359999999999673,0.04,41.43999999999869,66.58,8426.14,tp 4317.782
758,1515,1517,1517,1519,2026-08-14 15:55:00,2026-08-14 16:01:31,4390.456,4395.462,4400.182,4371.004,9.725999999999658,0.04,38.90399999999863,-41.45,8384.689999999999,sl 4395.400
759,1516,1521,1518,1523,2026-08-14 16:00:00,2026-08-14 18:45:28,4391.918,4372.793,4401.168,4372.875,9.25,0.04,37.0,76.5,8461.19,tp 4372.875
